ISO-10303-21;
HEADER;
/* Generated by software containing ST-Developer
 * from STEP Tools, Inc. (www.steptools.com) 
 */

FILE_DESCRIPTION(
/* description */ (''),
/* implementation_level */ '2;1');

FILE_NAME(
/* name */ 'igem.step',
/* time_stamp */ '2026-08-03T23:03:06+08:00',
/* author */ (''),
/* organization */ (''),
/* preprocessor_version */ 'ST-DEVELOPER v20.1',
/* originating_system */ 'Autodesk Translation Framework v15.8.0.0',
/* authorisation */ '');

FILE_SCHEMA (('AUTOMOTIVE_DESIGN { 1 0 10303 214 3 1 1 }'));
ENDSEC;

DATA;
#10=MECHANICAL_DESIGN_GEOMETRIC_PRESENTATION_REPRESENTATION('',(#61,#62,
#63,#64,#65,#66,#67,#68,#69,#70,#71,#72,#73),#5243);
#11=ITEM_DEFINED_TRANSFORMATION($,$,#3086,#3386);
#12=(
REPRESENTATION_RELATIONSHIP($,$,#5254,#5253)
REPRESENTATION_RELATIONSHIP_WITH_TRANSFORMATION(#11)
SHAPE_REPRESENTATION_RELATIONSHIP()
);
#13=CONTEXT_DEPENDENT_SHAPE_REPRESENTATION(#12,#5252);
#14=NEXT_ASSEMBLY_USAGE_OCCURRENCE('\X2\7535673A\X0\:1','\X2\7535673A\X0\:
1','\X2\7535673A\X0\:1',#5256,#5257,'\X2\7535673A\X0\:1');
#15=B_SPLINE_CURVE_WITH_KNOTS('',3,(#4941,#4942,#4943,#4944,#4945,#4946,
#4947,#4948,#4949,#4950,#4951),.UNSPECIFIED.,.F.,.F.,(4,2,3,2,4),(-0.143976752210595,
-0.098496794326643,0.,0.0984967943266429,0.143976752210591),
 .UNSPECIFIED.);
#16=B_SPLINE_CURVE_WITH_KNOTS('',3,(#4959,#4960,#4961,#4962,#4963,#4964,
#4965,#4966,#4967,#4968,#4969,#4970,#4971,#4972,#4973),.UNSPECIFIED.,.F.,
 .F.,(4,2,2,3,2,2,4),(-0.203797914783265,-0.197676233531636,-0.0988381167658179,
0.,0.098838116765818,0.197676233531636,0.20379791476762),.UNSPECIFIED.);
#17=B_SPLINE_CURVE_WITH_KNOTS('',3,(#4979,#4980,#4981,#4982,#4983,#4984,
#4985,#4986,#4987,#4988,#4989),.UNSPECIFIED.,.F.,.F.,(4,2,3,2,4),(-0.143976752210602,
-0.0984967943266433,0.,0.0984967943266432,0.143976752210601),
 .UNSPECIFIED.);
#18=B_SPLINE_CURVE_WITH_KNOTS('',3,(#4997,#4998,#4999,#5000,#5001,#5002,
#5003,#5004,#5005,#5006,#5007,#5008,#5009,#5010,#5011),.UNSPECIFIED.,.F.,
 .F.,(4,2,2,3,2,2,4),(-0.203797914783272,-0.197676233531633,-0.0988381167658166,
0.,0.0988381167658182,0.197676233531636,0.203797914767629),
 .UNSPECIFIED.);
#19=B_SPLINE_CURVE_WITH_KNOTS('',3,(#5017,#5018,#5019,#5020,#5021,#5022,
#5023,#5024,#5025,#5026,#5027),.UNSPECIFIED.,.F.,.F.,(4,2,3,2,4),(-0.143976752210613,
-0.0984967943266437,0.,0.0984967943266438,0.14397675221061),
 .UNSPECIFIED.);
#20=B_SPLINE_CURVE_WITH_KNOTS('',3,(#5035,#5036,#5037,#5038,#5039,#5040,
#5041,#5042,#5043,#5044,#5045,#5046,#5047,#5048,#5049),.UNSPECIFIED.,.F.,
 .F.,(4,2,2,3,2,2,4),(-0.203797914783283,-0.197676233531635,-0.0988381167658174,
0.,0.0988381167658174,0.197676233531635,0.203797914767637),
 .UNSPECIFIED.);
#21=B_SPLINE_CURVE_WITH_KNOTS('',3,(#5055,#5056,#5057,#5058,#5059,#5060,
#5061,#5062,#5063,#5064,#5065),.UNSPECIFIED.,.F.,.F.,(4,2,3,2,4),(-0.1439767522106,
-0.098496794326643,0.,0.0984967943266429,0.143976752210595),
 .UNSPECIFIED.);
#22=B_SPLINE_CURVE_WITH_KNOTS('',3,(#5073,#5074,#5075,#5076,#5077,#5078,
#5079,#5080,#5081,#5082,#5083,#5084,#5085,#5086,#5087),.UNSPECIFIED.,.F.,
 .F.,(4,2,2,3,2,2,4),(-0.203797914783273,-0.197676233531636,-0.0988381167658179,
0.,0.098838116765818,0.197676233531636,0.203797914767627),.UNSPECIFIED.);
#23=CONICAL_SURFACE('',#3244,72.5,0.463647609000806);
#24=ELLIPSE('',#3170,4.24264068711928,3.);
#25=ELLIPSE('',#3177,4.24264068711929,3.);
#26=ELLIPSE('',#3202,4.24264068711929,3.);
#27=ELLIPSE('',#3204,4.24264068711929,3.);
#28=ELLIPSE('',#3328,2.60001302185781,2.60000000000002);
#29=ELLIPSE('',#3329,2.60001302185781,2.60000000000002);
#30=ELLIPSE('',#3330,2.60001302185781,2.60000000000002);
#31=ELLIPSE('',#3331,2.60001302185781,2.60000000000002);
#32=ELLIPSE('',#3333,2.60001302185778,2.59999999999999);
#33=ELLIPSE('',#3334,2.60001302185778,2.59999999999999);
#34=ELLIPSE('',#3335,2.60001302185778,2.59999999999999);
#35=ELLIPSE('',#3336,2.60001302185778,2.59999999999999);
#36=ELLIPSE('',#3338,2.60001302185781,2.60000000000002);
#37=ELLIPSE('',#3339,2.60001302185781,2.60000000000002);
#38=ELLIPSE('',#3340,2.60001302185781,2.60000000000002);
#39=ELLIPSE('',#3341,2.60001302185781,2.60000000000002);
#40=ELLIPSE('',#3343,2.60001302185781,2.60000000000002);
#41=ELLIPSE('',#3344,2.60001302185781,2.60000000000002);
#42=ELLIPSE('',#3345,2.60001302185781,2.60000000000002);
#43=ELLIPSE('',#3346,2.60001302185781,2.60000000000002);
#44=ELLIPSE('',#3354,7.07106781186547,5.);
#45=ELLIPSE('',#3355,7.07106781186548,5.);
#46=ELLIPSE('',#3357,7.07106781186546,5.);
#47=ELLIPSE('',#3359,7.07106781186559,5.);
#48=ELLIPSE('',#3361,7.0710678485149,5.);
#49=ELLIPSE('',#3363,7.07106777521607,5.);
#50=SPHERICAL_SURFACE('',#3166,3.);
#51=SPHERICAL_SURFACE('',#3171,3.);
#52=SPHERICAL_SURFACE('',#3181,3.);
#53=SPHERICAL_SURFACE('',#3189,3.);
#54=SPHERICAL_SURFACE('',#3197,3.);
#55=SPHERICAL_SURFACE('',#3205,3.00000000000001);
#56=SPHERICAL_SURFACE('',#3210,3.00000000000001);
#57=SHAPE_REPRESENTATION_RELATIONSHIP('SRR','None',#5254,#59);
#58=SHAPE_REPRESENTATION_RELATIONSHIP('SRR','None',#5253,#60);
#59=ADVANCED_BREP_SHAPE_REPRESENTATION('',(#74),#5242);
#60=ADVANCED_BREP_SHAPE_REPRESENTATION('',(#75,#76,#77,#78,#79,#80,#81,
#82,#83,#84,#85,#86),#5241);
#61=STYLED_ITEM('',(#5267),#74);
#62=STYLED_ITEM('',(#5268),#75);
#63=STYLED_ITEM('',(#5267),#76);
#64=STYLED_ITEM('',(#5267),#77);
#65=STYLED_ITEM('',(#5267),#78);
#66=STYLED_ITEM('',(#5267),#79);
#67=STYLED_ITEM('',(#5267),#80);
#68=STYLED_ITEM('',(#5267),#81);
#69=STYLED_ITEM('',(#5267),#82);
#70=STYLED_ITEM('',(#5267),#83);
#71=STYLED_ITEM('',(#5267),#84);
#72=STYLED_ITEM('',(#5269),#85);
#73=STYLED_ITEM('',(#5267),#86);
#74=MANIFOLD_SOLID_BREP('\X2\5B9E4F53\X0\1',#3060);
#75=MANIFOLD_SOLID_BREP('\X2\7F504F53\X0\',#3061);
#76=MANIFOLD_SOLID_BREP('\X2\4E3B4F53\X0\',#3062);
#77=MANIFOLD_SOLID_BREP('\X2\76D65B50\X0\',#3063);
#78=MANIFOLD_SOLID_BREP('\X2\8FDE63A54EF6\X0\1',#3064);
#79=MANIFOLD_SOLID_BREP('\X2\8FDE63A54EF6\X0\1',#3065);
#80=MANIFOLD_SOLID_BREP('\X2\8FDE63A54EF6\X0\2',#3066);
#81=MANIFOLD_SOLID_BREP('\X2\8FDE63A54EF6\X0\3',#3067);
#82=MANIFOLD_SOLID_BREP('\X2\8FDE63A54EF6\X0\3',#3068);
#83=MANIFOLD_SOLID_BREP('\X2\8FDE63A54EF6\X0\4',#3069);
#84=MANIFOLD_SOLID_BREP('\X2\987676D6\X0\',#3070);
#85=MANIFOLD_SOLID_BREP('\X2\4E3B63A7677F\X0\',#3071);
#86=MANIFOLD_SOLID_BREP('\X2\5B9E4F53\X0\21',#3072);
#87=FACE_BOUND('',#418,.T.);
#88=FACE_BOUND('',#439,.T.);
#89=FACE_BOUND('',#440,.T.);
#90=FACE_BOUND('',#441,.T.);
#91=FACE_BOUND('',#442,.T.);
#92=FACE_BOUND('',#443,.T.);
#93=FACE_BOUND('',#447,.T.);
#94=FACE_BOUND('',#449,.T.);
#95=FACE_BOUND('',#474,.T.);
#96=FACE_BOUND('',#479,.T.);
#97=FACE_BOUND('',#480,.T.);
#98=FACE_BOUND('',#481,.T.);
#99=FACE_BOUND('',#482,.T.);
#100=FACE_BOUND('',#483,.T.);
#101=FACE_BOUND('',#502,.T.);
#102=FACE_BOUND('',#504,.T.);
#103=FACE_BOUND('',#510,.T.);
#104=FACE_BOUND('',#519,.T.);
#105=FACE_BOUND('',#520,.T.);
#106=FACE_BOUND('',#521,.T.);
#107=FACE_BOUND('',#522,.T.);
#108=FACE_BOUND('',#523,.T.);
#109=FACE_BOUND('',#528,.T.);
#110=FACE_BOUND('',#531,.T.);
#111=FACE_BOUND('',#534,.T.);
#112=FACE_BOUND('',#540,.T.);
#113=FACE_BOUND('',#541,.T.);
#114=FACE_BOUND('',#543,.T.);
#115=FACE_BOUND('',#544,.T.);
#116=FACE_BOUND('',#546,.T.);
#117=FACE_BOUND('',#556,.T.);
#118=FACE_BOUND('',#557,.T.);
#119=FACE_BOUND('',#559,.T.);
#120=FACE_BOUND('',#560,.T.);
#121=FACE_BOUND('',#573,.T.);
#122=FACE_BOUND('',#574,.T.);
#123=FACE_BOUND('',#576,.T.);
#124=FACE_BOUND('',#577,.T.);
#125=FACE_BOUND('',#579,.T.);
#126=FACE_BOUND('',#589,.T.);
#127=FACE_BOUND('',#590,.T.);
#128=FACE_BOUND('',#592,.T.);
#129=FACE_BOUND('',#593,.T.);
#130=FACE_BOUND('',#626,.T.);
#131=PLANE('',#3090);
#132=PLANE('',#3095);
#133=PLANE('',#3099);
#134=PLANE('',#3103);
#135=PLANE('',#3107);
#136=PLANE('',#3110);
#137=PLANE('',#3117);
#138=PLANE('',#3118);
#139=PLANE('',#3119);
#140=PLANE('',#3120);
#141=PLANE('',#3121);
#142=PLANE('',#3122);
#143=PLANE('',#3123);
#144=PLANE('',#3124);
#145=PLANE('',#3131);
#146=PLANE('',#3132);
#147=PLANE('',#3133);
#148=PLANE('',#3134);
#149=PLANE('',#3135);
#150=PLANE('',#3136);
#151=PLANE('',#3149);
#152=PLANE('',#3150);
#153=PLANE('',#3151);
#154=PLANE('',#3152);
#155=PLANE('',#3156);
#156=PLANE('',#3157);
#157=PLANE('',#3158);
#158=PLANE('',#3159);
#159=PLANE('',#3175);
#160=PLANE('',#3183);
#161=PLANE('',#3184);
#162=PLANE('',#3186);
#163=PLANE('',#3194);
#164=PLANE('',#3216);
#165=PLANE('',#3218);
#166=PLANE('',#3219);
#167=PLANE('',#3220);
#168=PLANE('',#3221);
#169=PLANE('',#3222);
#170=PLANE('',#3223);
#171=PLANE('',#3224);
#172=PLANE('',#3227);
#173=PLANE('',#3228);
#174=PLANE('',#3229);
#175=PLANE('',#3230);
#176=PLANE('',#3231);
#177=PLANE('',#3232);
#178=PLANE('',#3233);
#179=PLANE('',#3234);
#180=PLANE('',#3238);
#181=PLANE('',#3242);
#182=PLANE('',#3246);
#183=PLANE('',#3250);
#184=PLANE('',#3254);
#185=PLANE('',#3255);
#186=PLANE('',#3258);
#187=PLANE('',#3261);
#188=PLANE('',#3262);
#189=PLANE('',#3263);
#190=PLANE('',#3264);
#191=PLANE('',#3273);
#192=PLANE('',#3274);
#193=PLANE('',#3275);
#194=PLANE('',#3276);
#195=PLANE('',#3277);
#196=PLANE('',#3279);
#197=PLANE('',#3282);
#198=PLANE('',#3284);
#199=PLANE('',#3290);
#200=PLANE('',#3294);
#201=PLANE('',#3295);
#202=PLANE('',#3298);
#203=PLANE('',#3301);
#204=PLANE('',#3302);
#205=PLANE('',#3303);
#206=PLANE('',#3304);
#207=PLANE('',#3313);
#208=PLANE('',#3314);
#209=PLANE('',#3315);
#210=PLANE('',#3316);
#211=PLANE('',#3317);
#212=PLANE('',#3319);
#213=PLANE('',#3322);
#214=PLANE('',#3324);
#215=PLANE('',#3347);
#216=PLANE('',#3348);
#217=PLANE('',#3352);
#218=PLANE('',#3365);
#219=PLANE('',#3366);
#220=PLANE('',#3367);
#221=PLANE('',#3368);
#222=PLANE('',#3369);
#223=PLANE('',#3370);
#224=PLANE('',#3371);
#225=PLANE('',#3372);
#226=PLANE('',#3373);
#227=PLANE('',#3374);
#228=PLANE('',#3375);
#229=PLANE('',#3376);
#230=PLANE('',#3377);
#231=PLANE('',#3378);
#232=PLANE('',#3379);
#233=PLANE('',#3380);
#234=PLANE('',#3381);
#235=PLANE('',#3382);
#236=PLANE('',#3383);
#237=PLANE('',#3384);
#238=PLANE('',#3385);
#239=FACE_OUTER_BOUND('',#416,.T.);
#240=FACE_OUTER_BOUND('',#417,.T.);
#241=FACE_OUTER_BOUND('',#419,.T.);
#242=FACE_OUTER_BOUND('',#420,.T.);
#243=FACE_OUTER_BOUND('',#421,.T.);
#244=FACE_OUTER_BOUND('',#422,.T.);
#245=FACE_OUTER_BOUND('',#423,.T.);
#246=FACE_OUTER_BOUND('',#424,.T.);
#247=FACE_OUTER_BOUND('',#425,.T.);
#248=FACE_OUTER_BOUND('',#426,.T.);
#249=FACE_OUTER_BOUND('',#427,.T.);
#250=FACE_OUTER_BOUND('',#428,.T.);
#251=FACE_OUTER_BOUND('',#429,.T.);
#252=FACE_OUTER_BOUND('',#430,.T.);
#253=FACE_OUTER_BOUND('',#431,.T.);
#254=FACE_OUTER_BOUND('',#432,.T.);
#255=FACE_OUTER_BOUND('',#433,.T.);
#256=FACE_OUTER_BOUND('',#434,.T.);
#257=FACE_OUTER_BOUND('',#435,.T.);
#258=FACE_OUTER_BOUND('',#436,.T.);
#259=FACE_OUTER_BOUND('',#437,.T.);
#260=FACE_OUTER_BOUND('',#438,.T.);
#261=FACE_OUTER_BOUND('',#444,.T.);
#262=FACE_OUTER_BOUND('',#445,.T.);
#263=FACE_OUTER_BOUND('',#446,.T.);
#264=FACE_OUTER_BOUND('',#448,.T.);
#265=FACE_OUTER_BOUND('',#450,.T.);
#266=FACE_OUTER_BOUND('',#451,.T.);
#267=FACE_OUTER_BOUND('',#452,.T.);
#268=FACE_OUTER_BOUND('',#453,.T.);
#269=FACE_OUTER_BOUND('',#454,.T.);
#270=FACE_OUTER_BOUND('',#455,.T.);
#271=FACE_OUTER_BOUND('',#456,.T.);
#272=FACE_OUTER_BOUND('',#457,.T.);
#273=FACE_OUTER_BOUND('',#458,.T.);
#274=FACE_OUTER_BOUND('',#459,.T.);
#275=FACE_OUTER_BOUND('',#460,.T.);
#276=FACE_OUTER_BOUND('',#461,.T.);
#277=FACE_OUTER_BOUND('',#462,.T.);
#278=FACE_OUTER_BOUND('',#463,.T.);
#279=FACE_OUTER_BOUND('',#464,.T.);
#280=FACE_OUTER_BOUND('',#465,.T.);
#281=FACE_OUTER_BOUND('',#466,.T.);
#282=FACE_OUTER_BOUND('',#467,.T.);
#283=FACE_OUTER_BOUND('',#468,.T.);
#284=FACE_OUTER_BOUND('',#469,.T.);
#285=FACE_OUTER_BOUND('',#470,.T.);
#286=FACE_OUTER_BOUND('',#471,.T.);
#287=FACE_OUTER_BOUND('',#472,.T.);
#288=FACE_OUTER_BOUND('',#473,.T.);
#289=FACE_OUTER_BOUND('',#475,.T.);
#290=FACE_OUTER_BOUND('',#476,.T.);
#291=FACE_OUTER_BOUND('',#477,.T.);
#292=FACE_OUTER_BOUND('',#478,.T.);
#293=FACE_OUTER_BOUND('',#484,.T.);
#294=FACE_OUTER_BOUND('',#485,.T.);
#295=FACE_OUTER_BOUND('',#486,.T.);
#296=FACE_OUTER_BOUND('',#487,.T.);
#297=FACE_OUTER_BOUND('',#488,.T.);
#298=FACE_OUTER_BOUND('',#489,.T.);
#299=FACE_OUTER_BOUND('',#490,.T.);
#300=FACE_OUTER_BOUND('',#491,.T.);
#301=FACE_OUTER_BOUND('',#492,.T.);
#302=FACE_OUTER_BOUND('',#493,.T.);
#303=FACE_OUTER_BOUND('',#494,.T.);
#304=FACE_OUTER_BOUND('',#495,.T.);
#305=FACE_OUTER_BOUND('',#496,.T.);
#306=FACE_OUTER_BOUND('',#497,.T.);
#307=FACE_OUTER_BOUND('',#498,.T.);
#308=FACE_OUTER_BOUND('',#499,.T.);
#309=FACE_OUTER_BOUND('',#500,.T.);
#310=FACE_OUTER_BOUND('',#501,.T.);
#311=FACE_OUTER_BOUND('',#503,.T.);
#312=FACE_OUTER_BOUND('',#505,.T.);
#313=FACE_OUTER_BOUND('',#506,.T.);
#314=FACE_OUTER_BOUND('',#507,.T.);
#315=FACE_OUTER_BOUND('',#508,.T.);
#316=FACE_OUTER_BOUND('',#509,.T.);
#317=FACE_OUTER_BOUND('',#511,.T.);
#318=FACE_OUTER_BOUND('',#512,.T.);
#319=FACE_OUTER_BOUND('',#513,.T.);
#320=FACE_OUTER_BOUND('',#514,.T.);
#321=FACE_OUTER_BOUND('',#515,.T.);
#322=FACE_OUTER_BOUND('',#516,.T.);
#323=FACE_OUTER_BOUND('',#517,.T.);
#324=FACE_OUTER_BOUND('',#518,.T.);
#325=FACE_OUTER_BOUND('',#524,.T.);
#326=FACE_OUTER_BOUND('',#525,.T.);
#327=FACE_OUTER_BOUND('',#526,.T.);
#328=FACE_OUTER_BOUND('',#527,.T.);
#329=FACE_OUTER_BOUND('',#529,.T.);
#330=FACE_OUTER_BOUND('',#530,.T.);
#331=FACE_OUTER_BOUND('',#532,.T.);
#332=FACE_OUTER_BOUND('',#533,.T.);
#333=FACE_OUTER_BOUND('',#535,.T.);
#334=FACE_OUTER_BOUND('',#536,.T.);
#335=FACE_OUTER_BOUND('',#537,.T.);
#336=FACE_OUTER_BOUND('',#538,.T.);
#337=FACE_OUTER_BOUND('',#539,.T.);
#338=FACE_OUTER_BOUND('',#542,.T.);
#339=FACE_OUTER_BOUND('',#545,.T.);
#340=FACE_OUTER_BOUND('',#547,.T.);
#341=FACE_OUTER_BOUND('',#548,.T.);
#342=FACE_OUTER_BOUND('',#549,.T.);
#343=FACE_OUTER_BOUND('',#550,.T.);
#344=FACE_OUTER_BOUND('',#551,.T.);
#345=FACE_OUTER_BOUND('',#552,.T.);
#346=FACE_OUTER_BOUND('',#553,.T.);
#347=FACE_OUTER_BOUND('',#554,.T.);
#348=FACE_OUTER_BOUND('',#555,.T.);
#349=FACE_OUTER_BOUND('',#558,.T.);
#350=FACE_OUTER_BOUND('',#561,.T.);
#351=FACE_OUTER_BOUND('',#562,.T.);
#352=FACE_OUTER_BOUND('',#563,.T.);
#353=FACE_OUTER_BOUND('',#564,.T.);
#354=FACE_OUTER_BOUND('',#565,.T.);
#355=FACE_OUTER_BOUND('',#566,.T.);
#356=FACE_OUTER_BOUND('',#567,.T.);
#357=FACE_OUTER_BOUND('',#568,.T.);
#358=FACE_OUTER_BOUND('',#569,.T.);
#359=FACE_OUTER_BOUND('',#570,.T.);
#360=FACE_OUTER_BOUND('',#571,.T.);
#361=FACE_OUTER_BOUND('',#572,.T.);
#362=FACE_OUTER_BOUND('',#575,.T.);
#363=FACE_OUTER_BOUND('',#578,.T.);
#364=FACE_OUTER_BOUND('',#580,.T.);
#365=FACE_OUTER_BOUND('',#581,.T.);
#366=FACE_OUTER_BOUND('',#582,.T.);
#367=FACE_OUTER_BOUND('',#583,.T.);
#368=FACE_OUTER_BOUND('',#584,.T.);
#369=FACE_OUTER_BOUND('',#585,.T.);
#370=FACE_OUTER_BOUND('',#586,.T.);
#371=FACE_OUTER_BOUND('',#587,.T.);
#372=FACE_OUTER_BOUND('',#588,.T.);
#373=FACE_OUTER_BOUND('',#591,.T.);
#374=FACE_OUTER_BOUND('',#594,.T.);
#375=FACE_OUTER_BOUND('',#595,.T.);
#376=FACE_OUTER_BOUND('',#596,.T.);
#377=FACE_OUTER_BOUND('',#597,.T.);
#378=FACE_OUTER_BOUND('',#598,.T.);
#379=FACE_OUTER_BOUND('',#599,.T.);
#380=FACE_OUTER_BOUND('',#600,.T.);
#381=FACE_OUTER_BOUND('',#601,.T.);
#382=FACE_OUTER_BOUND('',#602,.T.);
#383=FACE_OUTER_BOUND('',#603,.T.);
#384=FACE_OUTER_BOUND('',#604,.T.);
#385=FACE_OUTER_BOUND('',#605,.T.);
#386=FACE_OUTER_BOUND('',#606,.T.);
#387=FACE_OUTER_BOUND('',#607,.T.);
#388=FACE_OUTER_BOUND('',#608,.T.);
#389=FACE_OUTER_BOUND('',#609,.T.);
#390=FACE_OUTER_BOUND('',#610,.T.);
#391=FACE_OUTER_BOUND('',#611,.T.);
#392=FACE_OUTER_BOUND('',#612,.T.);
#393=FACE_OUTER_BOUND('',#613,.T.);
#394=FACE_OUTER_BOUND('',#614,.T.);
#395=FACE_OUTER_BOUND('',#615,.T.);
#396=FACE_OUTER_BOUND('',#616,.T.);
#397=FACE_OUTER_BOUND('',#617,.T.);
#398=FACE_OUTER_BOUND('',#618,.T.);
#399=FACE_OUTER_BOUND('',#619,.T.);
#400=FACE_OUTER_BOUND('',#620,.T.);
#401=FACE_OUTER_BOUND('',#621,.T.);
#402=FACE_OUTER_BOUND('',#622,.T.);
#403=FACE_OUTER_BOUND('',#623,.T.);
#404=FACE_OUTER_BOUND('',#624,.T.);
#405=FACE_OUTER_BOUND('',#625,.T.);
#406=FACE_OUTER_BOUND('',#627,.T.);
#407=FACE_OUTER_BOUND('',#628,.T.);
#408=FACE_OUTER_BOUND('',#629,.T.);
#409=FACE_OUTER_BOUND('',#630,.T.);
#410=FACE_OUTER_BOUND('',#631,.T.);
#411=FACE_OUTER_BOUND('',#632,.T.);
#412=FACE_OUTER_BOUND('',#633,.T.);
#413=FACE_OUTER_BOUND('',#634,.T.);
#414=FACE_OUTER_BOUND('',#635,.T.);
#415=FACE_OUTER_BOUND('',#636,.T.);
#416=EDGE_LOOP('',(#1990,#1991,#1992,#1993));
#417=EDGE_LOOP('',(#1994));
#418=EDGE_LOOP('',(#1995));
#419=EDGE_LOOP('',(#1996,#1997,#1998,#1999));
#420=EDGE_LOOP('',(#2000));
#421=EDGE_LOOP('',(#2001,#2002,#2003,#2004));
#422=EDGE_LOOP('',(#2005));
#423=EDGE_LOOP('',(#2006,#2007,#2008,#2009));
#424=EDGE_LOOP('',(#2010));
#425=EDGE_LOOP('',(#2011,#2012,#2013,#2014));
#426=EDGE_LOOP('',(#2015));
#427=EDGE_LOOP('',(#2016,#2017,#2018,#2019));
#428=EDGE_LOOP('',(#2020));
#429=EDGE_LOOP('',(#2021,#2022,#2023,#2024));
#430=EDGE_LOOP('',(#2025,#2026,#2027,#2028));
#431=EDGE_LOOP('',(#2029,#2030,#2031,#2032));
#432=EDGE_LOOP('',(#2033,#2034,#2035,#2036));
#433=EDGE_LOOP('',(#2037,#2038,#2039,#2040));
#434=EDGE_LOOP('',(#2041,#2042,#2043,#2044));
#435=EDGE_LOOP('',(#2045,#2046,#2047,#2048));
#436=EDGE_LOOP('',(#2049,#2050,#2051,#2052));
#437=EDGE_LOOP('',(#2053,#2054,#2055,#2056,#2057,#2058,#2059,#2060));
#438=EDGE_LOOP('',(#2061,#2062,#2063,#2064,#2065,#2066,#2067,#2068));
#439=EDGE_LOOP('',(#2069));
#440=EDGE_LOOP('',(#2070));
#441=EDGE_LOOP('',(#2071));
#442=EDGE_LOOP('',(#2072));
#443=EDGE_LOOP('',(#2073));
#444=EDGE_LOOP('',(#2074,#2075,#2076,#2077));
#445=EDGE_LOOP('',(#2078,#2079,#2080,#2081));
#446=EDGE_LOOP('',(#2082));
#447=EDGE_LOOP('',(#2083));
#448=EDGE_LOOP('',(#2084));
#449=EDGE_LOOP('',(#2085));
#450=EDGE_LOOP('',(#2086,#2087,#2088,#2089));
#451=EDGE_LOOP('',(#2090,#2091,#2092,#2093));
#452=EDGE_LOOP('',(#2094,#2095,#2096,#2097));
#453=EDGE_LOOP('',(#2098,#2099,#2100,#2101));
#454=EDGE_LOOP('',(#2102,#2103,#2104,#2105));
#455=EDGE_LOOP('',(#2106,#2107,#2108,#2109));
#456=EDGE_LOOP('',(#2110,#2111,#2112,#2113));
#457=EDGE_LOOP('',(#2114,#2115,#2116,#2117));
#458=EDGE_LOOP('',(#2118,#2119,#2120,#2121));
#459=EDGE_LOOP('',(#2122,#2123,#2124,#2125,#2126));
#460=EDGE_LOOP('',(#2127,#2128,#2129,#2130));
#461=EDGE_LOOP('',(#2131,#2132,#2133,#2134,#2135));
#462=EDGE_LOOP('',(#2136,#2137,#2138,#2139));
#463=EDGE_LOOP('',(#2140,#2141,#2142,#2143));
#464=EDGE_LOOP('',(#2144,#2145,#2146,#2147,#2148,#2149,#2150));
#465=EDGE_LOOP('',(#2151,#2152,#2153,#2154,#2155,#2156));
#466=EDGE_LOOP('',(#2157,#2158,#2159,#2160));
#467=EDGE_LOOP('',(#2161,#2162,#2163,#2164));
#468=EDGE_LOOP('',(#2165,#2166,#2167,#2168));
#469=EDGE_LOOP('',(#2169,#2170,#2171));
#470=EDGE_LOOP('',(#2172,#2173,#2174,#2175));
#471=EDGE_LOOP('',(#2176,#2177,#2178));
#472=EDGE_LOOP('',(#2179,#2180,#2181,#2182));
#473=EDGE_LOOP('',(#2183,#2184,#2185,#2186,#2187,#2188));
#474=EDGE_LOOP('',(#2189,#2190,#2191,#2192,#2193,#2194));
#475=EDGE_LOOP('',(#2195,#2196,#2197,#2198));
#476=EDGE_LOOP('',(#2199,#2200,#2201,#2202));
#477=EDGE_LOOP('',(#2203,#2204,#2205));
#478=EDGE_LOOP('',(#2206,#2207,#2208,#2209));
#479=EDGE_LOOP('',(#2210,#2211,#2212,#2213));
#480=EDGE_LOOP('',(#2214));
#481=EDGE_LOOP('',(#2215));
#482=EDGE_LOOP('',(#2216));
#483=EDGE_LOOP('',(#2217));
#484=EDGE_LOOP('',(#2218,#2219,#2220,#2221,#2222,#2223,#2224));
#485=EDGE_LOOP('',(#2225,#2226,#2227,#2228,#2229));
#486=EDGE_LOOP('',(#2230,#2231,#2232,#2233));
#487=EDGE_LOOP('',(#2234,#2235,#2236));
#488=EDGE_LOOP('',(#2237,#2238,#2239,#2240));
#489=EDGE_LOOP('',(#2241,#2242,#2243,#2244,#2245,#2246));
#490=EDGE_LOOP('',(#2247,#2248,#2249,#2250));
#491=EDGE_LOOP('',(#2251,#2252,#2253));
#492=EDGE_LOOP('',(#2254,#2255,#2256,#2257,#2258));
#493=EDGE_LOOP('',(#2259,#2260,#2261,#2262));
#494=EDGE_LOOP('',(#2263,#2264,#2265,#2266,#2267));
#495=EDGE_LOOP('',(#2268,#2269,#2270));
#496=EDGE_LOOP('',(#2271,#2272,#2273,#2274));
#497=EDGE_LOOP('',(#2275,#2276,#2277));
#498=EDGE_LOOP('',(#2278,#2279,#2280,#2281));
#499=EDGE_LOOP('',(#2282,#2283,#2284,#2285));
#500=EDGE_LOOP('',(#2286,#2287,#2288,#2289));
#501=EDGE_LOOP('',(#2290,#2291,#2292,#2293,#2294,#2295));
#502=EDGE_LOOP('',(#2296));
#503=EDGE_LOOP('',(#2297,#2298,#2299,#2300));
#504=EDGE_LOOP('',(#2301,#2302,#2303,#2304));
#505=EDGE_LOOP('',(#2305,#2306,#2307,#2308));
#506=EDGE_LOOP('',(#2309,#2310,#2311,#2312));
#507=EDGE_LOOP('',(#2313,#2314,#2315,#2316));
#508=EDGE_LOOP('',(#2317,#2318,#2319,#2320));
#509=EDGE_LOOP('',(#2321,#2322,#2323,#2324));
#510=EDGE_LOOP('',(#2325,#2326,#2327,#2328));
#511=EDGE_LOOP('',(#2329,#2330,#2331,#2332,#2333));
#512=EDGE_LOOP('',(#2334,#2335,#2336,#2337));
#513=EDGE_LOOP('',(#2338));
#514=EDGE_LOOP('',(#2339,#2340,#2341,#2342,#2343,#2344));
#515=EDGE_LOOP('',(#2345,#2346,#2347,#2348));
#516=EDGE_LOOP('',(#2349,#2350,#2351,#2352,#2353,#2354));
#517=EDGE_LOOP('',(#2355,#2356,#2357,#2358,#2359));
#518=EDGE_LOOP('',(#2360,#2361,#2362,#2363));
#519=EDGE_LOOP('',(#2364,#2365,#2366,#2367));
#520=EDGE_LOOP('',(#2368));
#521=EDGE_LOOP('',(#2369));
#522=EDGE_LOOP('',(#2370));
#523=EDGE_LOOP('',(#2371));
#524=EDGE_LOOP('',(#2372,#2373,#2374,#2375));
#525=EDGE_LOOP('',(#2376,#2377,#2378,#2379));
#526=EDGE_LOOP('',(#2380,#2381,#2382,#2383));
#527=EDGE_LOOP('',(#2384));
#528=EDGE_LOOP('',(#2385));
#529=EDGE_LOOP('',(#2386,#2387,#2388,#2389));
#530=EDGE_LOOP('',(#2390));
#531=EDGE_LOOP('',(#2391));
#532=EDGE_LOOP('',(#2392,#2393,#2394,#2395));
#533=EDGE_LOOP('',(#2396));
#534=EDGE_LOOP('',(#2397));
#535=EDGE_LOOP('',(#2398,#2399,#2400,#2401));
#536=EDGE_LOOP('',(#2402,#2403));
#537=EDGE_LOOP('',(#2404,#2405,#2406,#2407));
#538=EDGE_LOOP('',(#2408,#2409));
#539=EDGE_LOOP('',(#2410,#2411,#2412,#2413));
#540=EDGE_LOOP('',(#2414));
#541=EDGE_LOOP('',(#2415));
#542=EDGE_LOOP('',(#2416,#2417,#2418,#2419));
#543=EDGE_LOOP('',(#2420));
#544=EDGE_LOOP('',(#2421));
#545=EDGE_LOOP('',(#2422,#2423,#2424,#2425));
#546=EDGE_LOOP('',(#2426,#2427));
#547=EDGE_LOOP('',(#2428,#2429,#2430,#2431));
#548=EDGE_LOOP('',(#2432,#2433,#2434,#2435));
#549=EDGE_LOOP('',(#2436,#2437,#2438,#2439));
#550=EDGE_LOOP('',(#2440,#2441,#2442,#2443));
#551=EDGE_LOOP('',(#2444,#2445,#2446,#2447));
#552=EDGE_LOOP('',(#2448,#2449,#2450,#2451));
#553=EDGE_LOOP('',(#2452,#2453,#2454,#2455));
#554=EDGE_LOOP('',(#2456,#2457,#2458,#2459,#2460,#2461,#2462,#2463,#2464,
#2465,#2466,#2467));
#555=EDGE_LOOP('',(#2468,#2469,#2470,#2471));
#556=EDGE_LOOP('',(#2472));
#557=EDGE_LOOP('',(#2473));
#558=EDGE_LOOP('',(#2474,#2475,#2476,#2477));
#559=EDGE_LOOP('',(#2478));
#560=EDGE_LOOP('',(#2479));
#561=EDGE_LOOP('',(#2480,#2481,#2482,#2483));
#562=EDGE_LOOP('',(#2484,#2485));
#563=EDGE_LOOP('',(#2486,#2487,#2488,#2489,#2490,#2491));
#564=EDGE_LOOP('',(#2492,#2493,#2494,#2495));
#565=EDGE_LOOP('',(#2496,#2497,#2498,#2499,#2500,#2501));
#566=EDGE_LOOP('',(#2502,#2503));
#567=EDGE_LOOP('',(#2504,#2505,#2506,#2507));
#568=EDGE_LOOP('',(#2508,#2509,#2510,#2511));
#569=EDGE_LOOP('',(#2512,#2513));
#570=EDGE_LOOP('',(#2514,#2515,#2516,#2517));
#571=EDGE_LOOP('',(#2518,#2519));
#572=EDGE_LOOP('',(#2520,#2521,#2522,#2523));
#573=EDGE_LOOP('',(#2524));
#574=EDGE_LOOP('',(#2525));
#575=EDGE_LOOP('',(#2526,#2527,#2528,#2529));
#576=EDGE_LOOP('',(#2530));
#577=EDGE_LOOP('',(#2531));
#578=EDGE_LOOP('',(#2532,#2533,#2534,#2535));
#579=EDGE_LOOP('',(#2536,#2537));
#580=EDGE_LOOP('',(#2538,#2539,#2540,#2541));
#581=EDGE_LOOP('',(#2542,#2543,#2544,#2545));
#582=EDGE_LOOP('',(#2546,#2547,#2548,#2549));
#583=EDGE_LOOP('',(#2550,#2551,#2552,#2553));
#584=EDGE_LOOP('',(#2554,#2555,#2556,#2557));
#585=EDGE_LOOP('',(#2558,#2559,#2560,#2561));
#586=EDGE_LOOP('',(#2562,#2563,#2564,#2565));
#587=EDGE_LOOP('',(#2566,#2567,#2568,#2569,#2570,#2571,#2572,#2573,#2574,
#2575,#2576,#2577));
#588=EDGE_LOOP('',(#2578,#2579,#2580,#2581));
#589=EDGE_LOOP('',(#2582));
#590=EDGE_LOOP('',(#2583));
#591=EDGE_LOOP('',(#2584,#2585,#2586,#2587));
#592=EDGE_LOOP('',(#2588));
#593=EDGE_LOOP('',(#2589));
#594=EDGE_LOOP('',(#2590,#2591,#2592,#2593));
#595=EDGE_LOOP('',(#2594,#2595));
#596=EDGE_LOOP('',(#2596,#2597,#2598,#2599,#2600,#2601));
#597=EDGE_LOOP('',(#2602,#2603,#2604,#2605));
#598=EDGE_LOOP('',(#2606,#2607,#2608,#2609,#2610,#2611));
#599=EDGE_LOOP('',(#2612,#2613));
#600=EDGE_LOOP('',(#2614,#2615,#2616,#2617));
#601=EDGE_LOOP('',(#2618,#2619,#2620,#2621,#2622,#2623,#2624,#2625));
#602=EDGE_LOOP('',(#2626,#2627,#2628,#2629,#2630,#2631,#2632,#2633));
#603=EDGE_LOOP('',(#2634,#2635,#2636,#2637,#2638,#2639,#2640,#2641));
#604=EDGE_LOOP('',(#2642,#2643,#2644,#2645,#2646,#2647,#2648,#2649));
#605=EDGE_LOOP('',(#2650,#2651,#2652,#2653,#2654,#2655,#2656,#2657,#2658,
#2659,#2660,#2661,#2662,#2663,#2664,#2665,#2666,#2667));
#606=EDGE_LOOP('',(#2668,#2669,#2670,#2671,#2672,#2673,#2674,#2675,#2676,
#2677,#2678,#2679,#2680,#2681,#2682,#2683,#2684,#2685));
#607=EDGE_LOOP('',(#2686,#2687,#2688,#2689,#2690,#2691,#2692,#2693,#2694,
#2695,#2696,#2697));
#608=EDGE_LOOP('',(#2698,#2699,#2700,#2701));
#609=EDGE_LOOP('',(#2702,#2703,#2704,#2705));
#610=EDGE_LOOP('',(#2706,#2707,#2708,#2709));
#611=EDGE_LOOP('',(#2710,#2711,#2712,#2713));
#612=EDGE_LOOP('',(#2714,#2715,#2716,#2717));
#613=EDGE_LOOP('',(#2718,#2719,#2720,#2721));
#614=EDGE_LOOP('',(#2722,#2723,#2724,#2725,#2726,#2727,#2728,#2729,#2730,
#2731,#2732,#2733));
#615=EDGE_LOOP('',(#2734,#2735,#2736,#2737));
#616=EDGE_LOOP('',(#2738,#2739,#2740,#2741));
#617=EDGE_LOOP('',(#2742,#2743,#2744,#2745));
#618=EDGE_LOOP('',(#2746,#2747,#2748,#2749));
#619=EDGE_LOOP('',(#2750,#2751,#2752,#2753));
#620=EDGE_LOOP('',(#2754,#2755,#2756,#2757));
#621=EDGE_LOOP('',(#2758,#2759,#2760,#2761));
#622=EDGE_LOOP('',(#2762,#2763,#2764,#2765));
#623=EDGE_LOOP('',(#2766,#2767,#2768,#2769));
#624=EDGE_LOOP('',(#2770,#2771,#2772,#2773));
#625=EDGE_LOOP('',(#2774,#2775,#2776,#2777));
#626=EDGE_LOOP('',(#2778,#2779,#2780,#2781));
#627=EDGE_LOOP('',(#2782,#2783,#2784,#2785));
#628=EDGE_LOOP('',(#2786,#2787,#2788,#2789));
#629=EDGE_LOOP('',(#2790,#2791,#2792,#2793));
#630=EDGE_LOOP('',(#2794,#2795,#2796,#2797));
#631=EDGE_LOOP('',(#2798,#2799,#2800,#2801));
#632=EDGE_LOOP('',(#2802,#2803,#2804,#2805));
#633=EDGE_LOOP('',(#2806,#2807,#2808,#2809));
#634=EDGE_LOOP('',(#2810,#2811,#2812,#2813));
#635=EDGE_LOOP('',(#2814,#2815,#2816,#2817));
#636=EDGE_LOOP('',(#2818,#2819,#2820,#2821));
#637=LINE('',#4283,#923);
#638=LINE('',#4292,#924);
#639=LINE('',#4299,#925);
#640=LINE('',#4306,#926);
#641=LINE('',#4313,#927);
#642=LINE('',#4319,#928);
#643=LINE('',#4326,#929);
#644=LINE('',#4329,#930);
#645=LINE('',#4335,#931);
#646=LINE('',#4338,#932);
#647=LINE('',#4340,#933);
#648=LINE('',#4341,#934);
#649=LINE('',#4344,#935);
#650=LINE('',#4346,#936);
#651=LINE('',#4347,#937);
#652=LINE('',#4350,#938);
#653=LINE('',#4352,#939);
#654=LINE('',#4353,#940);
#655=LINE('',#4356,#941);
#656=LINE('',#4358,#942);
#657=LINE('',#4359,#943);
#658=LINE('',#4362,#944);
#659=LINE('',#4364,#945);
#660=LINE('',#4365,#946);
#661=LINE('',#4367,#947);
#662=LINE('',#4368,#948);
#663=LINE('',#4375,#949);
#664=LINE('',#4381,#950);
#665=LINE('',#4388,#951);
#666=LINE('',#4390,#952);
#667=LINE('',#4392,#953);
#668=LINE('',#4393,#954);
#669=LINE('',#4396,#955);
#670=LINE('',#4398,#956);
#671=LINE('',#4399,#957);
#672=LINE('',#4402,#958);
#673=LINE('',#4404,#959);
#674=LINE('',#4405,#960);
#675=LINE('',#4407,#961);
#676=LINE('',#4408,#962);
#677=LINE('',#4413,#963);
#678=LINE('',#4419,#964);
#679=LINE('',#4425,#965);
#680=LINE('',#4431,#966);
#681=LINE('',#4436,#967);
#682=LINE('',#4438,#968);
#683=LINE('',#4440,#969);
#684=LINE('',#4441,#970);
#685=LINE('',#4444,#971);
#686=LINE('',#4446,#972);
#687=LINE('',#4448,#973);
#688=LINE('',#4449,#974);
#689=LINE('',#4452,#975);
#690=LINE('',#4453,#976);
#691=LINE('',#4456,#977);
#692=LINE('',#4458,#978);
#693=LINE('',#4459,#979);
#694=LINE('',#4465,#980);
#695=LINE('',#4468,#981);
#696=LINE('',#4470,#982);
#697=LINE('',#4471,#983);
#698=LINE('',#4474,#984);
#699=LINE('',#4475,#985);
#700=LINE('',#4478,#986);
#701=LINE('',#4480,#987);
#702=LINE('',#4482,#988);
#703=LINE('',#4483,#989);
#704=LINE('',#4486,#990);
#705=LINE('',#4487,#991);
#706=LINE('',#4493,#992);
#707=LINE('',#4496,#993);
#708=LINE('',#4501,#994);
#709=LINE('',#4504,#995);
#710=LINE('',#4510,#996);
#711=LINE('',#4516,#997);
#712=LINE('',#4519,#998);
#713=LINE('',#4522,#999);
#714=LINE('',#4524,#1000);
#715=LINE('',#4526,#1001);
#716=LINE('',#4527,#1002);
#717=LINE('',#4530,#1003);
#718=LINE('',#4532,#1004);
#719=LINE('',#4534,#1005);
#720=LINE('',#4536,#1006);
#721=LINE('',#4538,#1007);
#722=LINE('',#4539,#1008);
#723=LINE('',#4546,#1009);
#724=LINE('',#4549,#1010);
#725=LINE('',#4553,#1011);
#726=LINE('',#4556,#1012);
#727=LINE('',#4560,#1013);
#728=LINE('',#4561,#1014);
#729=LINE('',#4564,#1015);
#730=LINE('',#4566,#1016);
#731=LINE('',#4567,#1017);
#732=LINE('',#4577,#1018);
#733=LINE('',#4580,#1019);
#734=LINE('',#4581,#1020);
#735=LINE('',#4589,#1021);
#736=LINE('',#4592,#1022);
#737=LINE('',#4596,#1023);
#738=LINE('',#4598,#1024);
#739=LINE('',#4606,#1025);
#740=LINE('',#4612,#1026);
#741=LINE('',#4614,#1027);
#742=LINE('',#4615,#1028);
#743=LINE('',#4617,#1029);
#744=LINE('',#4624,#1030);
#745=LINE('',#4626,#1031);
#746=LINE('',#4628,#1032);
#747=LINE('',#4629,#1033);
#748=LINE('',#4633,#1034);
#749=LINE('',#4634,#1035);
#750=LINE('',#4635,#1036);
#751=LINE('',#4638,#1037);
#752=LINE('',#4639,#1038);
#753=LINE('',#4642,#1039);
#754=LINE('',#4643,#1040);
#755=LINE('',#4645,#1041);
#756=LINE('',#4648,#1042);
#757=LINE('',#4650,#1043);
#758=LINE('',#4651,#1044);
#759=LINE('',#4654,#1045);
#760=LINE('',#4656,#1046);
#761=LINE('',#4657,#1047);
#762=LINE('',#4660,#1048);
#763=LINE('',#4665,#1049);
#764=LINE('',#4667,#1050);
#765=LINE('',#4669,#1051);
#766=LINE('',#4671,#1052);
#767=LINE('',#4672,#1053);
#768=LINE('',#4674,#1054);
#769=LINE('',#4677,#1055);
#770=LINE('',#4679,#1056);
#771=LINE('',#4681,#1057);
#772=LINE('',#4687,#1058);
#773=LINE('',#4695,#1059);
#774=LINE('',#4702,#1060);
#775=LINE('',#4707,#1061);
#776=LINE('',#4711,#1062);
#777=LINE('',#4721,#1063);
#778=LINE('',#4723,#1064);
#779=LINE('',#4725,#1065);
#780=LINE('',#4726,#1066);
#781=LINE('',#4734,#1067);
#782=LINE('',#4736,#1068);
#783=LINE('',#4738,#1069);
#784=LINE('',#4739,#1070);
#785=LINE('',#4745,#1071);
#786=LINE('',#4746,#1072);
#787=LINE('',#4749,#1073);
#788=LINE('',#4751,#1074);
#789=LINE('',#4753,#1075);
#790=LINE('',#4756,#1076);
#791=LINE('',#4758,#1077);
#792=LINE('',#4763,#1078);
#793=LINE('',#4769,#1079);
#794=LINE('',#4774,#1080);
#795=LINE('',#4776,#1081);
#796=LINE('',#4778,#1082);
#797=LINE('',#4780,#1083);
#798=LINE('',#4782,#1084);
#799=LINE('',#4784,#1085);
#800=LINE('',#4786,#1086);
#801=LINE('',#4788,#1087);
#802=LINE('',#4790,#1088);
#803=LINE('',#4792,#1089);
#804=LINE('',#4794,#1090);
#805=LINE('',#4795,#1091);
#806=LINE('',#4798,#1092);
#807=LINE('',#4800,#1093);
#808=LINE('',#4801,#1094);
#809=LINE('',#4804,#1095);
#810=LINE('',#4806,#1096);
#811=LINE('',#4807,#1097);
#812=LINE('',#4809,#1098);
#813=LINE('',#4810,#1099);
#814=LINE('',#4824,#1100);
#815=LINE('',#4828,#1101);
#816=LINE('',#4838,#1102);
#817=LINE('',#4840,#1103);
#818=LINE('',#4842,#1104);
#819=LINE('',#4843,#1105);
#820=LINE('',#4851,#1106);
#821=LINE('',#4853,#1107);
#822=LINE('',#4855,#1108);
#823=LINE('',#4856,#1109);
#824=LINE('',#4862,#1110);
#825=LINE('',#4863,#1111);
#826=LINE('',#4866,#1112);
#827=LINE('',#4868,#1113);
#828=LINE('',#4870,#1114);
#829=LINE('',#4873,#1115);
#830=LINE('',#4875,#1116);
#831=LINE('',#4880,#1117);
#832=LINE('',#4886,#1118);
#833=LINE('',#4891,#1119);
#834=LINE('',#4893,#1120);
#835=LINE('',#4895,#1121);
#836=LINE('',#4897,#1122);
#837=LINE('',#4899,#1123);
#838=LINE('',#4901,#1124);
#839=LINE('',#4903,#1125);
#840=LINE('',#4905,#1126);
#841=LINE('',#4907,#1127);
#842=LINE('',#4909,#1128);
#843=LINE('',#4911,#1129);
#844=LINE('',#4912,#1130);
#845=LINE('',#4915,#1131);
#846=LINE('',#4917,#1132);
#847=LINE('',#4918,#1133);
#848=LINE('',#4921,#1134);
#849=LINE('',#4923,#1135);
#850=LINE('',#4924,#1136);
#851=LINE('',#4926,#1137);
#852=LINE('',#4927,#1138);
#853=LINE('',#4955,#1139);
#854=LINE('',#4993,#1140);
#855=LINE('',#5031,#1141);
#856=LINE('',#5069,#1142);
#857=LINE('',#5091,#1143);
#858=LINE('',#5093,#1144);
#859=LINE('',#5095,#1145);
#860=LINE('',#5097,#1146);
#861=LINE('',#5099,#1147);
#862=LINE('',#5101,#1148);
#863=LINE('',#5103,#1149);
#864=LINE('',#5104,#1150);
#865=LINE('',#5105,#1151);
#866=LINE('',#5106,#1152);
#867=LINE('',#5108,#1153);
#868=LINE('',#5109,#1154);
#869=LINE('',#5111,#1155);
#870=LINE('',#5113,#1156);
#871=LINE('',#5115,#1157);
#872=LINE('',#5117,#1158);
#873=LINE('',#5119,#1159);
#874=LINE('',#5121,#1160);
#875=LINE('',#5122,#1161);
#876=LINE('',#5123,#1162);
#877=LINE('',#5128,#1163);
#878=LINE('',#5132,#1164);
#879=LINE('',#5133,#1165);
#880=LINE('',#5137,#1166);
#881=LINE('',#5142,#1167);
#882=LINE('',#5146,#1168);
#883=LINE('',#5149,#1169);
#884=LINE('',#5154,#1170);
#885=LINE('',#5156,#1171);
#886=LINE('',#5158,#1172);
#887=LINE('',#5163,#1173);
#888=LINE('',#5165,#1174);
#889=LINE('',#5167,#1175);
#890=LINE('',#5168,#1176);
#891=LINE('',#5171,#1177);
#892=LINE('',#5173,#1178);
#893=LINE('',#5174,#1179);
#894=LINE('',#5177,#1180);
#895=LINE('',#5179,#1181);
#896=LINE('',#5180,#1182);
#897=LINE('',#5182,#1183);
#898=LINE('',#5183,#1184);
#899=LINE('',#5188,#1185);
#900=LINE('',#5190,#1186);
#901=LINE('',#5192,#1187);
#902=LINE('',#5193,#1188);
#903=LINE('',#5196,#1189);
#904=LINE('',#5198,#1190);
#905=LINE('',#5199,#1191);
#906=LINE('',#5202,#1192);
#907=LINE('',#5204,#1193);
#908=LINE('',#5205,#1194);
#909=LINE('',#5207,#1195);
#910=LINE('',#5208,#1196);
#911=LINE('',#5214,#1197);
#912=LINE('',#5216,#1198);
#913=LINE('',#5218,#1199);
#914=LINE('',#5219,#1200);
#915=LINE('',#5222,#1201);
#916=LINE('',#5224,#1202);
#917=LINE('',#5225,#1203);
#918=LINE('',#5228,#1204);
#919=LINE('',#5230,#1205);
#920=LINE('',#5231,#1206);
#921=LINE('',#5233,#1207);
#922=LINE('',#5234,#1208);
#923=VECTOR('',#3395,6.6);
#924=VECTOR('',#3406,3.75);
#925=VECTOR('',#3415,3.75);
#926=VECTOR('',#3424,3.75);
#927=VECTOR('',#3433,3.75);
#928=VECTOR('',#3442,3.);
#929=VECTOR('',#3449,10.);
#930=VECTOR('',#3452,10.);
#931=VECTOR('',#3457,10.);
#932=VECTOR('',#3460,10.);
#933=VECTOR('',#3463,10.);
#934=VECTOR('',#3464,10.);
#935=VECTOR('',#3467,10.);
#936=VECTOR('',#3468,10.);
#937=VECTOR('',#3469,10.);
#938=VECTOR('',#3472,10.);
#939=VECTOR('',#3473,10.);
#940=VECTOR('',#3474,10.);
#941=VECTOR('',#3477,10.);
#942=VECTOR('',#3478,10.);
#943=VECTOR('',#3479,10.);
#944=VECTOR('',#3482,10.);
#945=VECTOR('',#3483,10.);
#946=VECTOR('',#3484,10.);
#947=VECTOR('',#3487,10.);
#948=VECTOR('',#3488,10.);
#949=VECTOR('',#3497,70.);
#950=VECTOR('',#3504,75.);
#951=VECTOR('',#3513,10.);
#952=VECTOR('',#3514,10.);
#953=VECTOR('',#3515,10.);
#954=VECTOR('',#3516,10.);
#955=VECTOR('',#3519,10.);
#956=VECTOR('',#3520,10.);
#957=VECTOR('',#3521,10.);
#958=VECTOR('',#3524,10.);
#959=VECTOR('',#3525,10.);
#960=VECTOR('',#3526,10.);
#961=VECTOR('',#3529,10.);
#962=VECTOR('',#3530,10.);
#963=VECTOR('',#3535,2.6);
#964=VECTOR('',#3542,2.60000000000003);
#965=VECTOR('',#3549,2.6);
#966=VECTOR('',#3556,2.60000000000002);
#967=VECTOR('',#3561,10.);
#968=VECTOR('',#3562,10.);
#969=VECTOR('',#3563,10.);
#970=VECTOR('',#3564,10.);
#971=VECTOR('',#3567,10.);
#972=VECTOR('',#3568,10.);
#973=VECTOR('',#3569,10.);
#974=VECTOR('',#3570,10.);
#975=VECTOR('',#3573,10.);
#976=VECTOR('',#3574,10.);
#977=VECTOR('',#3577,10.);
#978=VECTOR('',#3578,10.);
#979=VECTOR('',#3579,10.);
#980=VECTOR('',#3586,10.);
#981=VECTOR('',#3589,10.);
#982=VECTOR('',#3590,10.);
#983=VECTOR('',#3591,10.);
#984=VECTOR('',#3594,10.);
#985=VECTOR('',#3595,10.);
#986=VECTOR('',#3598,10.);
#987=VECTOR('',#3599,10.);
#988=VECTOR('',#3600,10.);
#989=VECTOR('',#3601,10.);
#990=VECTOR('',#3604,10.);
#991=VECTOR('',#3605,10.);
#992=VECTOR('',#3610,10.);
#993=VECTOR('',#3613,10.);
#994=VECTOR('',#3618,10.);
#995=VECTOR('',#3621,10.);
#996=VECTOR('',#3630,10.);
#997=VECTOR('',#3639,10.);
#998=VECTOR('',#3642,10.);
#999=VECTOR('',#3645,10.);
#1000=VECTOR('',#3646,10.);
#1001=VECTOR('',#3647,10.);
#1002=VECTOR('',#3648,10.);
#1003=VECTOR('',#3649,10.);
#1004=VECTOR('',#3650,10.);
#1005=VECTOR('',#3651,10.);
#1006=VECTOR('',#3652,10.);
#1007=VECTOR('',#3653,10.);
#1008=VECTOR('',#3654,10.);
#1009=VECTOR('',#3663,10.);
#1010=VECTOR('',#3666,10.);
#1011=VECTOR('',#3673,10.);
#1012=VECTOR('',#3676,10.);
#1013=VECTOR('',#3679,10.);
#1014=VECTOR('',#3680,10.);
#1015=VECTOR('',#3683,10.);
#1016=VECTOR('',#3684,10.);
#1017=VECTOR('',#3685,10.);
#1018=VECTOR('',#3700,10.);
#1019=VECTOR('',#3703,10.);
#1020=VECTOR('',#3704,10.);
#1021=VECTOR('',#3717,10.);
#1022=VECTOR('',#3720,10.);
#1023=VECTOR('',#3725,10.);
#1024=VECTOR('',#3728,10.);
#1025=VECTOR('',#3739,10.);
#1026=VECTOR('',#3748,10.);
#1027=VECTOR('',#3751,10.);
#1028=VECTOR('',#3752,10.);
#1029=VECTOR('',#3755,10.);
#1030=VECTOR('',#3762,10.);
#1031=VECTOR('',#3763,10.);
#1032=VECTOR('',#3764,10.);
#1033=VECTOR('',#3765,10.);
#1034=VECTOR('',#3768,10.);
#1035=VECTOR('',#3769,10.);
#1036=VECTOR('',#3770,10.);
#1037=VECTOR('',#3773,10.);
#1038=VECTOR('',#3774,10.);
#1039=VECTOR('',#3777,10.);
#1040=VECTOR('',#3778,10.);
#1041=VECTOR('',#3781,10.);
#1042=VECTOR('',#3784,10.);
#1043=VECTOR('',#3785,10.);
#1044=VECTOR('',#3786,10.);
#1045=VECTOR('',#3789,10.);
#1046=VECTOR('',#3790,10.);
#1047=VECTOR('',#3791,10.);
#1048=VECTOR('',#3794,4.25);
#1049=VECTOR('',#3801,10.);
#1050=VECTOR('',#3802,10.);
#1051=VECTOR('',#3803,10.);
#1052=VECTOR('',#3804,10.);
#1053=VECTOR('',#3805,10.);
#1054=VECTOR('',#3808,10.);
#1055=VECTOR('',#3813,10.);
#1056=VECTOR('',#3816,10.);
#1057=VECTOR('',#3819,10.);
#1058=VECTOR('',#3826,4.25);
#1059=VECTOR('',#3837,70.);
#1060=VECTOR('',#3846,72.5);
#1061=VECTOR('',#3851,5.50000000000001);
#1062=VECTOR('',#3854,10.);
#1063=VECTOR('',#3869,10.);
#1064=VECTOR('',#3870,10.);
#1065=VECTOR('',#3871,10.);
#1066=VECTOR('',#3872,10.);
#1067=VECTOR('',#3879,10.);
#1068=VECTOR('',#3880,10.);
#1069=VECTOR('',#3881,10.);
#1070=VECTOR('',#3882,10.);
#1071=VECTOR('',#3889,10.);
#1072=VECTOR('',#3890,10.);
#1073=VECTOR('',#3891,10.);
#1074=VECTOR('',#3894,10.);
#1075=VECTOR('',#3897,10.);
#1076=VECTOR('',#3902,2.6);
#1077=VECTOR('',#3905,2.60000000000002);
#1078=VECTOR('',#3910,2.60000000000002);
#1079=VECTOR('',#3917,2.60000000000002);
#1080=VECTOR('',#3922,10.);
#1081=VECTOR('',#3923,10.);
#1082=VECTOR('',#3924,10.);
#1083=VECTOR('',#3925,10.);
#1084=VECTOR('',#3926,10.);
#1085=VECTOR('',#3927,10.);
#1086=VECTOR('',#3928,10.);
#1087=VECTOR('',#3929,10.);
#1088=VECTOR('',#3930,10.);
#1089=VECTOR('',#3931,10.);
#1090=VECTOR('',#3932,10.);
#1091=VECTOR('',#3933,10.);
#1092=VECTOR('',#3936,10.);
#1093=VECTOR('',#3937,10.);
#1094=VECTOR('',#3938,10.);
#1095=VECTOR('',#3941,10.);
#1096=VECTOR('',#3942,10.);
#1097=VECTOR('',#3943,10.);
#1098=VECTOR('',#3946,10.);
#1099=VECTOR('',#3947,10.);
#1100=VECTOR('',#3970,5.50000000000001);
#1101=VECTOR('',#3973,10.);
#1102=VECTOR('',#3988,10.);
#1103=VECTOR('',#3989,10.);
#1104=VECTOR('',#3990,10.);
#1105=VECTOR('',#3991,10.);
#1106=VECTOR('',#3998,10.);
#1107=VECTOR('',#3999,10.);
#1108=VECTOR('',#4000,10.);
#1109=VECTOR('',#4001,10.);
#1110=VECTOR('',#4008,10.);
#1111=VECTOR('',#4009,10.);
#1112=VECTOR('',#4010,10.);
#1113=VECTOR('',#4013,10.);
#1114=VECTOR('',#4016,10.);
#1115=VECTOR('',#4021,2.6);
#1116=VECTOR('',#4024,2.60000000000002);
#1117=VECTOR('',#4029,2.60000000000002);
#1118=VECTOR('',#4036,2.60000000000002);
#1119=VECTOR('',#4041,10.);
#1120=VECTOR('',#4042,10.);
#1121=VECTOR('',#4043,10.);
#1122=VECTOR('',#4044,10.);
#1123=VECTOR('',#4045,10.);
#1124=VECTOR('',#4046,10.);
#1125=VECTOR('',#4047,10.);
#1126=VECTOR('',#4048,10.);
#1127=VECTOR('',#4049,10.);
#1128=VECTOR('',#4050,10.);
#1129=VECTOR('',#4051,10.);
#1130=VECTOR('',#4052,10.);
#1131=VECTOR('',#4055,10.);
#1132=VECTOR('',#4056,10.);
#1133=VECTOR('',#4057,10.);
#1134=VECTOR('',#4060,10.);
#1135=VECTOR('',#4061,10.);
#1136=VECTOR('',#4062,10.);
#1137=VECTOR('',#4065,10.);
#1138=VECTOR('',#4066,10.);
#1139=VECTOR('',#4091,2.60000000000002);
#1140=VECTOR('',#4102,2.59999999999999);
#1141=VECTOR('',#4113,2.60000000000002);
#1142=VECTOR('',#4124,2.60000000000002);
#1143=VECTOR('',#4133,5.);
#1144=VECTOR('',#4134,5.);
#1145=VECTOR('',#4135,10.);
#1146=VECTOR('',#4136,10.);
#1147=VECTOR('',#4137,10.);
#1148=VECTOR('',#4138,10.);
#1149=VECTOR('',#4139,10.);
#1150=VECTOR('',#4140,5.);
#1151=VECTOR('',#4141,5.);
#1152=VECTOR('',#4142,5.);
#1153=VECTOR('',#4145,10.);
#1154=VECTOR('',#4146,10.);
#1155=VECTOR('',#4147,10.);
#1156=VECTOR('',#4148,10.);
#1157=VECTOR('',#4149,10.);
#1158=VECTOR('',#4150,10.);
#1159=VECTOR('',#4151,10.);
#1160=VECTOR('',#4152,10.);
#1161=VECTOR('',#4153,10.);
#1162=VECTOR('',#4154,10.);
#1163=VECTOR('',#4159,10.);
#1164=VECTOR('',#4164,10.);
#1165=VECTOR('',#4165,10.);
#1166=VECTOR('',#4170,10.);
#1167=VECTOR('',#4177,10.);
#1168=VECTOR('',#4182,10.);
#1169=VECTOR('',#4187,10.);
#1170=VECTOR('',#4196,10.);
#1171=VECTOR('',#4199,10.);
#1172=VECTOR('',#4202,10.);
#1173=VECTOR('',#4207,10.);
#1174=VECTOR('',#4208,10.);
#1175=VECTOR('',#4209,10.);
#1176=VECTOR('',#4210,10.);
#1177=VECTOR('',#4213,10.);
#1178=VECTOR('',#4214,10.);
#1179=VECTOR('',#4215,10.);
#1180=VECTOR('',#4218,10.);
#1181=VECTOR('',#4219,10.);
#1182=VECTOR('',#4220,10.);
#1183=VECTOR('',#4223,10.);
#1184=VECTOR('',#4224,10.);
#1185=VECTOR('',#4229,10.);
#1186=VECTOR('',#4230,10.);
#1187=VECTOR('',#4231,10.);
#1188=VECTOR('',#4232,10.);
#1189=VECTOR('',#4235,10.);
#1190=VECTOR('',#4236,10.);
#1191=VECTOR('',#4237,10.);
#1192=VECTOR('',#4240,10.);
#1193=VECTOR('',#4241,10.);
#1194=VECTOR('',#4242,10.);
#1195=VECTOR('',#4245,10.);
#1196=VECTOR('',#4246,10.);
#1197=VECTOR('',#4253,10.);
#1198=VECTOR('',#4254,10.);
#1199=VECTOR('',#4255,10.);
#1200=VECTOR('',#4256,10.);
#1201=VECTOR('',#4259,10.);
#1202=VECTOR('',#4260,10.);
#1203=VECTOR('',#4261,10.);
#1204=VECTOR('',#4264,10.);
#1205=VECTOR('',#4265,10.);
#1206=VECTOR('',#4266,10.);
#1207=VECTOR('',#4269,10.);
#1208=VECTOR('',#4270,10.);
#1209=CIRCLE('',#3088,6.6);
#1210=CIRCLE('',#3089,6.6);
#1211=CIRCLE('',#3091,3.);
#1212=CIRCLE('',#3093,3.75);
#1213=CIRCLE('',#3094,3.75);
#1214=CIRCLE('',#3097,3.75);
#1215=CIRCLE('',#3098,3.75);
#1216=CIRCLE('',#3101,3.75);
#1217=CIRCLE('',#3102,3.75);
#1218=CIRCLE('',#3105,3.75);
#1219=CIRCLE('',#3106,3.75);
#1220=CIRCLE('',#3109,3.);
#1221=CIRCLE('',#3112,12.2);
#1222=CIRCLE('',#3113,12.2);
#1223=CIRCLE('',#3115,12.2);
#1224=CIRCLE('',#3116,12.2);
#1225=CIRCLE('',#3126,70.);
#1226=CIRCLE('',#3127,70.);
#1227=CIRCLE('',#3129,75.);
#1228=CIRCLE('',#3130,75.);
#1229=CIRCLE('',#3138,2.6);
#1230=CIRCLE('',#3139,2.6);
#1231=CIRCLE('',#3141,2.60000000000003);
#1232=CIRCLE('',#3142,2.60000000000003);
#1233=CIRCLE('',#3144,2.6);
#1234=CIRCLE('',#3145,2.6);
#1235=CIRCLE('',#3147,2.60000000000002);
#1236=CIRCLE('',#3148,2.60000000000002);
#1237=CIRCLE('',#3154,75.);
#1238=CIRCLE('',#3155,75.);
#1239=CIRCLE('',#3161,3.);
#1240=CIRCLE('',#3162,2.99999999999999);
#1241=CIRCLE('',#3164,3.00000000000001);
#1242=CIRCLE('',#3165,3.00000000000001);
#1243=CIRCLE('',#3167,2.99999999999999);
#1244=CIRCLE('',#3169,3.00000000000001);
#1245=CIRCLE('',#3172,2.99999999999999);
#1246=CIRCLE('',#3174,2.99999999999999);
#1247=CIRCLE('',#3179,3.);
#1248=CIRCLE('',#3180,3.00000000000001);
#1249=CIRCLE('',#3182,2.99999999999999);
#1250=CIRCLE('',#3185,3.);
#1251=CIRCLE('',#3188,3.00000000000001);
#1252=CIRCLE('',#3190,3.00000000000001);
#1253=CIRCLE('',#3191,3.00000000000001);
#1254=CIRCLE('',#3193,3.00000000000001);
#1255=CIRCLE('',#3196,3.00000000000001);
#1256=CIRCLE('',#3198,3.);
#1257=CIRCLE('',#3200,3.00000000000001);
#1258=CIRCLE('',#3206,3.);
#1259=CIRCLE('',#3207,3.00000000000001);
#1260=CIRCLE('',#3208,3.);
#1261=CIRCLE('',#3211,3.00000000000001);
#1262=CIRCLE('',#3212,3.);
#1263=CIRCLE('',#3217,4.25);
#1264=CIRCLE('',#3226,4.25);
#1265=CIRCLE('',#3236,4.25);
#1266=CIRCLE('',#3237,4.25);
#1267=CIRCLE('',#3239,70.);
#1268=CIRCLE('',#3241,70.);
#1269=CIRCLE('',#3243,75.);
#1270=CIRCLE('',#3245,70.);
#1271=CIRCLE('',#3248,5.50000000000001);
#1272=CIRCLE('',#3249,5.50000000000001);
#1273=CIRCLE('',#3251,5.50000000000001);
#1274=CIRCLE('',#3253,5.50000000000001);
#1275=CIRCLE('',#3256,2.6);
#1276=CIRCLE('',#3257,2.60000000000002);
#1277=CIRCLE('',#3259,2.6);
#1278=CIRCLE('',#3260,2.60000000000002);
#1279=CIRCLE('',#3268,2.60000000000002);
#1280=CIRCLE('',#3269,2.60000000000002);
#1281=CIRCLE('',#3271,2.60000000000002);
#1282=CIRCLE('',#3272,2.60000000000002);
#1283=CIRCLE('',#3278,5.50000000000001);
#1284=CIRCLE('',#3280,5.50000000000001);
#1285=CIRCLE('',#3283,5.50000000000001);
#1286=CIRCLE('',#3285,5.50000000000001);
#1287=CIRCLE('',#3288,5.50000000000001);
#1288=CIRCLE('',#3289,5.50000000000001);
#1289=CIRCLE('',#3291,5.50000000000001);
#1290=CIRCLE('',#3293,5.50000000000001);
#1291=CIRCLE('',#3296,2.6);
#1292=CIRCLE('',#3297,2.60000000000002);
#1293=CIRCLE('',#3299,2.6);
#1294=CIRCLE('',#3300,2.60000000000002);
#1295=CIRCLE('',#3308,2.60000000000002);
#1296=CIRCLE('',#3309,2.60000000000002);
#1297=CIRCLE('',#3311,2.60000000000002);
#1298=CIRCLE('',#3312,2.60000000000002);
#1299=CIRCLE('',#3318,5.50000000000001);
#1300=CIRCLE('',#3320,5.50000000000001);
#1301=CIRCLE('',#3323,5.50000000000001);
#1302=CIRCLE('',#3325,5.50000000000001);
#1303=CIRCLE('',#3350,5.00000000000001);
#1304=CIRCLE('',#3351,5.00000000000001);
#1305=VERTEX_POINT('',#4280);
#1306=VERTEX_POINT('',#4282);
#1307=VERTEX_POINT('',#4286);
#1308=VERTEX_POINT('',#4289);
#1309=VERTEX_POINT('',#4291);
#1310=VERTEX_POINT('',#4296);
#1311=VERTEX_POINT('',#4298);
#1312=VERTEX_POINT('',#4303);
#1313=VERTEX_POINT('',#4305);
#1314=VERTEX_POINT('',#4310);
#1315=VERTEX_POINT('',#4312);
#1316=VERTEX_POINT('',#4317);
#1317=VERTEX_POINT('',#4322);
#1318=VERTEX_POINT('',#4323);
#1319=VERTEX_POINT('',#4325);
#1320=VERTEX_POINT('',#4327);
#1321=VERTEX_POINT('',#4331);
#1322=VERTEX_POINT('',#4332);
#1323=VERTEX_POINT('',#4334);
#1324=VERTEX_POINT('',#4336);
#1325=VERTEX_POINT('',#4343);
#1326=VERTEX_POINT('',#4345);
#1327=VERTEX_POINT('',#4349);
#1328=VERTEX_POINT('',#4351);
#1329=VERTEX_POINT('',#4355);
#1330=VERTEX_POINT('',#4357);
#1331=VERTEX_POINT('',#4361);
#1332=VERTEX_POINT('',#4363);
#1333=VERTEX_POINT('',#4372);
#1334=VERTEX_POINT('',#4374);
#1335=VERTEX_POINT('',#4378);
#1336=VERTEX_POINT('',#4380);
#1337=VERTEX_POINT('',#4386);
#1338=VERTEX_POINT('',#4387);
#1339=VERTEX_POINT('',#4389);
#1340=VERTEX_POINT('',#4391);
#1341=VERTEX_POINT('',#4395);
#1342=VERTEX_POINT('',#4397);
#1343=VERTEX_POINT('',#4401);
#1344=VERTEX_POINT('',#4403);
#1345=VERTEX_POINT('',#4410);
#1346=VERTEX_POINT('',#4412);
#1347=VERTEX_POINT('',#4416);
#1348=VERTEX_POINT('',#4418);
#1349=VERTEX_POINT('',#4422);
#1350=VERTEX_POINT('',#4424);
#1351=VERTEX_POINT('',#4428);
#1352=VERTEX_POINT('',#4430);
#1353=VERTEX_POINT('',#4434);
#1354=VERTEX_POINT('',#4435);
#1355=VERTEX_POINT('',#4437);
#1356=VERTEX_POINT('',#4439);
#1357=VERTEX_POINT('',#4443);
#1358=VERTEX_POINT('',#4445);
#1359=VERTEX_POINT('',#4447);
#1360=VERTEX_POINT('',#4451);
#1361=VERTEX_POINT('',#4455);
#1362=VERTEX_POINT('',#4457);
#1363=VERTEX_POINT('',#4461);
#1364=VERTEX_POINT('',#4463);
#1365=VERTEX_POINT('',#4467);
#1366=VERTEX_POINT('',#4469);
#1367=VERTEX_POINT('',#4473);
#1368=VERTEX_POINT('',#4477);
#1369=VERTEX_POINT('',#4479);
#1370=VERTEX_POINT('',#4481);
#1371=VERTEX_POINT('',#4485);
#1372=VERTEX_POINT('',#4489);
#1373=VERTEX_POINT('',#4490);
#1374=VERTEX_POINT('',#4492);
#1375=VERTEX_POINT('',#4494);
#1376=VERTEX_POINT('',#4498);
#1377=VERTEX_POINT('',#4500);
#1378=VERTEX_POINT('',#4502);
#1379=VERTEX_POINT('',#4509);
#1380=VERTEX_POINT('',#4515);
#1381=VERTEX_POINT('',#4517);
#1382=VERTEX_POINT('',#4521);
#1383=VERTEX_POINT('',#4523);
#1384=VERTEX_POINT('',#4525);
#1385=VERTEX_POINT('',#4528);
#1386=VERTEX_POINT('',#4529);
#1387=VERTEX_POINT('',#4531);
#1388=VERTEX_POINT('',#4533);
#1389=VERTEX_POINT('',#4535);
#1390=VERTEX_POINT('',#4537);
#1391=VERTEX_POINT('',#4543);
#1392=VERTEX_POINT('',#4544);
#1393=VERTEX_POINT('',#4547);
#1394=VERTEX_POINT('',#4555);
#1395=VERTEX_POINT('',#4557);
#1396=VERTEX_POINT('',#4559);
#1397=VERTEX_POINT('',#4563);
#1398=VERTEX_POINT('',#4565);
#1399=VERTEX_POINT('',#4571);
#1400=VERTEX_POINT('',#4575);
#1401=VERTEX_POINT('',#4579);
#1402=VERTEX_POINT('',#4587);
#1403=VERTEX_POINT('',#4591);
#1404=VERTEX_POINT('',#4595);
#1405=VERTEX_POINT('',#4600);
#1406=VERTEX_POINT('',#4601);
#1407=VERTEX_POINT('',#4608);
#1408=VERTEX_POINT('',#4619);
#1409=VERTEX_POINT('',#4622);
#1410=VERTEX_POINT('',#4623);
#1411=VERTEX_POINT('',#4625);
#1412=VERTEX_POINT('',#4627);
#1413=VERTEX_POINT('',#4631);
#1414=VERTEX_POINT('',#4632);
#1415=VERTEX_POINT('',#4637);
#1416=VERTEX_POINT('',#4641);
#1417=VERTEX_POINT('',#4647);
#1418=VERTEX_POINT('',#4649);
#1419=VERTEX_POINT('',#4653);
#1420=VERTEX_POINT('',#4655);
#1421=VERTEX_POINT('',#4659);
#1422=VERTEX_POINT('',#4664);
#1423=VERTEX_POINT('',#4666);
#1424=VERTEX_POINT('',#4668);
#1425=VERTEX_POINT('',#4670);
#1426=VERTEX_POINT('',#4684);
#1427=VERTEX_POINT('',#4686);
#1428=VERTEX_POINT('',#4690);
#1429=VERTEX_POINT('',#4693);
#1430=VERTEX_POINT('',#4697);
#1431=VERTEX_POINT('',#4700);
#1432=VERTEX_POINT('',#4705);
#1433=VERTEX_POINT('',#4706);
#1434=VERTEX_POINT('',#4708);
#1435=VERTEX_POINT('',#4710);
#1436=VERTEX_POINT('',#4719);
#1437=VERTEX_POINT('',#4720);
#1438=VERTEX_POINT('',#4722);
#1439=VERTEX_POINT('',#4724);
#1440=VERTEX_POINT('',#4727);
#1441=VERTEX_POINT('',#4729);
#1442=VERTEX_POINT('',#4732);
#1443=VERTEX_POINT('',#4733);
#1444=VERTEX_POINT('',#4735);
#1445=VERTEX_POINT('',#4737);
#1446=VERTEX_POINT('',#4740);
#1447=VERTEX_POINT('',#4742);
#1448=VERTEX_POINT('',#4747);
#1449=VERTEX_POINT('',#4748);
#1450=VERTEX_POINT('',#4760);
#1451=VERTEX_POINT('',#4762);
#1452=VERTEX_POINT('',#4766);
#1453=VERTEX_POINT('',#4768);
#1454=VERTEX_POINT('',#4772);
#1455=VERTEX_POINT('',#4773);
#1456=VERTEX_POINT('',#4775);
#1457=VERTEX_POINT('',#4777);
#1458=VERTEX_POINT('',#4779);
#1459=VERTEX_POINT('',#4781);
#1460=VERTEX_POINT('',#4783);
#1461=VERTEX_POINT('',#4785);
#1462=VERTEX_POINT('',#4787);
#1463=VERTEX_POINT('',#4789);
#1464=VERTEX_POINT('',#4791);
#1465=VERTEX_POINT('',#4793);
#1466=VERTEX_POINT('',#4797);
#1467=VERTEX_POINT('',#4799);
#1468=VERTEX_POINT('',#4803);
#1469=VERTEX_POINT('',#4805);
#1470=VERTEX_POINT('',#4822);
#1471=VERTEX_POINT('',#4823);
#1472=VERTEX_POINT('',#4825);
#1473=VERTEX_POINT('',#4827);
#1474=VERTEX_POINT('',#4836);
#1475=VERTEX_POINT('',#4837);
#1476=VERTEX_POINT('',#4839);
#1477=VERTEX_POINT('',#4841);
#1478=VERTEX_POINT('',#4844);
#1479=VERTEX_POINT('',#4846);
#1480=VERTEX_POINT('',#4849);
#1481=VERTEX_POINT('',#4850);
#1482=VERTEX_POINT('',#4852);
#1483=VERTEX_POINT('',#4854);
#1484=VERTEX_POINT('',#4857);
#1485=VERTEX_POINT('',#4859);
#1486=VERTEX_POINT('',#4864);
#1487=VERTEX_POINT('',#4865);
#1488=VERTEX_POINT('',#4877);
#1489=VERTEX_POINT('',#4879);
#1490=VERTEX_POINT('',#4883);
#1491=VERTEX_POINT('',#4885);
#1492=VERTEX_POINT('',#4889);
#1493=VERTEX_POINT('',#4890);
#1494=VERTEX_POINT('',#4892);
#1495=VERTEX_POINT('',#4894);
#1496=VERTEX_POINT('',#4896);
#1497=VERTEX_POINT('',#4898);
#1498=VERTEX_POINT('',#4900);
#1499=VERTEX_POINT('',#4902);
#1500=VERTEX_POINT('',#4904);
#1501=VERTEX_POINT('',#4906);
#1502=VERTEX_POINT('',#4908);
#1503=VERTEX_POINT('',#4910);
#1504=VERTEX_POINT('',#4914);
#1505=VERTEX_POINT('',#4916);
#1506=VERTEX_POINT('',#4920);
#1507=VERTEX_POINT('',#4922);
#1508=VERTEX_POINT('',#4939);
#1509=VERTEX_POINT('',#4940);
#1510=VERTEX_POINT('',#4952);
#1511=VERTEX_POINT('',#4954);
#1512=VERTEX_POINT('',#4956);
#1513=VERTEX_POINT('',#4958);
#1514=VERTEX_POINT('',#4977);
#1515=VERTEX_POINT('',#4978);
#1516=VERTEX_POINT('',#4990);
#1517=VERTEX_POINT('',#4992);
#1518=VERTEX_POINT('',#4994);
#1519=VERTEX_POINT('',#4996);
#1520=VERTEX_POINT('',#5015);
#1521=VERTEX_POINT('',#5016);
#1522=VERTEX_POINT('',#5028);
#1523=VERTEX_POINT('',#5030);
#1524=VERTEX_POINT('',#5032);
#1525=VERTEX_POINT('',#5034);
#1526=VERTEX_POINT('',#5053);
#1527=VERTEX_POINT('',#5054);
#1528=VERTEX_POINT('',#5066);
#1529=VERTEX_POINT('',#5068);
#1530=VERTEX_POINT('',#5070);
#1531=VERTEX_POINT('',#5072);
#1532=VERTEX_POINT('',#5092);
#1533=VERTEX_POINT('',#5094);
#1534=VERTEX_POINT('',#5096);
#1535=VERTEX_POINT('',#5098);
#1536=VERTEX_POINT('',#5100);
#1537=VERTEX_POINT('',#5102);
#1538=VERTEX_POINT('',#5110);
#1539=VERTEX_POINT('',#5112);
#1540=VERTEX_POINT('',#5114);
#1541=VERTEX_POINT('',#5116);
#1542=VERTEX_POINT('',#5118);
#1543=VERTEX_POINT('',#5120);
#1544=VERTEX_POINT('',#5125);
#1545=VERTEX_POINT('',#5127);
#1546=VERTEX_POINT('',#5131);
#1547=VERTEX_POINT('',#5135);
#1548=VERTEX_POINT('',#5140);
#1549=VERTEX_POINT('',#5144);
#1550=VERTEX_POINT('',#5161);
#1551=VERTEX_POINT('',#5162);
#1552=VERTEX_POINT('',#5164);
#1553=VERTEX_POINT('',#5166);
#1554=VERTEX_POINT('',#5170);
#1555=VERTEX_POINT('',#5172);
#1556=VERTEX_POINT('',#5176);
#1557=VERTEX_POINT('',#5178);
#1558=VERTEX_POINT('',#5186);
#1559=VERTEX_POINT('',#5187);
#1560=VERTEX_POINT('',#5189);
#1561=VERTEX_POINT('',#5191);
#1562=VERTEX_POINT('',#5195);
#1563=VERTEX_POINT('',#5197);
#1564=VERTEX_POINT('',#5201);
#1565=VERTEX_POINT('',#5203);
#1566=VERTEX_POINT('',#5212);
#1567=VERTEX_POINT('',#5213);
#1568=VERTEX_POINT('',#5215);
#1569=VERTEX_POINT('',#5217);
#1570=VERTEX_POINT('',#5221);
#1571=VERTEX_POINT('',#5223);
#1572=VERTEX_POINT('',#5227);
#1573=VERTEX_POINT('',#5229);
#1574=EDGE_CURVE('',#1305,#1305,#1209,.T.);
#1575=EDGE_CURVE('',#1305,#1306,#637,.T.);
#1576=EDGE_CURVE('',#1306,#1306,#1210,.T.);
#1577=EDGE_CURVE('',#1307,#1307,#1211,.T.);
#1578=EDGE_CURVE('',#1308,#1308,#1212,.T.);
#1579=EDGE_CURVE('',#1308,#1309,#638,.T.);
#1580=EDGE_CURVE('',#1309,#1309,#1213,.T.);
#1581=EDGE_CURVE('',#1310,#1310,#1214,.T.);
#1582=EDGE_CURVE('',#1310,#1311,#639,.T.);
#1583=EDGE_CURVE('',#1311,#1311,#1215,.T.);
#1584=EDGE_CURVE('',#1312,#1312,#1216,.T.);
#1585=EDGE_CURVE('',#1312,#1313,#640,.T.);
#1586=EDGE_CURVE('',#1313,#1313,#1217,.T.);
#1587=EDGE_CURVE('',#1314,#1314,#1218,.T.);
#1588=EDGE_CURVE('',#1314,#1315,#641,.T.);
#1589=EDGE_CURVE('',#1315,#1315,#1219,.T.);
#1590=EDGE_CURVE('',#1316,#1316,#1220,.T.);
#1591=EDGE_CURVE('',#1316,#1307,#642,.T.);
#1592=EDGE_CURVE('',#1317,#1318,#1221,.T.);
#1593=EDGE_CURVE('',#1317,#1319,#643,.T.);
#1594=EDGE_CURVE('',#1320,#1319,#1222,.T.);
#1595=EDGE_CURVE('',#1318,#1320,#644,.T.);
#1596=EDGE_CURVE('',#1321,#1322,#1223,.T.);
#1597=EDGE_CURVE('',#1321,#1323,#645,.T.);
#1598=EDGE_CURVE('',#1324,#1323,#1224,.T.);
#1599=EDGE_CURVE('',#1322,#1324,#646,.T.);
#1600=EDGE_CURVE('',#1323,#1320,#647,.T.);
#1601=EDGE_CURVE('',#1319,#1324,#648,.T.);
#1602=EDGE_CURVE('',#1325,#1318,#649,.T.);
#1603=EDGE_CURVE('',#1326,#1325,#650,.T.);
#1604=EDGE_CURVE('',#1317,#1326,#651,.T.);
#1605=EDGE_CURVE('',#1327,#1322,#652,.T.);
#1606=EDGE_CURVE('',#1327,#1328,#653,.T.);
#1607=EDGE_CURVE('',#1321,#1328,#654,.T.);
#1608=EDGE_CURVE('',#1326,#1329,#655,.T.);
#1609=EDGE_CURVE('',#1330,#1325,#656,.T.);
#1610=EDGE_CURVE('',#1329,#1330,#657,.T.);
#1611=EDGE_CURVE('',#1329,#1331,#658,.T.);
#1612=EDGE_CURVE('',#1332,#1330,#659,.T.);
#1613=EDGE_CURVE('',#1331,#1332,#660,.T.);
#1614=EDGE_CURVE('',#1331,#1327,#661,.T.);
#1615=EDGE_CURVE('',#1328,#1332,#662,.T.);
#1616=EDGE_CURVE('',#1333,#1333,#1225,.T.);
#1617=EDGE_CURVE('',#1333,#1334,#663,.T.);
#1618=EDGE_CURVE('',#1334,#1334,#1226,.T.);
#1619=EDGE_CURVE('',#1335,#1335,#1227,.T.);
#1620=EDGE_CURVE('',#1335,#1336,#664,.T.);
#1621=EDGE_CURVE('',#1336,#1336,#1228,.T.);
#1622=EDGE_CURVE('',#1337,#1338,#665,.T.);
#1623=EDGE_CURVE('',#1339,#1337,#666,.T.);
#1624=EDGE_CURVE('',#1340,#1339,#667,.T.);
#1625=EDGE_CURVE('',#1340,#1338,#668,.T.);
#1626=EDGE_CURVE('',#1338,#1341,#669,.T.);
#1627=EDGE_CURVE('',#1342,#1340,#670,.T.);
#1628=EDGE_CURVE('',#1342,#1341,#671,.T.);
#1629=EDGE_CURVE('',#1341,#1343,#672,.T.);
#1630=EDGE_CURVE('',#1344,#1342,#673,.T.);
#1631=EDGE_CURVE('',#1344,#1343,#674,.T.);
#1632=EDGE_CURVE('',#1343,#1337,#675,.T.);
#1633=EDGE_CURVE('',#1339,#1344,#676,.T.);
#1634=EDGE_CURVE('',#1345,#1345,#1229,.T.);
#1635=EDGE_CURVE('',#1345,#1346,#677,.T.);
#1636=EDGE_CURVE('',#1346,#1346,#1230,.T.);
#1637=EDGE_CURVE('',#1347,#1347,#1231,.T.);
#1638=EDGE_CURVE('',#1347,#1348,#678,.T.);
#1639=EDGE_CURVE('',#1348,#1348,#1232,.T.);
#1640=EDGE_CURVE('',#1349,#1349,#1233,.T.);
#1641=EDGE_CURVE('',#1349,#1350,#679,.T.);
#1642=EDGE_CURVE('',#1350,#1350,#1234,.T.);
#1643=EDGE_CURVE('',#1351,#1351,#1235,.T.);
#1644=EDGE_CURVE('',#1351,#1352,#680,.T.);
#1645=EDGE_CURVE('',#1352,#1352,#1236,.T.);
#1646=EDGE_CURVE('',#1353,#1354,#681,.T.);
#1647=EDGE_CURVE('',#1355,#1353,#682,.T.);
#1648=EDGE_CURVE('',#1355,#1356,#683,.T.);
#1649=EDGE_CURVE('',#1356,#1354,#684,.T.);
#1650=EDGE_CURVE('',#1357,#1353,#685,.T.);
#1651=EDGE_CURVE('',#1358,#1357,#686,.T.);
#1652=EDGE_CURVE('',#1359,#1358,#687,.T.);
#1653=EDGE_CURVE('',#1355,#1359,#688,.T.);
#1654=EDGE_CURVE('',#1360,#1359,#689,.T.);
#1655=EDGE_CURVE('',#1356,#1360,#690,.T.);
#1656=EDGE_CURVE('',#1361,#1360,#691,.T.);
#1657=EDGE_CURVE('',#1362,#1361,#692,.T.);
#1658=EDGE_CURVE('',#1354,#1362,#693,.T.);
#1659=EDGE_CURVE('',#1362,#1363,#1237,.T.);
#1660=EDGE_CURVE('',#1364,#1361,#1238,.T.);
#1661=EDGE_CURVE('',#1363,#1364,#694,.T.);
#1662=EDGE_CURVE('',#1363,#1365,#695,.T.);
#1663=EDGE_CURVE('',#1366,#1364,#696,.T.);
#1664=EDGE_CURVE('',#1365,#1366,#697,.T.);
#1665=EDGE_CURVE('',#1367,#1358,#698,.T.);
#1666=EDGE_CURVE('',#1366,#1367,#699,.T.);
#1667=EDGE_CURVE('',#1367,#1368,#700,.T.);
#1668=EDGE_CURVE('',#1369,#1368,#701,.T.);
#1669=EDGE_CURVE('',#1370,#1369,#702,.T.);
#1670=EDGE_CURVE('',#1365,#1370,#703,.T.);
#1671=EDGE_CURVE('',#1371,#1358,#704,.T.);
#1672=EDGE_CURVE('',#1368,#1371,#705,.T.);
#1673=EDGE_CURVE('',#1372,#1373,#1239,.T.);
#1674=EDGE_CURVE('',#1373,#1374,#706,.T.);
#1675=EDGE_CURVE('',#1374,#1375,#1240,.T.);
#1676=EDGE_CURVE('',#1375,#1372,#707,.T.);
#1677=EDGE_CURVE('',#1376,#1374,#1241,.T.);
#1678=EDGE_CURVE('',#1374,#1377,#708,.T.);
#1679=EDGE_CURVE('',#1377,#1378,#1242,.T.);
#1680=EDGE_CURVE('',#1378,#1376,#709,.T.);
#1681=EDGE_CURVE('',#1376,#1375,#1243,.T.);
#1682=EDGE_CURVE('',#1369,#1377,#1244,.T.);
#1683=EDGE_CURVE('',#1377,#1379,#710,.T.);
#1684=EDGE_CURVE('',#1379,#1370,#24,.F.);
#1685=EDGE_CURVE('',#1369,#1378,#1245,.T.);
#1686=EDGE_CURVE('',#1376,#1380,#711,.T.);
#1687=EDGE_CURVE('',#1381,#1380,#1246,.T.);
#1688=EDGE_CURVE('',#1381,#1375,#712,.T.);
#1689=EDGE_CURVE('',#1382,#1378,#713,.T.);
#1690=EDGE_CURVE('',#1383,#1382,#714,.T.);
#1691=EDGE_CURVE('',#1384,#1383,#715,.T.);
#1692=EDGE_CURVE('',#1380,#1384,#716,.T.);
#1693=EDGE_CURVE('',#1385,#1386,#717,.T.);
#1694=EDGE_CURVE('',#1386,#1387,#718,.T.);
#1695=EDGE_CURVE('',#1387,#1388,#719,.T.);
#1696=EDGE_CURVE('',#1388,#1389,#720,.T.);
#1697=EDGE_CURVE('',#1389,#1390,#721,.T.);
#1698=EDGE_CURVE('',#1390,#1385,#722,.T.);
#1699=EDGE_CURVE('',#1382,#1368,#25,.T.);
#1700=EDGE_CURVE('',#1391,#1392,#1247,.T.);
#1701=EDGE_CURVE('',#1392,#1381,#723,.T.);
#1702=EDGE_CURVE('',#1381,#1393,#1248,.T.);
#1703=EDGE_CURVE('',#1393,#1391,#724,.T.);
#1704=EDGE_CURVE('',#1380,#1393,#1249,.T.);
#1705=EDGE_CURVE('',#1372,#1392,#725,.T.);
#1706=EDGE_CURVE('',#1391,#1394,#726,.T.);
#1707=EDGE_CURVE('',#1395,#1394,#1250,.T.);
#1708=EDGE_CURVE('',#1395,#1396,#727,.T.);
#1709=EDGE_CURVE('',#1396,#1373,#728,.T.);
#1710=EDGE_CURVE('',#1397,#1393,#729,.T.);
#1711=EDGE_CURVE('',#1398,#1397,#730,.T.);
#1712=EDGE_CURVE('',#1394,#1398,#731,.T.);
#1713=EDGE_CURVE('',#1384,#1397,#1251,.T.);
#1714=EDGE_CURVE('',#1384,#1399,#1252,.T.);
#1715=EDGE_CURVE('',#1399,#1397,#1253,.T.);
#1716=EDGE_CURVE('',#1400,#1383,#1254,.T.);
#1717=EDGE_CURVE('',#1400,#1399,#732,.T.);
#1718=EDGE_CURVE('',#1401,#1396,#733,.T.);
#1719=EDGE_CURVE('',#1379,#1401,#734,.T.);
#1720=EDGE_CURVE('',#1371,#1383,#1255,.T.);
#1721=EDGE_CURVE('',#1371,#1400,#1256,.T.);
#1722=EDGE_CURVE('',#1357,#1402,#1257,.F.);
#1723=EDGE_CURVE('',#1402,#1400,#735,.T.);
#1724=EDGE_CURVE('',#1403,#1370,#736,.T.);
#1725=EDGE_CURVE('',#1401,#1403,#26,.T.);
#1726=EDGE_CURVE('',#1401,#1404,#737,.T.);
#1727=EDGE_CURVE('',#1404,#1353,#27,.T.);
#1728=EDGE_CURVE('',#1354,#1403,#738,.T.);
#1729=EDGE_CURVE('',#1405,#1406,#1258,.F.);
#1730=EDGE_CURVE('',#1398,#1405,#1259,.F.);
#1731=EDGE_CURVE('',#1406,#1398,#1260,.F.);
#1732=EDGE_CURVE('',#1405,#1395,#739,.T.);
#1733=EDGE_CURVE('',#1407,#1357,#1261,.F.);
#1734=EDGE_CURVE('',#1402,#1407,#1262,.F.);
#1735=EDGE_CURVE('',#1404,#1407,#740,.T.);
#1736=EDGE_CURVE('',#1406,#1402,#741,.T.);
#1737=EDGE_CURVE('',#1407,#1405,#742,.T.);
#1738=EDGE_CURVE('',#1399,#1406,#743,.T.);
#1739=EDGE_CURVE('',#1408,#1408,#1263,.T.);
#1740=EDGE_CURVE('',#1409,#1410,#744,.T.);
#1741=EDGE_CURVE('',#1410,#1411,#745,.T.);
#1742=EDGE_CURVE('',#1411,#1412,#746,.T.);
#1743=EDGE_CURVE('',#1412,#1409,#747,.T.);
#1744=EDGE_CURVE('',#1413,#1414,#748,.T.);
#1745=EDGE_CURVE('',#1412,#1413,#749,.T.);
#1746=EDGE_CURVE('',#1411,#1414,#750,.T.);
#1747=EDGE_CURVE('',#1414,#1415,#751,.T.);
#1748=EDGE_CURVE('',#1410,#1415,#752,.T.);
#1749=EDGE_CURVE('',#1415,#1416,#753,.T.);
#1750=EDGE_CURVE('',#1409,#1416,#754,.T.);
#1751=EDGE_CURVE('',#1416,#1413,#755,.T.);
#1752=EDGE_CURVE('',#1417,#1385,#756,.T.);
#1753=EDGE_CURVE('',#1417,#1418,#757,.T.);
#1754=EDGE_CURVE('',#1386,#1418,#758,.T.);
#1755=EDGE_CURVE('',#1419,#1418,#759,.T.);
#1756=EDGE_CURVE('',#1419,#1420,#760,.T.);
#1757=EDGE_CURVE('',#1420,#1387,#761,.T.);
#1758=EDGE_CURVE('',#1408,#1421,#762,.T.);
#1759=EDGE_CURVE('',#1421,#1421,#1264,.T.);
#1760=EDGE_CURVE('',#1419,#1422,#763,.T.);
#1761=EDGE_CURVE('',#1422,#1423,#764,.T.);
#1762=EDGE_CURVE('',#1423,#1424,#765,.T.);
#1763=EDGE_CURVE('',#1424,#1425,#766,.T.);
#1764=EDGE_CURVE('',#1420,#1425,#767,.T.);
#1765=EDGE_CURVE('',#1422,#1417,#768,.T.);
#1766=EDGE_CURVE('',#1423,#1390,#769,.T.);
#1767=EDGE_CURVE('',#1424,#1389,#770,.T.);
#1768=EDGE_CURVE('',#1425,#1388,#771,.T.);
#1769=EDGE_CURVE('',#1426,#1426,#1265,.T.);
#1770=EDGE_CURVE('',#1426,#1427,#772,.T.);
#1771=EDGE_CURVE('',#1427,#1427,#1266,.T.);
#1772=EDGE_CURVE('',#1428,#1428,#1267,.T.);
#1773=EDGE_CURVE('',#1429,#1429,#1268,.T.);
#1774=EDGE_CURVE('',#1429,#1428,#773,.T.);
#1775=EDGE_CURVE('',#1430,#1430,#1269,.T.);
#1776=EDGE_CURVE('',#1431,#1431,#1270,.T.);
#1777=EDGE_CURVE('',#1431,#1430,#774,.T.);
#1778=EDGE_CURVE('',#1432,#1433,#775,.T.);
#1779=EDGE_CURVE('',#1434,#1432,#1271,.T.);
#1780=EDGE_CURVE('',#1435,#1434,#776,.T.);
#1781=EDGE_CURVE('',#1435,#1433,#1272,.T.);
#1782=EDGE_CURVE('',#1433,#1435,#1273,.T.);
#1783=EDGE_CURVE('',#1432,#1434,#1274,.T.);
#1784=EDGE_CURVE('',#1436,#1437,#777,.T.);
#1785=EDGE_CURVE('',#1437,#1438,#778,.T.);
#1786=EDGE_CURVE('',#1438,#1439,#779,.T.);
#1787=EDGE_CURVE('',#1439,#1436,#780,.T.);
#1788=EDGE_CURVE('',#1440,#1440,#1275,.T.);
#1789=EDGE_CURVE('',#1441,#1441,#1276,.T.);
#1790=EDGE_CURVE('',#1442,#1443,#781,.T.);
#1791=EDGE_CURVE('',#1443,#1444,#782,.T.);
#1792=EDGE_CURVE('',#1444,#1445,#783,.T.);
#1793=EDGE_CURVE('',#1445,#1442,#784,.T.);
#1794=EDGE_CURVE('',#1446,#1446,#1277,.T.);
#1795=EDGE_CURVE('',#1447,#1447,#1278,.T.);
#1796=EDGE_CURVE('',#1436,#1443,#785,.T.);
#1797=EDGE_CURVE('',#1437,#1442,#786,.T.);
#1798=EDGE_CURVE('',#1448,#1449,#787,.T.);
#1799=EDGE_CURVE('',#1439,#1444,#788,.T.);
#1800=EDGE_CURVE('',#1438,#1445,#789,.T.);
#1801=EDGE_CURVE('',#1446,#1440,#790,.T.);
#1802=EDGE_CURVE('',#1447,#1441,#791,.T.);
#1803=EDGE_CURVE('',#1450,#1450,#1279,.T.);
#1804=EDGE_CURVE('',#1450,#1451,#792,.T.);
#1805=EDGE_CURVE('',#1451,#1451,#1280,.T.);
#1806=EDGE_CURVE('',#1452,#1452,#1281,.T.);
#1807=EDGE_CURVE('',#1452,#1453,#793,.T.);
#1808=EDGE_CURVE('',#1453,#1453,#1282,.T.);
#1809=EDGE_CURVE('',#1454,#1455,#794,.T.);
#1810=EDGE_CURVE('',#1456,#1454,#795,.T.);
#1811=EDGE_CURVE('',#1457,#1456,#796,.T.);
#1812=EDGE_CURVE('',#1457,#1458,#797,.T.);
#1813=EDGE_CURVE('',#1458,#1459,#798,.T.);
#1814=EDGE_CURVE('',#1459,#1460,#799,.T.);
#1815=EDGE_CURVE('',#1461,#1460,#800,.T.);
#1816=EDGE_CURVE('',#1462,#1461,#801,.T.);
#1817=EDGE_CURVE('',#1463,#1462,#802,.T.);
#1818=EDGE_CURVE('',#1463,#1464,#803,.T.);
#1819=EDGE_CURVE('',#1464,#1465,#804,.T.);
#1820=EDGE_CURVE('',#1465,#1455,#805,.T.);
#1821=EDGE_CURVE('',#1464,#1466,#806,.T.);
#1822=EDGE_CURVE('',#1467,#1466,#807,.T.);
#1823=EDGE_CURVE('',#1465,#1467,#808,.T.);
#1824=EDGE_CURVE('',#1458,#1468,#809,.T.);
#1825=EDGE_CURVE('',#1469,#1468,#810,.T.);
#1826=EDGE_CURVE('',#1469,#1459,#811,.T.);
#1827=EDGE_CURVE('',#1468,#1467,#812,.T.);
#1828=EDGE_CURVE('',#1466,#1469,#813,.T.);
#1829=EDGE_CURVE('',#1461,#1462,#1283,.T.);
#1830=EDGE_CURVE('',#1460,#1463,#1284,.T.);
#1831=EDGE_CURVE('',#1457,#1455,#1285,.T.);
#1832=EDGE_CURVE('',#1456,#1454,#1286,.T.);
#1833=EDGE_CURVE('',#1470,#1471,#814,.T.);
#1834=EDGE_CURVE('',#1472,#1470,#1287,.T.);
#1835=EDGE_CURVE('',#1473,#1472,#815,.T.);
#1836=EDGE_CURVE('',#1473,#1471,#1288,.T.);
#1837=EDGE_CURVE('',#1471,#1473,#1289,.T.);
#1838=EDGE_CURVE('',#1470,#1472,#1290,.T.);
#1839=EDGE_CURVE('',#1474,#1475,#816,.T.);
#1840=EDGE_CURVE('',#1475,#1476,#817,.T.);
#1841=EDGE_CURVE('',#1476,#1477,#818,.T.);
#1842=EDGE_CURVE('',#1477,#1474,#819,.T.);
#1843=EDGE_CURVE('',#1478,#1478,#1291,.T.);
#1844=EDGE_CURVE('',#1479,#1479,#1292,.T.);
#1845=EDGE_CURVE('',#1480,#1481,#820,.T.);
#1846=EDGE_CURVE('',#1481,#1482,#821,.T.);
#1847=EDGE_CURVE('',#1482,#1483,#822,.T.);
#1848=EDGE_CURVE('',#1483,#1480,#823,.T.);
#1849=EDGE_CURVE('',#1484,#1484,#1293,.T.);
#1850=EDGE_CURVE('',#1485,#1485,#1294,.T.);
#1851=EDGE_CURVE('',#1474,#1481,#824,.T.);
#1852=EDGE_CURVE('',#1475,#1480,#825,.T.);
#1853=EDGE_CURVE('',#1486,#1487,#826,.T.);
#1854=EDGE_CURVE('',#1477,#1482,#827,.T.);
#1855=EDGE_CURVE('',#1476,#1483,#828,.T.);
#1856=EDGE_CURVE('',#1484,#1478,#829,.T.);
#1857=EDGE_CURVE('',#1485,#1479,#830,.T.);
#1858=EDGE_CURVE('',#1488,#1488,#1295,.T.);
#1859=EDGE_CURVE('',#1488,#1489,#831,.T.);
#1860=EDGE_CURVE('',#1489,#1489,#1296,.T.);
#1861=EDGE_CURVE('',#1490,#1490,#1297,.T.);
#1862=EDGE_CURVE('',#1490,#1491,#832,.T.);
#1863=EDGE_CURVE('',#1491,#1491,#1298,.T.);
#1864=EDGE_CURVE('',#1492,#1493,#833,.T.);
#1865=EDGE_CURVE('',#1494,#1492,#834,.T.);
#1866=EDGE_CURVE('',#1495,#1494,#835,.T.);
#1867=EDGE_CURVE('',#1495,#1496,#836,.T.);
#1868=EDGE_CURVE('',#1496,#1497,#837,.T.);
#1869=EDGE_CURVE('',#1497,#1498,#838,.T.);
#1870=EDGE_CURVE('',#1499,#1498,#839,.T.);
#1871=EDGE_CURVE('',#1500,#1499,#840,.T.);
#1872=EDGE_CURVE('',#1501,#1500,#841,.T.);
#1873=EDGE_CURVE('',#1501,#1502,#842,.T.);
#1874=EDGE_CURVE('',#1502,#1503,#843,.T.);
#1875=EDGE_CURVE('',#1503,#1493,#844,.T.);
#1876=EDGE_CURVE('',#1502,#1504,#845,.T.);
#1877=EDGE_CURVE('',#1505,#1504,#846,.T.);
#1878=EDGE_CURVE('',#1503,#1505,#847,.T.);
#1879=EDGE_CURVE('',#1496,#1506,#848,.T.);
#1880=EDGE_CURVE('',#1507,#1506,#849,.T.);
#1881=EDGE_CURVE('',#1507,#1497,#850,.T.);
#1882=EDGE_CURVE('',#1506,#1505,#851,.T.);
#1883=EDGE_CURVE('',#1504,#1507,#852,.T.);
#1884=EDGE_CURVE('',#1499,#1500,#1299,.T.);
#1885=EDGE_CURVE('',#1498,#1501,#1300,.T.);
#1886=EDGE_CURVE('',#1495,#1493,#1301,.T.);
#1887=EDGE_CURVE('',#1494,#1492,#1302,.T.);
#1888=EDGE_CURVE('',#1508,#1509,#15,.T.);
#1889=EDGE_CURVE('',#1510,#1508,#28,.T.);
#1890=EDGE_CURVE('',#1510,#1511,#853,.T.);
#1891=EDGE_CURVE('',#1512,#1511,#29,.T.);
#1892=EDGE_CURVE('',#1513,#1512,#16,.T.);
#1893=EDGE_CURVE('',#1511,#1513,#30,.T.);
#1894=EDGE_CURVE('',#1509,#1510,#31,.T.);
#1895=EDGE_CURVE('',#1514,#1515,#17,.T.);
#1896=EDGE_CURVE('',#1516,#1514,#32,.T.);
#1897=EDGE_CURVE('',#1516,#1517,#854,.T.);
#1898=EDGE_CURVE('',#1518,#1517,#33,.T.);
#1899=EDGE_CURVE('',#1519,#1518,#18,.T.);
#1900=EDGE_CURVE('',#1517,#1519,#34,.T.);
#1901=EDGE_CURVE('',#1515,#1516,#35,.T.);
#1902=EDGE_CURVE('',#1520,#1521,#19,.T.);
#1903=EDGE_CURVE('',#1522,#1520,#36,.T.);
#1904=EDGE_CURVE('',#1522,#1523,#855,.T.);
#1905=EDGE_CURVE('',#1524,#1523,#37,.T.);
#1906=EDGE_CURVE('',#1525,#1524,#20,.T.);
#1907=EDGE_CURVE('',#1523,#1525,#38,.T.);
#1908=EDGE_CURVE('',#1521,#1522,#39,.T.);
#1909=EDGE_CURVE('',#1526,#1527,#21,.T.);
#1910=EDGE_CURVE('',#1528,#1526,#40,.T.);
#1911=EDGE_CURVE('',#1528,#1529,#856,.T.);
#1912=EDGE_CURVE('',#1530,#1529,#41,.T.);
#1913=EDGE_CURVE('',#1531,#1530,#22,.T.);
#1914=EDGE_CURVE('',#1529,#1531,#42,.T.);
#1915=EDGE_CURVE('',#1527,#1528,#43,.T.);
#1916=EDGE_CURVE('',#1527,#1508,#857,.T.);
#1917=EDGE_CURVE('',#1532,#1526,#858,.T.);
#1918=EDGE_CURVE('',#1532,#1533,#859,.T.);
#1919=EDGE_CURVE('',#1533,#1534,#860,.T.);
#1920=EDGE_CURVE('',#1535,#1534,#861,.T.);
#1921=EDGE_CURVE('',#1535,#1536,#862,.T.);
#1922=EDGE_CURVE('',#1536,#1537,#863,.T.);
#1923=EDGE_CURVE('',#1515,#1537,#864,.T.);
#1924=EDGE_CURVE('',#1521,#1514,#865,.T.);
#1925=EDGE_CURVE('',#1509,#1520,#866,.T.);
#1926=EDGE_CURVE('',#1524,#1513,#867,.T.);
#1927=EDGE_CURVE('',#1518,#1525,#868,.T.);
#1928=EDGE_CURVE('',#1538,#1519,#869,.T.);
#1929=EDGE_CURVE('',#1539,#1538,#870,.T.);
#1930=EDGE_CURVE('',#1540,#1539,#871,.T.);
#1931=EDGE_CURVE('',#1541,#1540,#872,.T.);
#1932=EDGE_CURVE('',#1542,#1541,#873,.T.);
#1933=EDGE_CURVE('',#1543,#1542,#874,.T.);
#1934=EDGE_CURVE('',#1530,#1543,#875,.T.);
#1935=EDGE_CURVE('',#1512,#1531,#876,.T.);
#1936=EDGE_CURVE('',#1537,#1544,#1303,.T.);
#1937=EDGE_CURVE('',#1545,#1544,#877,.T.);
#1938=EDGE_CURVE('',#1545,#1532,#1304,.T.);
#1939=EDGE_CURVE('',#1536,#1546,#878,.T.);
#1940=EDGE_CURVE('',#1544,#1546,#879,.T.);
#1941=EDGE_CURVE('',#1542,#1547,#44,.T.);
#1942=EDGE_CURVE('',#1547,#1545,#880,.T.);
#1943=EDGE_CURVE('',#1543,#1545,#45,.T.);
#1944=EDGE_CURVE('',#1541,#1548,#46,.T.);
#1945=EDGE_CURVE('',#1548,#1547,#881,.T.);
#1946=EDGE_CURVE('',#1540,#1549,#47,.T.);
#1947=EDGE_CURVE('',#1549,#1548,#882,.T.);
#1948=EDGE_CURVE('',#1539,#1546,#48,.T.);
#1949=EDGE_CURVE('',#1546,#1549,#883,.T.);
#1950=EDGE_CURVE('',#1538,#1544,#49,.T.);
#1951=EDGE_CURVE('',#1533,#1547,#884,.T.);
#1952=EDGE_CURVE('',#1534,#1548,#885,.T.);
#1953=EDGE_CURVE('',#1535,#1549,#886,.T.);
#1954=EDGE_CURVE('',#1550,#1551,#887,.T.);
#1955=EDGE_CURVE('',#1550,#1552,#888,.T.);
#1956=EDGE_CURVE('',#1553,#1552,#889,.T.);
#1957=EDGE_CURVE('',#1551,#1553,#890,.T.);
#1958=EDGE_CURVE('',#1551,#1554,#891,.T.);
#1959=EDGE_CURVE('',#1555,#1553,#892,.T.);
#1960=EDGE_CURVE('',#1554,#1555,#893,.T.);
#1961=EDGE_CURVE('',#1554,#1556,#894,.T.);
#1962=EDGE_CURVE('',#1557,#1555,#895,.T.);
#1963=EDGE_CURVE('',#1556,#1557,#896,.T.);
#1964=EDGE_CURVE('',#1556,#1550,#897,.T.);
#1965=EDGE_CURVE('',#1552,#1557,#898,.T.);
#1966=EDGE_CURVE('',#1558,#1559,#899,.T.);
#1967=EDGE_CURVE('',#1558,#1560,#900,.T.);
#1968=EDGE_CURVE('',#1561,#1560,#901,.T.);
#1969=EDGE_CURVE('',#1559,#1561,#902,.T.);
#1970=EDGE_CURVE('',#1559,#1562,#903,.T.);
#1971=EDGE_CURVE('',#1563,#1561,#904,.T.);
#1972=EDGE_CURVE('',#1562,#1563,#905,.T.);
#1973=EDGE_CURVE('',#1562,#1564,#906,.T.);
#1974=EDGE_CURVE('',#1565,#1563,#907,.T.);
#1975=EDGE_CURVE('',#1564,#1565,#908,.T.);
#1976=EDGE_CURVE('',#1564,#1558,#909,.T.);
#1977=EDGE_CURVE('',#1560,#1565,#910,.T.);
#1978=EDGE_CURVE('',#1566,#1567,#911,.T.);
#1979=EDGE_CURVE('',#1567,#1568,#912,.T.);
#1980=EDGE_CURVE('',#1569,#1568,#913,.T.);
#1981=EDGE_CURVE('',#1566,#1569,#914,.T.);
#1982=EDGE_CURVE('',#1566,#1570,#915,.T.);
#1983=EDGE_CURVE('',#1571,#1569,#916,.T.);
#1984=EDGE_CURVE('',#1570,#1571,#917,.T.);
#1985=EDGE_CURVE('',#1570,#1572,#918,.T.);
#1986=EDGE_CURVE('',#1573,#1571,#919,.T.);
#1987=EDGE_CURVE('',#1572,#1573,#920,.T.);
#1988=EDGE_CURVE('',#1572,#1567,#921,.T.);
#1989=EDGE_CURVE('',#1568,#1573,#922,.T.);
#1990=ORIENTED_EDGE('',*,*,#1574,.F.);
#1991=ORIENTED_EDGE('',*,*,#1575,.T.);
#1992=ORIENTED_EDGE('',*,*,#1576,.F.);
#1993=ORIENTED_EDGE('',*,*,#1575,.F.);
#1994=ORIENTED_EDGE('',*,*,#1574,.T.);
#1995=ORIENTED_EDGE('',*,*,#1577,.F.);
#1996=ORIENTED_EDGE('',*,*,#1578,.F.);
#1997=ORIENTED_EDGE('',*,*,#1579,.T.);
#1998=ORIENTED_EDGE('',*,*,#1580,.F.);
#1999=ORIENTED_EDGE('',*,*,#1579,.F.);
#2000=ORIENTED_EDGE('',*,*,#1578,.T.);
#2001=ORIENTED_EDGE('',*,*,#1581,.F.);
#2002=ORIENTED_EDGE('',*,*,#1582,.T.);
#2003=ORIENTED_EDGE('',*,*,#1583,.F.);
#2004=ORIENTED_EDGE('',*,*,#1582,.F.);
#2005=ORIENTED_EDGE('',*,*,#1581,.T.);
#2006=ORIENTED_EDGE('',*,*,#1584,.F.);
#2007=ORIENTED_EDGE('',*,*,#1585,.T.);
#2008=ORIENTED_EDGE('',*,*,#1586,.F.);
#2009=ORIENTED_EDGE('',*,*,#1585,.F.);
#2010=ORIENTED_EDGE('',*,*,#1584,.T.);
#2011=ORIENTED_EDGE('',*,*,#1587,.F.);
#2012=ORIENTED_EDGE('',*,*,#1588,.T.);
#2013=ORIENTED_EDGE('',*,*,#1589,.F.);
#2014=ORIENTED_EDGE('',*,*,#1588,.F.);
#2015=ORIENTED_EDGE('',*,*,#1587,.T.);
#2016=ORIENTED_EDGE('',*,*,#1590,.F.);
#2017=ORIENTED_EDGE('',*,*,#1591,.T.);
#2018=ORIENTED_EDGE('',*,*,#1577,.T.);
#2019=ORIENTED_EDGE('',*,*,#1591,.F.);
#2020=ORIENTED_EDGE('',*,*,#1590,.T.);
#2021=ORIENTED_EDGE('',*,*,#1592,.F.);
#2022=ORIENTED_EDGE('',*,*,#1593,.T.);
#2023=ORIENTED_EDGE('',*,*,#1594,.F.);
#2024=ORIENTED_EDGE('',*,*,#1595,.F.);
#2025=ORIENTED_EDGE('',*,*,#1596,.F.);
#2026=ORIENTED_EDGE('',*,*,#1597,.T.);
#2027=ORIENTED_EDGE('',*,*,#1598,.F.);
#2028=ORIENTED_EDGE('',*,*,#1599,.F.);
#2029=ORIENTED_EDGE('',*,*,#1598,.T.);
#2030=ORIENTED_EDGE('',*,*,#1600,.T.);
#2031=ORIENTED_EDGE('',*,*,#1594,.T.);
#2032=ORIENTED_EDGE('',*,*,#1601,.T.);
#2033=ORIENTED_EDGE('',*,*,#1592,.T.);
#2034=ORIENTED_EDGE('',*,*,#1602,.F.);
#2035=ORIENTED_EDGE('',*,*,#1603,.F.);
#2036=ORIENTED_EDGE('',*,*,#1604,.F.);
#2037=ORIENTED_EDGE('',*,*,#1596,.T.);
#2038=ORIENTED_EDGE('',*,*,#1605,.F.);
#2039=ORIENTED_EDGE('',*,*,#1606,.T.);
#2040=ORIENTED_EDGE('',*,*,#1607,.F.);
#2041=ORIENTED_EDGE('',*,*,#1608,.F.);
#2042=ORIENTED_EDGE('',*,*,#1603,.T.);
#2043=ORIENTED_EDGE('',*,*,#1609,.F.);
#2044=ORIENTED_EDGE('',*,*,#1610,.F.);
#2045=ORIENTED_EDGE('',*,*,#1611,.F.);
#2046=ORIENTED_EDGE('',*,*,#1610,.T.);
#2047=ORIENTED_EDGE('',*,*,#1612,.F.);
#2048=ORIENTED_EDGE('',*,*,#1613,.F.);
#2049=ORIENTED_EDGE('',*,*,#1614,.F.);
#2050=ORIENTED_EDGE('',*,*,#1613,.T.);
#2051=ORIENTED_EDGE('',*,*,#1615,.F.);
#2052=ORIENTED_EDGE('',*,*,#1606,.F.);
#2053=ORIENTED_EDGE('',*,*,#1602,.T.);
#2054=ORIENTED_EDGE('',*,*,#1595,.T.);
#2055=ORIENTED_EDGE('',*,*,#1600,.F.);
#2056=ORIENTED_EDGE('',*,*,#1597,.F.);
#2057=ORIENTED_EDGE('',*,*,#1607,.T.);
#2058=ORIENTED_EDGE('',*,*,#1615,.T.);
#2059=ORIENTED_EDGE('',*,*,#1612,.T.);
#2060=ORIENTED_EDGE('',*,*,#1609,.T.);
#2061=ORIENTED_EDGE('',*,*,#1605,.T.);
#2062=ORIENTED_EDGE('',*,*,#1599,.T.);
#2063=ORIENTED_EDGE('',*,*,#1601,.F.);
#2064=ORIENTED_EDGE('',*,*,#1593,.F.);
#2065=ORIENTED_EDGE('',*,*,#1604,.T.);
#2066=ORIENTED_EDGE('',*,*,#1608,.T.);
#2067=ORIENTED_EDGE('',*,*,#1611,.T.);
#2068=ORIENTED_EDGE('',*,*,#1614,.T.);
#2069=ORIENTED_EDGE('',*,*,#1576,.T.);
#2070=ORIENTED_EDGE('',*,*,#1580,.T.);
#2071=ORIENTED_EDGE('',*,*,#1583,.T.);
#2072=ORIENTED_EDGE('',*,*,#1586,.T.);
#2073=ORIENTED_EDGE('',*,*,#1589,.T.);
#2074=ORIENTED_EDGE('',*,*,#1616,.F.);
#2075=ORIENTED_EDGE('',*,*,#1617,.T.);
#2076=ORIENTED_EDGE('',*,*,#1618,.T.);
#2077=ORIENTED_EDGE('',*,*,#1617,.F.);
#2078=ORIENTED_EDGE('',*,*,#1619,.F.);
#2079=ORIENTED_EDGE('',*,*,#1620,.T.);
#2080=ORIENTED_EDGE('',*,*,#1621,.T.);
#2081=ORIENTED_EDGE('',*,*,#1620,.F.);
#2082=ORIENTED_EDGE('',*,*,#1619,.T.);
#2083=ORIENTED_EDGE('',*,*,#1616,.T.);
#2084=ORIENTED_EDGE('',*,*,#1621,.F.);
#2085=ORIENTED_EDGE('',*,*,#1618,.F.);
#2086=ORIENTED_EDGE('',*,*,#1622,.F.);
#2087=ORIENTED_EDGE('',*,*,#1623,.F.);
#2088=ORIENTED_EDGE('',*,*,#1624,.F.);
#2089=ORIENTED_EDGE('',*,*,#1625,.T.);
#2090=ORIENTED_EDGE('',*,*,#1626,.F.);
#2091=ORIENTED_EDGE('',*,*,#1625,.F.);
#2092=ORIENTED_EDGE('',*,*,#1627,.F.);
#2093=ORIENTED_EDGE('',*,*,#1628,.T.);
#2094=ORIENTED_EDGE('',*,*,#1629,.F.);
#2095=ORIENTED_EDGE('',*,*,#1628,.F.);
#2096=ORIENTED_EDGE('',*,*,#1630,.F.);
#2097=ORIENTED_EDGE('',*,*,#1631,.T.);
#2098=ORIENTED_EDGE('',*,*,#1632,.F.);
#2099=ORIENTED_EDGE('',*,*,#1631,.F.);
#2100=ORIENTED_EDGE('',*,*,#1633,.F.);
#2101=ORIENTED_EDGE('',*,*,#1623,.T.);
#2102=ORIENTED_EDGE('',*,*,#1634,.F.);
#2103=ORIENTED_EDGE('',*,*,#1635,.T.);
#2104=ORIENTED_EDGE('',*,*,#1636,.F.);
#2105=ORIENTED_EDGE('',*,*,#1635,.F.);
#2106=ORIENTED_EDGE('',*,*,#1637,.F.);
#2107=ORIENTED_EDGE('',*,*,#1638,.T.);
#2108=ORIENTED_EDGE('',*,*,#1639,.F.);
#2109=ORIENTED_EDGE('',*,*,#1638,.F.);
#2110=ORIENTED_EDGE('',*,*,#1640,.F.);
#2111=ORIENTED_EDGE('',*,*,#1641,.T.);
#2112=ORIENTED_EDGE('',*,*,#1642,.F.);
#2113=ORIENTED_EDGE('',*,*,#1641,.F.);
#2114=ORIENTED_EDGE('',*,*,#1643,.F.);
#2115=ORIENTED_EDGE('',*,*,#1644,.T.);
#2116=ORIENTED_EDGE('',*,*,#1645,.F.);
#2117=ORIENTED_EDGE('',*,*,#1644,.F.);
#2118=ORIENTED_EDGE('',*,*,#1646,.F.);
#2119=ORIENTED_EDGE('',*,*,#1647,.F.);
#2120=ORIENTED_EDGE('',*,*,#1648,.T.);
#2121=ORIENTED_EDGE('',*,*,#1649,.T.);
#2122=ORIENTED_EDGE('',*,*,#1650,.F.);
#2123=ORIENTED_EDGE('',*,*,#1651,.F.);
#2124=ORIENTED_EDGE('',*,*,#1652,.F.);
#2125=ORIENTED_EDGE('',*,*,#1653,.F.);
#2126=ORIENTED_EDGE('',*,*,#1647,.T.);
#2127=ORIENTED_EDGE('',*,*,#1648,.F.);
#2128=ORIENTED_EDGE('',*,*,#1653,.T.);
#2129=ORIENTED_EDGE('',*,*,#1654,.F.);
#2130=ORIENTED_EDGE('',*,*,#1655,.F.);
#2131=ORIENTED_EDGE('',*,*,#1649,.F.);
#2132=ORIENTED_EDGE('',*,*,#1655,.T.);
#2133=ORIENTED_EDGE('',*,*,#1656,.F.);
#2134=ORIENTED_EDGE('',*,*,#1657,.F.);
#2135=ORIENTED_EDGE('',*,*,#1658,.F.);
#2136=ORIENTED_EDGE('',*,*,#1659,.F.);
#2137=ORIENTED_EDGE('',*,*,#1657,.T.);
#2138=ORIENTED_EDGE('',*,*,#1660,.F.);
#2139=ORIENTED_EDGE('',*,*,#1661,.F.);
#2140=ORIENTED_EDGE('',*,*,#1662,.F.);
#2141=ORIENTED_EDGE('',*,*,#1661,.T.);
#2142=ORIENTED_EDGE('',*,*,#1663,.F.);
#2143=ORIENTED_EDGE('',*,*,#1664,.F.);
#2144=ORIENTED_EDGE('',*,*,#1652,.T.);
#2145=ORIENTED_EDGE('',*,*,#1665,.F.);
#2146=ORIENTED_EDGE('',*,*,#1666,.F.);
#2147=ORIENTED_EDGE('',*,*,#1663,.T.);
#2148=ORIENTED_EDGE('',*,*,#1660,.T.);
#2149=ORIENTED_EDGE('',*,*,#1656,.T.);
#2150=ORIENTED_EDGE('',*,*,#1654,.T.);
#2151=ORIENTED_EDGE('',*,*,#1664,.T.);
#2152=ORIENTED_EDGE('',*,*,#1666,.T.);
#2153=ORIENTED_EDGE('',*,*,#1667,.T.);
#2154=ORIENTED_EDGE('',*,*,#1668,.F.);
#2155=ORIENTED_EDGE('',*,*,#1669,.F.);
#2156=ORIENTED_EDGE('',*,*,#1670,.F.);
#2157=ORIENTED_EDGE('',*,*,#1665,.T.);
#2158=ORIENTED_EDGE('',*,*,#1671,.F.);
#2159=ORIENTED_EDGE('',*,*,#1672,.F.);
#2160=ORIENTED_EDGE('',*,*,#1667,.F.);
#2161=ORIENTED_EDGE('',*,*,#1673,.T.);
#2162=ORIENTED_EDGE('',*,*,#1674,.T.);
#2163=ORIENTED_EDGE('',*,*,#1675,.T.);
#2164=ORIENTED_EDGE('',*,*,#1676,.T.);
#2165=ORIENTED_EDGE('',*,*,#1677,.T.);
#2166=ORIENTED_EDGE('',*,*,#1678,.T.);
#2167=ORIENTED_EDGE('',*,*,#1679,.T.);
#2168=ORIENTED_EDGE('',*,*,#1680,.T.);
#2169=ORIENTED_EDGE('',*,*,#1677,.F.);
#2170=ORIENTED_EDGE('',*,*,#1681,.T.);
#2171=ORIENTED_EDGE('',*,*,#1675,.F.);
#2172=ORIENTED_EDGE('',*,*,#1682,.T.);
#2173=ORIENTED_EDGE('',*,*,#1683,.T.);
#2174=ORIENTED_EDGE('',*,*,#1684,.T.);
#2175=ORIENTED_EDGE('',*,*,#1669,.T.);
#2176=ORIENTED_EDGE('',*,*,#1682,.F.);
#2177=ORIENTED_EDGE('',*,*,#1685,.T.);
#2178=ORIENTED_EDGE('',*,*,#1679,.F.);
#2179=ORIENTED_EDGE('',*,*,#1681,.F.);
#2180=ORIENTED_EDGE('',*,*,#1686,.T.);
#2181=ORIENTED_EDGE('',*,*,#1687,.F.);
#2182=ORIENTED_EDGE('',*,*,#1688,.T.);
#2183=ORIENTED_EDGE('',*,*,#1680,.F.);
#2184=ORIENTED_EDGE('',*,*,#1689,.F.);
#2185=ORIENTED_EDGE('',*,*,#1690,.F.);
#2186=ORIENTED_EDGE('',*,*,#1691,.F.);
#2187=ORIENTED_EDGE('',*,*,#1692,.F.);
#2188=ORIENTED_EDGE('',*,*,#1686,.F.);
#2189=ORIENTED_EDGE('',*,*,#1693,.T.);
#2190=ORIENTED_EDGE('',*,*,#1694,.T.);
#2191=ORIENTED_EDGE('',*,*,#1695,.T.);
#2192=ORIENTED_EDGE('',*,*,#1696,.T.);
#2193=ORIENTED_EDGE('',*,*,#1697,.T.);
#2194=ORIENTED_EDGE('',*,*,#1698,.T.);
#2195=ORIENTED_EDGE('',*,*,#1685,.F.);
#2196=ORIENTED_EDGE('',*,*,#1668,.T.);
#2197=ORIENTED_EDGE('',*,*,#1699,.F.);
#2198=ORIENTED_EDGE('',*,*,#1689,.T.);
#2199=ORIENTED_EDGE('',*,*,#1700,.T.);
#2200=ORIENTED_EDGE('',*,*,#1701,.T.);
#2201=ORIENTED_EDGE('',*,*,#1702,.T.);
#2202=ORIENTED_EDGE('',*,*,#1703,.T.);
#2203=ORIENTED_EDGE('',*,*,#1702,.F.);
#2204=ORIENTED_EDGE('',*,*,#1687,.T.);
#2205=ORIENTED_EDGE('',*,*,#1704,.T.);
#2206=ORIENTED_EDGE('',*,*,#1676,.F.);
#2207=ORIENTED_EDGE('',*,*,#1688,.F.);
#2208=ORIENTED_EDGE('',*,*,#1701,.F.);
#2209=ORIENTED_EDGE('',*,*,#1705,.F.);
#2210=ORIENTED_EDGE('',*,*,#1630,.T.);
#2211=ORIENTED_EDGE('',*,*,#1627,.T.);
#2212=ORIENTED_EDGE('',*,*,#1624,.T.);
#2213=ORIENTED_EDGE('',*,*,#1633,.T.);
#2214=ORIENTED_EDGE('',*,*,#1636,.T.);
#2215=ORIENTED_EDGE('',*,*,#1639,.T.);
#2216=ORIENTED_EDGE('',*,*,#1642,.T.);
#2217=ORIENTED_EDGE('',*,*,#1645,.T.);
#2218=ORIENTED_EDGE('',*,*,#1673,.F.);
#2219=ORIENTED_EDGE('',*,*,#1705,.T.);
#2220=ORIENTED_EDGE('',*,*,#1700,.F.);
#2221=ORIENTED_EDGE('',*,*,#1706,.T.);
#2222=ORIENTED_EDGE('',*,*,#1707,.F.);
#2223=ORIENTED_EDGE('',*,*,#1708,.T.);
#2224=ORIENTED_EDGE('',*,*,#1709,.T.);
#2225=ORIENTED_EDGE('',*,*,#1703,.F.);
#2226=ORIENTED_EDGE('',*,*,#1710,.F.);
#2227=ORIENTED_EDGE('',*,*,#1711,.F.);
#2228=ORIENTED_EDGE('',*,*,#1712,.F.);
#2229=ORIENTED_EDGE('',*,*,#1706,.F.);
#2230=ORIENTED_EDGE('',*,*,#1704,.F.);
#2231=ORIENTED_EDGE('',*,*,#1692,.T.);
#2232=ORIENTED_EDGE('',*,*,#1713,.T.);
#2233=ORIENTED_EDGE('',*,*,#1710,.T.);
#2234=ORIENTED_EDGE('',*,*,#1713,.F.);
#2235=ORIENTED_EDGE('',*,*,#1714,.T.);
#2236=ORIENTED_EDGE('',*,*,#1715,.T.);
#2237=ORIENTED_EDGE('',*,*,#1714,.F.);
#2238=ORIENTED_EDGE('',*,*,#1691,.T.);
#2239=ORIENTED_EDGE('',*,*,#1716,.F.);
#2240=ORIENTED_EDGE('',*,*,#1717,.T.);
#2241=ORIENTED_EDGE('',*,*,#1674,.F.);
#2242=ORIENTED_EDGE('',*,*,#1709,.F.);
#2243=ORIENTED_EDGE('',*,*,#1718,.F.);
#2244=ORIENTED_EDGE('',*,*,#1719,.F.);
#2245=ORIENTED_EDGE('',*,*,#1683,.F.);
#2246=ORIENTED_EDGE('',*,*,#1678,.F.);
#2247=ORIENTED_EDGE('',*,*,#1672,.T.);
#2248=ORIENTED_EDGE('',*,*,#1720,.T.);
#2249=ORIENTED_EDGE('',*,*,#1690,.T.);
#2250=ORIENTED_EDGE('',*,*,#1699,.T.);
#2251=ORIENTED_EDGE('',*,*,#1720,.F.);
#2252=ORIENTED_EDGE('',*,*,#1721,.T.);
#2253=ORIENTED_EDGE('',*,*,#1716,.T.);
#2254=ORIENTED_EDGE('',*,*,#1721,.F.);
#2255=ORIENTED_EDGE('',*,*,#1671,.T.);
#2256=ORIENTED_EDGE('',*,*,#1651,.T.);
#2257=ORIENTED_EDGE('',*,*,#1722,.T.);
#2258=ORIENTED_EDGE('',*,*,#1723,.T.);
#2259=ORIENTED_EDGE('',*,*,#1724,.T.);
#2260=ORIENTED_EDGE('',*,*,#1684,.F.);
#2261=ORIENTED_EDGE('',*,*,#1719,.T.);
#2262=ORIENTED_EDGE('',*,*,#1725,.T.);
#2263=ORIENTED_EDGE('',*,*,#1726,.T.);
#2264=ORIENTED_EDGE('',*,*,#1727,.T.);
#2265=ORIENTED_EDGE('',*,*,#1646,.T.);
#2266=ORIENTED_EDGE('',*,*,#1728,.T.);
#2267=ORIENTED_EDGE('',*,*,#1725,.F.);
#2268=ORIENTED_EDGE('',*,*,#1729,.F.);
#2269=ORIENTED_EDGE('',*,*,#1730,.F.);
#2270=ORIENTED_EDGE('',*,*,#1731,.F.);
#2271=ORIENTED_EDGE('',*,*,#1707,.T.);
#2272=ORIENTED_EDGE('',*,*,#1712,.T.);
#2273=ORIENTED_EDGE('',*,*,#1730,.T.);
#2274=ORIENTED_EDGE('',*,*,#1732,.T.);
#2275=ORIENTED_EDGE('',*,*,#1722,.F.);
#2276=ORIENTED_EDGE('',*,*,#1733,.F.);
#2277=ORIENTED_EDGE('',*,*,#1734,.F.);
#2278=ORIENTED_EDGE('',*,*,#1735,.T.);
#2279=ORIENTED_EDGE('',*,*,#1733,.T.);
#2280=ORIENTED_EDGE('',*,*,#1650,.T.);
#2281=ORIENTED_EDGE('',*,*,#1727,.F.);
#2282=ORIENTED_EDGE('',*,*,#1729,.T.);
#2283=ORIENTED_EDGE('',*,*,#1736,.T.);
#2284=ORIENTED_EDGE('',*,*,#1734,.T.);
#2285=ORIENTED_EDGE('',*,*,#1737,.T.);
#2286=ORIENTED_EDGE('',*,*,#1715,.F.);
#2287=ORIENTED_EDGE('',*,*,#1738,.T.);
#2288=ORIENTED_EDGE('',*,*,#1731,.T.);
#2289=ORIENTED_EDGE('',*,*,#1711,.T.);
#2290=ORIENTED_EDGE('',*,*,#1662,.T.);
#2291=ORIENTED_EDGE('',*,*,#1670,.T.);
#2292=ORIENTED_EDGE('',*,*,#1724,.F.);
#2293=ORIENTED_EDGE('',*,*,#1728,.F.);
#2294=ORIENTED_EDGE('',*,*,#1658,.T.);
#2295=ORIENTED_EDGE('',*,*,#1659,.T.);
#2296=ORIENTED_EDGE('',*,*,#1739,.T.);
#2297=ORIENTED_EDGE('',*,*,#1736,.F.);
#2298=ORIENTED_EDGE('',*,*,#1738,.F.);
#2299=ORIENTED_EDGE('',*,*,#1717,.F.);
#2300=ORIENTED_EDGE('',*,*,#1723,.F.);
#2301=ORIENTED_EDGE('',*,*,#1740,.T.);
#2302=ORIENTED_EDGE('',*,*,#1741,.T.);
#2303=ORIENTED_EDGE('',*,*,#1742,.T.);
#2304=ORIENTED_EDGE('',*,*,#1743,.T.);
#2305=ORIENTED_EDGE('',*,*,#1744,.F.);
#2306=ORIENTED_EDGE('',*,*,#1745,.F.);
#2307=ORIENTED_EDGE('',*,*,#1742,.F.);
#2308=ORIENTED_EDGE('',*,*,#1746,.T.);
#2309=ORIENTED_EDGE('',*,*,#1747,.F.);
#2310=ORIENTED_EDGE('',*,*,#1746,.F.);
#2311=ORIENTED_EDGE('',*,*,#1741,.F.);
#2312=ORIENTED_EDGE('',*,*,#1748,.T.);
#2313=ORIENTED_EDGE('',*,*,#1749,.F.);
#2314=ORIENTED_EDGE('',*,*,#1748,.F.);
#2315=ORIENTED_EDGE('',*,*,#1740,.F.);
#2316=ORIENTED_EDGE('',*,*,#1750,.T.);
#2317=ORIENTED_EDGE('',*,*,#1751,.F.);
#2318=ORIENTED_EDGE('',*,*,#1750,.F.);
#2319=ORIENTED_EDGE('',*,*,#1743,.F.);
#2320=ORIENTED_EDGE('',*,*,#1745,.T.);
#2321=ORIENTED_EDGE('',*,*,#1752,.F.);
#2322=ORIENTED_EDGE('',*,*,#1753,.T.);
#2323=ORIENTED_EDGE('',*,*,#1754,.F.);
#2324=ORIENTED_EDGE('',*,*,#1693,.F.);
#2325=ORIENTED_EDGE('',*,*,#1749,.T.);
#2326=ORIENTED_EDGE('',*,*,#1751,.T.);
#2327=ORIENTED_EDGE('',*,*,#1744,.T.);
#2328=ORIENTED_EDGE('',*,*,#1747,.T.);
#2329=ORIENTED_EDGE('',*,*,#1754,.T.);
#2330=ORIENTED_EDGE('',*,*,#1755,.F.);
#2331=ORIENTED_EDGE('',*,*,#1756,.T.);
#2332=ORIENTED_EDGE('',*,*,#1757,.T.);
#2333=ORIENTED_EDGE('',*,*,#1694,.F.);
#2334=ORIENTED_EDGE('',*,*,#1739,.F.);
#2335=ORIENTED_EDGE('',*,*,#1758,.T.);
#2336=ORIENTED_EDGE('',*,*,#1759,.T.);
#2337=ORIENTED_EDGE('',*,*,#1758,.F.);
#2338=ORIENTED_EDGE('',*,*,#1759,.F.);
#2339=ORIENTED_EDGE('',*,*,#1756,.F.);
#2340=ORIENTED_EDGE('',*,*,#1760,.T.);
#2341=ORIENTED_EDGE('',*,*,#1761,.T.);
#2342=ORIENTED_EDGE('',*,*,#1762,.T.);
#2343=ORIENTED_EDGE('',*,*,#1763,.T.);
#2344=ORIENTED_EDGE('',*,*,#1764,.F.);
#2345=ORIENTED_EDGE('',*,*,#1760,.F.);
#2346=ORIENTED_EDGE('',*,*,#1755,.T.);
#2347=ORIENTED_EDGE('',*,*,#1753,.F.);
#2348=ORIENTED_EDGE('',*,*,#1765,.F.);
#2349=ORIENTED_EDGE('',*,*,#1726,.F.);
#2350=ORIENTED_EDGE('',*,*,#1718,.T.);
#2351=ORIENTED_EDGE('',*,*,#1708,.F.);
#2352=ORIENTED_EDGE('',*,*,#1732,.F.);
#2353=ORIENTED_EDGE('',*,*,#1737,.F.);
#2354=ORIENTED_EDGE('',*,*,#1735,.F.);
#2355=ORIENTED_EDGE('',*,*,#1752,.T.);
#2356=ORIENTED_EDGE('',*,*,#1698,.F.);
#2357=ORIENTED_EDGE('',*,*,#1766,.F.);
#2358=ORIENTED_EDGE('',*,*,#1761,.F.);
#2359=ORIENTED_EDGE('',*,*,#1765,.T.);
#2360=ORIENTED_EDGE('',*,*,#1762,.F.);
#2361=ORIENTED_EDGE('',*,*,#1766,.T.);
#2362=ORIENTED_EDGE('',*,*,#1697,.F.);
#2363=ORIENTED_EDGE('',*,*,#1767,.F.);
#2364=ORIENTED_EDGE('',*,*,#1629,.T.);
#2365=ORIENTED_EDGE('',*,*,#1632,.T.);
#2366=ORIENTED_EDGE('',*,*,#1622,.T.);
#2367=ORIENTED_EDGE('',*,*,#1626,.T.);
#2368=ORIENTED_EDGE('',*,*,#1634,.T.);
#2369=ORIENTED_EDGE('',*,*,#1637,.T.);
#2370=ORIENTED_EDGE('',*,*,#1640,.T.);
#2371=ORIENTED_EDGE('',*,*,#1643,.T.);
#2372=ORIENTED_EDGE('',*,*,#1763,.F.);
#2373=ORIENTED_EDGE('',*,*,#1767,.T.);
#2374=ORIENTED_EDGE('',*,*,#1696,.F.);
#2375=ORIENTED_EDGE('',*,*,#1768,.F.);
#2376=ORIENTED_EDGE('',*,*,#1764,.T.);
#2377=ORIENTED_EDGE('',*,*,#1768,.T.);
#2378=ORIENTED_EDGE('',*,*,#1695,.F.);
#2379=ORIENTED_EDGE('',*,*,#1757,.F.);
#2380=ORIENTED_EDGE('',*,*,#1769,.F.);
#2381=ORIENTED_EDGE('',*,*,#1770,.T.);
#2382=ORIENTED_EDGE('',*,*,#1771,.F.);
#2383=ORIENTED_EDGE('',*,*,#1770,.F.);
#2384=ORIENTED_EDGE('',*,*,#1772,.F.);
#2385=ORIENTED_EDGE('',*,*,#1771,.T.);
#2386=ORIENTED_EDGE('',*,*,#1773,.F.);
#2387=ORIENTED_EDGE('',*,*,#1774,.T.);
#2388=ORIENTED_EDGE('',*,*,#1772,.T.);
#2389=ORIENTED_EDGE('',*,*,#1774,.F.);
#2390=ORIENTED_EDGE('',*,*,#1775,.F.);
#2391=ORIENTED_EDGE('',*,*,#1773,.T.);
#2392=ORIENTED_EDGE('',*,*,#1776,.F.);
#2393=ORIENTED_EDGE('',*,*,#1777,.T.);
#2394=ORIENTED_EDGE('',*,*,#1775,.T.);
#2395=ORIENTED_EDGE('',*,*,#1777,.F.);
#2396=ORIENTED_EDGE('',*,*,#1776,.T.);
#2397=ORIENTED_EDGE('',*,*,#1769,.T.);
#2398=ORIENTED_EDGE('',*,*,#1778,.F.);
#2399=ORIENTED_EDGE('',*,*,#1779,.F.);
#2400=ORIENTED_EDGE('',*,*,#1780,.F.);
#2401=ORIENTED_EDGE('',*,*,#1781,.T.);
#2402=ORIENTED_EDGE('',*,*,#1781,.F.);
#2403=ORIENTED_EDGE('',*,*,#1782,.F.);
#2404=ORIENTED_EDGE('',*,*,#1778,.T.);
#2405=ORIENTED_EDGE('',*,*,#1782,.T.);
#2406=ORIENTED_EDGE('',*,*,#1780,.T.);
#2407=ORIENTED_EDGE('',*,*,#1783,.F.);
#2408=ORIENTED_EDGE('',*,*,#1779,.T.);
#2409=ORIENTED_EDGE('',*,*,#1783,.T.);
#2410=ORIENTED_EDGE('',*,*,#1784,.T.);
#2411=ORIENTED_EDGE('',*,*,#1785,.T.);
#2412=ORIENTED_EDGE('',*,*,#1786,.T.);
#2413=ORIENTED_EDGE('',*,*,#1787,.T.);
#2414=ORIENTED_EDGE('',*,*,#1788,.F.);
#2415=ORIENTED_EDGE('',*,*,#1789,.F.);
#2416=ORIENTED_EDGE('',*,*,#1790,.T.);
#2417=ORIENTED_EDGE('',*,*,#1791,.T.);
#2418=ORIENTED_EDGE('',*,*,#1792,.T.);
#2419=ORIENTED_EDGE('',*,*,#1793,.T.);
#2420=ORIENTED_EDGE('',*,*,#1794,.T.);
#2421=ORIENTED_EDGE('',*,*,#1795,.T.);
#2422=ORIENTED_EDGE('',*,*,#1784,.F.);
#2423=ORIENTED_EDGE('',*,*,#1796,.T.);
#2424=ORIENTED_EDGE('',*,*,#1790,.F.);
#2425=ORIENTED_EDGE('',*,*,#1797,.F.);
#2426=ORIENTED_EDGE('',*,*,#1798,.T.);
#2427=ORIENTED_EDGE('',*,*,#1798,.F.);
#2428=ORIENTED_EDGE('',*,*,#1787,.F.);
#2429=ORIENTED_EDGE('',*,*,#1799,.T.);
#2430=ORIENTED_EDGE('',*,*,#1791,.F.);
#2431=ORIENTED_EDGE('',*,*,#1796,.F.);
#2432=ORIENTED_EDGE('',*,*,#1786,.F.);
#2433=ORIENTED_EDGE('',*,*,#1800,.T.);
#2434=ORIENTED_EDGE('',*,*,#1792,.F.);
#2435=ORIENTED_EDGE('',*,*,#1799,.F.);
#2436=ORIENTED_EDGE('',*,*,#1785,.F.);
#2437=ORIENTED_EDGE('',*,*,#1797,.T.);
#2438=ORIENTED_EDGE('',*,*,#1793,.F.);
#2439=ORIENTED_EDGE('',*,*,#1800,.F.);
#2440=ORIENTED_EDGE('',*,*,#1794,.F.);
#2441=ORIENTED_EDGE('',*,*,#1801,.T.);
#2442=ORIENTED_EDGE('',*,*,#1788,.T.);
#2443=ORIENTED_EDGE('',*,*,#1801,.F.);
#2444=ORIENTED_EDGE('',*,*,#1795,.F.);
#2445=ORIENTED_EDGE('',*,*,#1802,.T.);
#2446=ORIENTED_EDGE('',*,*,#1789,.T.);
#2447=ORIENTED_EDGE('',*,*,#1802,.F.);
#2448=ORIENTED_EDGE('',*,*,#1803,.F.);
#2449=ORIENTED_EDGE('',*,*,#1804,.T.);
#2450=ORIENTED_EDGE('',*,*,#1805,.F.);
#2451=ORIENTED_EDGE('',*,*,#1804,.F.);
#2452=ORIENTED_EDGE('',*,*,#1806,.F.);
#2453=ORIENTED_EDGE('',*,*,#1807,.T.);
#2454=ORIENTED_EDGE('',*,*,#1808,.F.);
#2455=ORIENTED_EDGE('',*,*,#1807,.F.);
#2456=ORIENTED_EDGE('',*,*,#1809,.F.);
#2457=ORIENTED_EDGE('',*,*,#1810,.F.);
#2458=ORIENTED_EDGE('',*,*,#1811,.F.);
#2459=ORIENTED_EDGE('',*,*,#1812,.T.);
#2460=ORIENTED_EDGE('',*,*,#1813,.T.);
#2461=ORIENTED_EDGE('',*,*,#1814,.T.);
#2462=ORIENTED_EDGE('',*,*,#1815,.F.);
#2463=ORIENTED_EDGE('',*,*,#1816,.F.);
#2464=ORIENTED_EDGE('',*,*,#1817,.F.);
#2465=ORIENTED_EDGE('',*,*,#1818,.T.);
#2466=ORIENTED_EDGE('',*,*,#1819,.T.);
#2467=ORIENTED_EDGE('',*,*,#1820,.T.);
#2468=ORIENTED_EDGE('',*,*,#1821,.T.);
#2469=ORIENTED_EDGE('',*,*,#1822,.F.);
#2470=ORIENTED_EDGE('',*,*,#1823,.F.);
#2471=ORIENTED_EDGE('',*,*,#1819,.F.);
#2472=ORIENTED_EDGE('',*,*,#1803,.T.);
#2473=ORIENTED_EDGE('',*,*,#1806,.T.);
#2474=ORIENTED_EDGE('',*,*,#1824,.T.);
#2475=ORIENTED_EDGE('',*,*,#1825,.F.);
#2476=ORIENTED_EDGE('',*,*,#1826,.T.);
#2477=ORIENTED_EDGE('',*,*,#1813,.F.);
#2478=ORIENTED_EDGE('',*,*,#1805,.T.);
#2479=ORIENTED_EDGE('',*,*,#1808,.T.);
#2480=ORIENTED_EDGE('',*,*,#1825,.T.);
#2481=ORIENTED_EDGE('',*,*,#1827,.T.);
#2482=ORIENTED_EDGE('',*,*,#1822,.T.);
#2483=ORIENTED_EDGE('',*,*,#1828,.T.);
#2484=ORIENTED_EDGE('',*,*,#1816,.T.);
#2485=ORIENTED_EDGE('',*,*,#1829,.T.);
#2486=ORIENTED_EDGE('',*,*,#1830,.F.);
#2487=ORIENTED_EDGE('',*,*,#1814,.F.);
#2488=ORIENTED_EDGE('',*,*,#1826,.F.);
#2489=ORIENTED_EDGE('',*,*,#1828,.F.);
#2490=ORIENTED_EDGE('',*,*,#1821,.F.);
#2491=ORIENTED_EDGE('',*,*,#1818,.F.);
#2492=ORIENTED_EDGE('',*,*,#1817,.T.);
#2493=ORIENTED_EDGE('',*,*,#1829,.F.);
#2494=ORIENTED_EDGE('',*,*,#1815,.T.);
#2495=ORIENTED_EDGE('',*,*,#1830,.T.);
#2496=ORIENTED_EDGE('',*,*,#1831,.T.);
#2497=ORIENTED_EDGE('',*,*,#1820,.F.);
#2498=ORIENTED_EDGE('',*,*,#1823,.T.);
#2499=ORIENTED_EDGE('',*,*,#1827,.F.);
#2500=ORIENTED_EDGE('',*,*,#1824,.F.);
#2501=ORIENTED_EDGE('',*,*,#1812,.F.);
#2502=ORIENTED_EDGE('',*,*,#1810,.T.);
#2503=ORIENTED_EDGE('',*,*,#1832,.F.);
#2504=ORIENTED_EDGE('',*,*,#1809,.T.);
#2505=ORIENTED_EDGE('',*,*,#1831,.F.);
#2506=ORIENTED_EDGE('',*,*,#1811,.T.);
#2507=ORIENTED_EDGE('',*,*,#1832,.T.);
#2508=ORIENTED_EDGE('',*,*,#1833,.F.);
#2509=ORIENTED_EDGE('',*,*,#1834,.F.);
#2510=ORIENTED_EDGE('',*,*,#1835,.F.);
#2511=ORIENTED_EDGE('',*,*,#1836,.T.);
#2512=ORIENTED_EDGE('',*,*,#1836,.F.);
#2513=ORIENTED_EDGE('',*,*,#1837,.F.);
#2514=ORIENTED_EDGE('',*,*,#1833,.T.);
#2515=ORIENTED_EDGE('',*,*,#1837,.T.);
#2516=ORIENTED_EDGE('',*,*,#1835,.T.);
#2517=ORIENTED_EDGE('',*,*,#1838,.F.);
#2518=ORIENTED_EDGE('',*,*,#1834,.T.);
#2519=ORIENTED_EDGE('',*,*,#1838,.T.);
#2520=ORIENTED_EDGE('',*,*,#1839,.T.);
#2521=ORIENTED_EDGE('',*,*,#1840,.T.);
#2522=ORIENTED_EDGE('',*,*,#1841,.T.);
#2523=ORIENTED_EDGE('',*,*,#1842,.T.);
#2524=ORIENTED_EDGE('',*,*,#1843,.F.);
#2525=ORIENTED_EDGE('',*,*,#1844,.F.);
#2526=ORIENTED_EDGE('',*,*,#1845,.T.);
#2527=ORIENTED_EDGE('',*,*,#1846,.T.);
#2528=ORIENTED_EDGE('',*,*,#1847,.T.);
#2529=ORIENTED_EDGE('',*,*,#1848,.T.);
#2530=ORIENTED_EDGE('',*,*,#1849,.T.);
#2531=ORIENTED_EDGE('',*,*,#1850,.T.);
#2532=ORIENTED_EDGE('',*,*,#1839,.F.);
#2533=ORIENTED_EDGE('',*,*,#1851,.T.);
#2534=ORIENTED_EDGE('',*,*,#1845,.F.);
#2535=ORIENTED_EDGE('',*,*,#1852,.F.);
#2536=ORIENTED_EDGE('',*,*,#1853,.T.);
#2537=ORIENTED_EDGE('',*,*,#1853,.F.);
#2538=ORIENTED_EDGE('',*,*,#1842,.F.);
#2539=ORIENTED_EDGE('',*,*,#1854,.T.);
#2540=ORIENTED_EDGE('',*,*,#1846,.F.);
#2541=ORIENTED_EDGE('',*,*,#1851,.F.);
#2542=ORIENTED_EDGE('',*,*,#1841,.F.);
#2543=ORIENTED_EDGE('',*,*,#1855,.T.);
#2544=ORIENTED_EDGE('',*,*,#1847,.F.);
#2545=ORIENTED_EDGE('',*,*,#1854,.F.);
#2546=ORIENTED_EDGE('',*,*,#1840,.F.);
#2547=ORIENTED_EDGE('',*,*,#1852,.T.);
#2548=ORIENTED_EDGE('',*,*,#1848,.F.);
#2549=ORIENTED_EDGE('',*,*,#1855,.F.);
#2550=ORIENTED_EDGE('',*,*,#1849,.F.);
#2551=ORIENTED_EDGE('',*,*,#1856,.T.);
#2552=ORIENTED_EDGE('',*,*,#1843,.T.);
#2553=ORIENTED_EDGE('',*,*,#1856,.F.);
#2554=ORIENTED_EDGE('',*,*,#1850,.F.);
#2555=ORIENTED_EDGE('',*,*,#1857,.T.);
#2556=ORIENTED_EDGE('',*,*,#1844,.T.);
#2557=ORIENTED_EDGE('',*,*,#1857,.F.);
#2558=ORIENTED_EDGE('',*,*,#1858,.F.);
#2559=ORIENTED_EDGE('',*,*,#1859,.T.);
#2560=ORIENTED_EDGE('',*,*,#1860,.F.);
#2561=ORIENTED_EDGE('',*,*,#1859,.F.);
#2562=ORIENTED_EDGE('',*,*,#1861,.F.);
#2563=ORIENTED_EDGE('',*,*,#1862,.T.);
#2564=ORIENTED_EDGE('',*,*,#1863,.F.);
#2565=ORIENTED_EDGE('',*,*,#1862,.F.);
#2566=ORIENTED_EDGE('',*,*,#1864,.F.);
#2567=ORIENTED_EDGE('',*,*,#1865,.F.);
#2568=ORIENTED_EDGE('',*,*,#1866,.F.);
#2569=ORIENTED_EDGE('',*,*,#1867,.T.);
#2570=ORIENTED_EDGE('',*,*,#1868,.T.);
#2571=ORIENTED_EDGE('',*,*,#1869,.T.);
#2572=ORIENTED_EDGE('',*,*,#1870,.F.);
#2573=ORIENTED_EDGE('',*,*,#1871,.F.);
#2574=ORIENTED_EDGE('',*,*,#1872,.F.);
#2575=ORIENTED_EDGE('',*,*,#1873,.T.);
#2576=ORIENTED_EDGE('',*,*,#1874,.T.);
#2577=ORIENTED_EDGE('',*,*,#1875,.T.);
#2578=ORIENTED_EDGE('',*,*,#1876,.T.);
#2579=ORIENTED_EDGE('',*,*,#1877,.F.);
#2580=ORIENTED_EDGE('',*,*,#1878,.F.);
#2581=ORIENTED_EDGE('',*,*,#1874,.F.);
#2582=ORIENTED_EDGE('',*,*,#1858,.T.);
#2583=ORIENTED_EDGE('',*,*,#1861,.T.);
#2584=ORIENTED_EDGE('',*,*,#1879,.T.);
#2585=ORIENTED_EDGE('',*,*,#1880,.F.);
#2586=ORIENTED_EDGE('',*,*,#1881,.T.);
#2587=ORIENTED_EDGE('',*,*,#1868,.F.);
#2588=ORIENTED_EDGE('',*,*,#1860,.T.);
#2589=ORIENTED_EDGE('',*,*,#1863,.T.);
#2590=ORIENTED_EDGE('',*,*,#1880,.T.);
#2591=ORIENTED_EDGE('',*,*,#1882,.T.);
#2592=ORIENTED_EDGE('',*,*,#1877,.T.);
#2593=ORIENTED_EDGE('',*,*,#1883,.T.);
#2594=ORIENTED_EDGE('',*,*,#1871,.T.);
#2595=ORIENTED_EDGE('',*,*,#1884,.T.);
#2596=ORIENTED_EDGE('',*,*,#1885,.F.);
#2597=ORIENTED_EDGE('',*,*,#1869,.F.);
#2598=ORIENTED_EDGE('',*,*,#1881,.F.);
#2599=ORIENTED_EDGE('',*,*,#1883,.F.);
#2600=ORIENTED_EDGE('',*,*,#1876,.F.);
#2601=ORIENTED_EDGE('',*,*,#1873,.F.);
#2602=ORIENTED_EDGE('',*,*,#1872,.T.);
#2603=ORIENTED_EDGE('',*,*,#1884,.F.);
#2604=ORIENTED_EDGE('',*,*,#1870,.T.);
#2605=ORIENTED_EDGE('',*,*,#1885,.T.);
#2606=ORIENTED_EDGE('',*,*,#1886,.T.);
#2607=ORIENTED_EDGE('',*,*,#1875,.F.);
#2608=ORIENTED_EDGE('',*,*,#1878,.T.);
#2609=ORIENTED_EDGE('',*,*,#1882,.F.);
#2610=ORIENTED_EDGE('',*,*,#1879,.F.);
#2611=ORIENTED_EDGE('',*,*,#1867,.F.);
#2612=ORIENTED_EDGE('',*,*,#1865,.T.);
#2613=ORIENTED_EDGE('',*,*,#1887,.F.);
#2614=ORIENTED_EDGE('',*,*,#1864,.T.);
#2615=ORIENTED_EDGE('',*,*,#1886,.F.);
#2616=ORIENTED_EDGE('',*,*,#1866,.T.);
#2617=ORIENTED_EDGE('',*,*,#1887,.T.);
#2618=ORIENTED_EDGE('',*,*,#1888,.F.);
#2619=ORIENTED_EDGE('',*,*,#1889,.F.);
#2620=ORIENTED_EDGE('',*,*,#1890,.T.);
#2621=ORIENTED_EDGE('',*,*,#1891,.F.);
#2622=ORIENTED_EDGE('',*,*,#1892,.F.);
#2623=ORIENTED_EDGE('',*,*,#1893,.F.);
#2624=ORIENTED_EDGE('',*,*,#1890,.F.);
#2625=ORIENTED_EDGE('',*,*,#1894,.F.);
#2626=ORIENTED_EDGE('',*,*,#1895,.F.);
#2627=ORIENTED_EDGE('',*,*,#1896,.F.);
#2628=ORIENTED_EDGE('',*,*,#1897,.T.);
#2629=ORIENTED_EDGE('',*,*,#1898,.F.);
#2630=ORIENTED_EDGE('',*,*,#1899,.F.);
#2631=ORIENTED_EDGE('',*,*,#1900,.F.);
#2632=ORIENTED_EDGE('',*,*,#1897,.F.);
#2633=ORIENTED_EDGE('',*,*,#1901,.F.);
#2634=ORIENTED_EDGE('',*,*,#1902,.F.);
#2635=ORIENTED_EDGE('',*,*,#1903,.F.);
#2636=ORIENTED_EDGE('',*,*,#1904,.T.);
#2637=ORIENTED_EDGE('',*,*,#1905,.F.);
#2638=ORIENTED_EDGE('',*,*,#1906,.F.);
#2639=ORIENTED_EDGE('',*,*,#1907,.F.);
#2640=ORIENTED_EDGE('',*,*,#1904,.F.);
#2641=ORIENTED_EDGE('',*,*,#1908,.F.);
#2642=ORIENTED_EDGE('',*,*,#1909,.F.);
#2643=ORIENTED_EDGE('',*,*,#1910,.F.);
#2644=ORIENTED_EDGE('',*,*,#1911,.T.);
#2645=ORIENTED_EDGE('',*,*,#1912,.F.);
#2646=ORIENTED_EDGE('',*,*,#1913,.F.);
#2647=ORIENTED_EDGE('',*,*,#1914,.F.);
#2648=ORIENTED_EDGE('',*,*,#1911,.F.);
#2649=ORIENTED_EDGE('',*,*,#1915,.F.);
#2650=ORIENTED_EDGE('',*,*,#1894,.T.);
#2651=ORIENTED_EDGE('',*,*,#1889,.T.);
#2652=ORIENTED_EDGE('',*,*,#1916,.F.);
#2653=ORIENTED_EDGE('',*,*,#1915,.T.);
#2654=ORIENTED_EDGE('',*,*,#1910,.T.);
#2655=ORIENTED_EDGE('',*,*,#1917,.F.);
#2656=ORIENTED_EDGE('',*,*,#1918,.T.);
#2657=ORIENTED_EDGE('',*,*,#1919,.T.);
#2658=ORIENTED_EDGE('',*,*,#1920,.F.);
#2659=ORIENTED_EDGE('',*,*,#1921,.T.);
#2660=ORIENTED_EDGE('',*,*,#1922,.T.);
#2661=ORIENTED_EDGE('',*,*,#1923,.F.);
#2662=ORIENTED_EDGE('',*,*,#1901,.T.);
#2663=ORIENTED_EDGE('',*,*,#1896,.T.);
#2664=ORIENTED_EDGE('',*,*,#1924,.F.);
#2665=ORIENTED_EDGE('',*,*,#1908,.T.);
#2666=ORIENTED_EDGE('',*,*,#1903,.T.);
#2667=ORIENTED_EDGE('',*,*,#1925,.F.);
#2668=ORIENTED_EDGE('',*,*,#1891,.T.);
#2669=ORIENTED_EDGE('',*,*,#1893,.T.);
#2670=ORIENTED_EDGE('',*,*,#1926,.F.);
#2671=ORIENTED_EDGE('',*,*,#1905,.T.);
#2672=ORIENTED_EDGE('',*,*,#1907,.T.);
#2673=ORIENTED_EDGE('',*,*,#1927,.F.);
#2674=ORIENTED_EDGE('',*,*,#1898,.T.);
#2675=ORIENTED_EDGE('',*,*,#1900,.T.);
#2676=ORIENTED_EDGE('',*,*,#1928,.F.);
#2677=ORIENTED_EDGE('',*,*,#1929,.F.);
#2678=ORIENTED_EDGE('',*,*,#1930,.F.);
#2679=ORIENTED_EDGE('',*,*,#1931,.F.);
#2680=ORIENTED_EDGE('',*,*,#1932,.F.);
#2681=ORIENTED_EDGE('',*,*,#1933,.F.);
#2682=ORIENTED_EDGE('',*,*,#1934,.F.);
#2683=ORIENTED_EDGE('',*,*,#1912,.T.);
#2684=ORIENTED_EDGE('',*,*,#1914,.T.);
#2685=ORIENTED_EDGE('',*,*,#1935,.F.);
#2686=ORIENTED_EDGE('',*,*,#1888,.T.);
#2687=ORIENTED_EDGE('',*,*,#1925,.T.);
#2688=ORIENTED_EDGE('',*,*,#1902,.T.);
#2689=ORIENTED_EDGE('',*,*,#1924,.T.);
#2690=ORIENTED_EDGE('',*,*,#1895,.T.);
#2691=ORIENTED_EDGE('',*,*,#1923,.T.);
#2692=ORIENTED_EDGE('',*,*,#1936,.T.);
#2693=ORIENTED_EDGE('',*,*,#1937,.F.);
#2694=ORIENTED_EDGE('',*,*,#1938,.T.);
#2695=ORIENTED_EDGE('',*,*,#1917,.T.);
#2696=ORIENTED_EDGE('',*,*,#1909,.T.);
#2697=ORIENTED_EDGE('',*,*,#1916,.T.);
#2698=ORIENTED_EDGE('',*,*,#1936,.F.);
#2699=ORIENTED_EDGE('',*,*,#1922,.F.);
#2700=ORIENTED_EDGE('',*,*,#1939,.T.);
#2701=ORIENTED_EDGE('',*,*,#1940,.F.);
#2702=ORIENTED_EDGE('',*,*,#1933,.T.);
#2703=ORIENTED_EDGE('',*,*,#1941,.T.);
#2704=ORIENTED_EDGE('',*,*,#1942,.T.);
#2705=ORIENTED_EDGE('',*,*,#1943,.F.);
#2706=ORIENTED_EDGE('',*,*,#1932,.T.);
#2707=ORIENTED_EDGE('',*,*,#1944,.T.);
#2708=ORIENTED_EDGE('',*,*,#1945,.T.);
#2709=ORIENTED_EDGE('',*,*,#1941,.F.);
#2710=ORIENTED_EDGE('',*,*,#1931,.T.);
#2711=ORIENTED_EDGE('',*,*,#1946,.T.);
#2712=ORIENTED_EDGE('',*,*,#1947,.T.);
#2713=ORIENTED_EDGE('',*,*,#1944,.F.);
#2714=ORIENTED_EDGE('',*,*,#1930,.T.);
#2715=ORIENTED_EDGE('',*,*,#1948,.T.);
#2716=ORIENTED_EDGE('',*,*,#1949,.T.);
#2717=ORIENTED_EDGE('',*,*,#1946,.F.);
#2718=ORIENTED_EDGE('',*,*,#1940,.T.);
#2719=ORIENTED_EDGE('',*,*,#1948,.F.);
#2720=ORIENTED_EDGE('',*,*,#1929,.T.);
#2721=ORIENTED_EDGE('',*,*,#1950,.T.);
#2722=ORIENTED_EDGE('',*,*,#1892,.T.);
#2723=ORIENTED_EDGE('',*,*,#1935,.T.);
#2724=ORIENTED_EDGE('',*,*,#1913,.T.);
#2725=ORIENTED_EDGE('',*,*,#1934,.T.);
#2726=ORIENTED_EDGE('',*,*,#1943,.T.);
#2727=ORIENTED_EDGE('',*,*,#1937,.T.);
#2728=ORIENTED_EDGE('',*,*,#1950,.F.);
#2729=ORIENTED_EDGE('',*,*,#1928,.T.);
#2730=ORIENTED_EDGE('',*,*,#1899,.T.);
#2731=ORIENTED_EDGE('',*,*,#1927,.T.);
#2732=ORIENTED_EDGE('',*,*,#1906,.T.);
#2733=ORIENTED_EDGE('',*,*,#1926,.T.);
#2734=ORIENTED_EDGE('',*,*,#1938,.F.);
#2735=ORIENTED_EDGE('',*,*,#1942,.F.);
#2736=ORIENTED_EDGE('',*,*,#1951,.F.);
#2737=ORIENTED_EDGE('',*,*,#1918,.F.);
#2738=ORIENTED_EDGE('',*,*,#1945,.F.);
#2739=ORIENTED_EDGE('',*,*,#1952,.F.);
#2740=ORIENTED_EDGE('',*,*,#1919,.F.);
#2741=ORIENTED_EDGE('',*,*,#1951,.T.);
#2742=ORIENTED_EDGE('',*,*,#1947,.F.);
#2743=ORIENTED_EDGE('',*,*,#1953,.F.);
#2744=ORIENTED_EDGE('',*,*,#1920,.T.);
#2745=ORIENTED_EDGE('',*,*,#1952,.T.);
#2746=ORIENTED_EDGE('',*,*,#1949,.F.);
#2747=ORIENTED_EDGE('',*,*,#1939,.F.);
#2748=ORIENTED_EDGE('',*,*,#1921,.F.);
#2749=ORIENTED_EDGE('',*,*,#1953,.T.);
#2750=ORIENTED_EDGE('',*,*,#1954,.F.);
#2751=ORIENTED_EDGE('',*,*,#1955,.T.);
#2752=ORIENTED_EDGE('',*,*,#1956,.F.);
#2753=ORIENTED_EDGE('',*,*,#1957,.F.);
#2754=ORIENTED_EDGE('',*,*,#1958,.F.);
#2755=ORIENTED_EDGE('',*,*,#1957,.T.);
#2756=ORIENTED_EDGE('',*,*,#1959,.F.);
#2757=ORIENTED_EDGE('',*,*,#1960,.F.);
#2758=ORIENTED_EDGE('',*,*,#1961,.F.);
#2759=ORIENTED_EDGE('',*,*,#1960,.T.);
#2760=ORIENTED_EDGE('',*,*,#1962,.F.);
#2761=ORIENTED_EDGE('',*,*,#1963,.F.);
#2762=ORIENTED_EDGE('',*,*,#1964,.F.);
#2763=ORIENTED_EDGE('',*,*,#1963,.T.);
#2764=ORIENTED_EDGE('',*,*,#1965,.F.);
#2765=ORIENTED_EDGE('',*,*,#1955,.F.);
#2766=ORIENTED_EDGE('',*,*,#1965,.T.);
#2767=ORIENTED_EDGE('',*,*,#1962,.T.);
#2768=ORIENTED_EDGE('',*,*,#1959,.T.);
#2769=ORIENTED_EDGE('',*,*,#1956,.T.);
#2770=ORIENTED_EDGE('',*,*,#1966,.F.);
#2771=ORIENTED_EDGE('',*,*,#1967,.T.);
#2772=ORIENTED_EDGE('',*,*,#1968,.F.);
#2773=ORIENTED_EDGE('',*,*,#1969,.F.);
#2774=ORIENTED_EDGE('',*,*,#1970,.F.);
#2775=ORIENTED_EDGE('',*,*,#1969,.T.);
#2776=ORIENTED_EDGE('',*,*,#1971,.F.);
#2777=ORIENTED_EDGE('',*,*,#1972,.F.);
#2778=ORIENTED_EDGE('',*,*,#1954,.T.);
#2779=ORIENTED_EDGE('',*,*,#1958,.T.);
#2780=ORIENTED_EDGE('',*,*,#1961,.T.);
#2781=ORIENTED_EDGE('',*,*,#1964,.T.);
#2782=ORIENTED_EDGE('',*,*,#1973,.F.);
#2783=ORIENTED_EDGE('',*,*,#1972,.T.);
#2784=ORIENTED_EDGE('',*,*,#1974,.F.);
#2785=ORIENTED_EDGE('',*,*,#1975,.F.);
#2786=ORIENTED_EDGE('',*,*,#1976,.F.);
#2787=ORIENTED_EDGE('',*,*,#1975,.T.);
#2788=ORIENTED_EDGE('',*,*,#1977,.F.);
#2789=ORIENTED_EDGE('',*,*,#1967,.F.);
#2790=ORIENTED_EDGE('',*,*,#1977,.T.);
#2791=ORIENTED_EDGE('',*,*,#1974,.T.);
#2792=ORIENTED_EDGE('',*,*,#1971,.T.);
#2793=ORIENTED_EDGE('',*,*,#1968,.T.);
#2794=ORIENTED_EDGE('',*,*,#1976,.T.);
#2795=ORIENTED_EDGE('',*,*,#1966,.T.);
#2796=ORIENTED_EDGE('',*,*,#1970,.T.);
#2797=ORIENTED_EDGE('',*,*,#1973,.T.);
#2798=ORIENTED_EDGE('',*,*,#1978,.T.);
#2799=ORIENTED_EDGE('',*,*,#1979,.T.);
#2800=ORIENTED_EDGE('',*,*,#1980,.F.);
#2801=ORIENTED_EDGE('',*,*,#1981,.F.);
#2802=ORIENTED_EDGE('',*,*,#1982,.F.);
#2803=ORIENTED_EDGE('',*,*,#1981,.T.);
#2804=ORIENTED_EDGE('',*,*,#1983,.F.);
#2805=ORIENTED_EDGE('',*,*,#1984,.F.);
#2806=ORIENTED_EDGE('',*,*,#1985,.F.);
#2807=ORIENTED_EDGE('',*,*,#1984,.T.);
#2808=ORIENTED_EDGE('',*,*,#1986,.F.);
#2809=ORIENTED_EDGE('',*,*,#1987,.F.);
#2810=ORIENTED_EDGE('',*,*,#1988,.F.);
#2811=ORIENTED_EDGE('',*,*,#1987,.T.);
#2812=ORIENTED_EDGE('',*,*,#1989,.F.);
#2813=ORIENTED_EDGE('',*,*,#1979,.F.);
#2814=ORIENTED_EDGE('',*,*,#1989,.T.);
#2815=ORIENTED_EDGE('',*,*,#1986,.T.);
#2816=ORIENTED_EDGE('',*,*,#1983,.T.);
#2817=ORIENTED_EDGE('',*,*,#1980,.T.);
#2818=ORIENTED_EDGE('',*,*,#1988,.T.);
#2819=ORIENTED_EDGE('',*,*,#1978,.F.);
#2820=ORIENTED_EDGE('',*,*,#1982,.T.);
#2821=ORIENTED_EDGE('',*,*,#1985,.T.);
#2822=CYLINDRICAL_SURFACE('',#3087,6.6);
#2823=CYLINDRICAL_SURFACE('',#3092,3.75);
#2824=CYLINDRICAL_SURFACE('',#3096,3.75);
#2825=CYLINDRICAL_SURFACE('',#3100,3.75);
#2826=CYLINDRICAL_SURFACE('',#3104,3.75);
#2827=CYLINDRICAL_SURFACE('',#3108,3.);
#2828=CYLINDRICAL_SURFACE('',#3111,12.2);
#2829=CYLINDRICAL_SURFACE('',#3114,12.2);
#2830=CYLINDRICAL_SURFACE('',#3125,70.);
#2831=CYLINDRICAL_SURFACE('',#3128,75.);
#2832=CYLINDRICAL_SURFACE('',#3137,2.6);
#2833=CYLINDRICAL_SURFACE('',#3140,2.60000000000003);
#2834=CYLINDRICAL_SURFACE('',#3143,2.6);
#2835=CYLINDRICAL_SURFACE('',#3146,2.60000000000002);
#2836=CYLINDRICAL_SURFACE('',#3153,75.);
#2837=CYLINDRICAL_SURFACE('',#3160,3.);
#2838=CYLINDRICAL_SURFACE('',#3163,3.);
#2839=CYLINDRICAL_SURFACE('',#3168,3.);
#2840=CYLINDRICAL_SURFACE('',#3173,3.);
#2841=CYLINDRICAL_SURFACE('',#3176,3.);
#2842=CYLINDRICAL_SURFACE('',#3178,3.);
#2843=CYLINDRICAL_SURFACE('',#3187,3.);
#2844=CYLINDRICAL_SURFACE('',#3192,3.);
#2845=CYLINDRICAL_SURFACE('',#3195,3.);
#2846=CYLINDRICAL_SURFACE('',#3199,3.);
#2847=CYLINDRICAL_SURFACE('',#3201,3.);
#2848=CYLINDRICAL_SURFACE('',#3203,3.);
#2849=CYLINDRICAL_SURFACE('',#3209,3.);
#2850=CYLINDRICAL_SURFACE('',#3213,3.);
#2851=CYLINDRICAL_SURFACE('',#3214,3.);
#2852=CYLINDRICAL_SURFACE('',#3215,3.);
#2853=CYLINDRICAL_SURFACE('',#3225,4.25);
#2854=CYLINDRICAL_SURFACE('',#3235,4.25);
#2855=CYLINDRICAL_SURFACE('',#3240,70.);
#2856=CYLINDRICAL_SURFACE('',#3247,5.50000000000001);
#2857=CYLINDRICAL_SURFACE('',#3252,5.50000000000001);
#2858=CYLINDRICAL_SURFACE('',#3265,2.6);
#2859=CYLINDRICAL_SURFACE('',#3266,2.60000000000002);
#2860=CYLINDRICAL_SURFACE('',#3267,2.60000000000002);
#2861=CYLINDRICAL_SURFACE('',#3270,2.60000000000002);
#2862=CYLINDRICAL_SURFACE('',#3281,5.50000000000001);
#2863=CYLINDRICAL_SURFACE('',#3286,5.50000000000001);
#2864=CYLINDRICAL_SURFACE('',#3287,5.50000000000001);
#2865=CYLINDRICAL_SURFACE('',#3292,5.50000000000001);
#2866=CYLINDRICAL_SURFACE('',#3305,2.6);
#2867=CYLINDRICAL_SURFACE('',#3306,2.60000000000002);
#2868=CYLINDRICAL_SURFACE('',#3307,2.60000000000002);
#2869=CYLINDRICAL_SURFACE('',#3310,2.60000000000002);
#2870=CYLINDRICAL_SURFACE('',#3321,5.50000000000001);
#2871=CYLINDRICAL_SURFACE('',#3326,5.50000000000001);
#2872=CYLINDRICAL_SURFACE('',#3327,2.60000000000002);
#2873=CYLINDRICAL_SURFACE('',#3332,2.59999999999999);
#2874=CYLINDRICAL_SURFACE('',#3337,2.60000000000002);
#2875=CYLINDRICAL_SURFACE('',#3342,2.60000000000002);
#2876=CYLINDRICAL_SURFACE('',#3349,5.00000000000001);
#2877=CYLINDRICAL_SURFACE('',#3353,5.);
#2878=CYLINDRICAL_SURFACE('',#3356,5.);
#2879=CYLINDRICAL_SURFACE('',#3358,5.);
#2880=CYLINDRICAL_SURFACE('',#3360,5.);
#2881=CYLINDRICAL_SURFACE('',#3362,5.);
#2882=CYLINDRICAL_SURFACE('',#3364,5.);
#2883=ADVANCED_FACE('',(#239),#2822,.T.);
#2884=ADVANCED_FACE('',(#240,#87),#131,.T.);
#2885=ADVANCED_FACE('',(#241),#2823,.T.);
#2886=ADVANCED_FACE('',(#242),#132,.T.);
#2887=ADVANCED_FACE('',(#243),#2824,.T.);
#2888=ADVANCED_FACE('',(#244),#133,.T.);
#2889=ADVANCED_FACE('',(#245),#2825,.T.);
#2890=ADVANCED_FACE('',(#246),#134,.T.);
#2891=ADVANCED_FACE('',(#247),#2826,.T.);
#2892=ADVANCED_FACE('',(#248),#135,.T.);
#2893=ADVANCED_FACE('',(#249),#2827,.T.);
#2894=ADVANCED_FACE('',(#250),#136,.T.);
#2895=ADVANCED_FACE('',(#251),#2828,.T.);
#2896=ADVANCED_FACE('',(#252),#2829,.T.);
#2897=ADVANCED_FACE('',(#253),#137,.T.);
#2898=ADVANCED_FACE('',(#254),#138,.T.);
#2899=ADVANCED_FACE('',(#255),#139,.T.);
#2900=ADVANCED_FACE('',(#256),#140,.T.);
#2901=ADVANCED_FACE('',(#257),#141,.T.);
#2902=ADVANCED_FACE('',(#258),#142,.T.);
#2903=ADVANCED_FACE('',(#259),#143,.T.);
#2904=ADVANCED_FACE('',(#260,#88,#89,#90,#91,#92),#144,.F.);
#2905=ADVANCED_FACE('',(#261),#2830,.F.);
#2906=ADVANCED_FACE('',(#262),#2831,.T.);
#2907=ADVANCED_FACE('',(#263,#93),#145,.T.);
#2908=ADVANCED_FACE('',(#264,#94),#146,.F.);
#2909=ADVANCED_FACE('',(#265),#147,.F.);
#2910=ADVANCED_FACE('',(#266),#148,.F.);
#2911=ADVANCED_FACE('',(#267),#149,.F.);
#2912=ADVANCED_FACE('',(#268),#150,.F.);
#2913=ADVANCED_FACE('',(#269),#2832,.F.);
#2914=ADVANCED_FACE('',(#270),#2833,.F.);
#2915=ADVANCED_FACE('',(#271),#2834,.F.);
#2916=ADVANCED_FACE('',(#272),#2835,.F.);
#2917=ADVANCED_FACE('',(#273),#151,.F.);
#2918=ADVANCED_FACE('',(#274),#152,.T.);
#2919=ADVANCED_FACE('',(#275),#153,.T.);
#2920=ADVANCED_FACE('',(#276),#154,.T.);
#2921=ADVANCED_FACE('',(#277),#2836,.F.);
#2922=ADVANCED_FACE('',(#278),#155,.T.);
#2923=ADVANCED_FACE('',(#279),#156,.T.);
#2924=ADVANCED_FACE('',(#280),#157,.T.);
#2925=ADVANCED_FACE('',(#281),#158,.T.);
#2926=ADVANCED_FACE('',(#282),#2837,.T.);
#2927=ADVANCED_FACE('',(#283),#2838,.T.);
#2928=ADVANCED_FACE('',(#284),#50,.T.);
#2929=ADVANCED_FACE('',(#285),#2839,.T.);
#2930=ADVANCED_FACE('',(#286),#51,.T.);
#2931=ADVANCED_FACE('',(#287),#2840,.T.);
#2932=ADVANCED_FACE('',(#288,#95),#159,.T.);
#2933=ADVANCED_FACE('',(#289),#2841,.T.);
#2934=ADVANCED_FACE('',(#290),#2842,.T.);
#2935=ADVANCED_FACE('',(#291),#52,.T.);
#2936=ADVANCED_FACE('',(#292,#96,#97,#98,#99,#100),#160,.T.);
#2937=ADVANCED_FACE('',(#293),#161,.F.);
#2938=ADVANCED_FACE('',(#294),#162,.T.);
#2939=ADVANCED_FACE('',(#295),#2843,.T.);
#2940=ADVANCED_FACE('',(#296),#53,.T.);
#2941=ADVANCED_FACE('',(#297),#2844,.T.);
#2942=ADVANCED_FACE('',(#298),#163,.T.);
#2943=ADVANCED_FACE('',(#299),#2845,.T.);
#2944=ADVANCED_FACE('',(#300),#54,.T.);
#2945=ADVANCED_FACE('',(#301),#2846,.T.);
#2946=ADVANCED_FACE('',(#302),#2847,.T.);
#2947=ADVANCED_FACE('',(#303),#2848,.T.);
#2948=ADVANCED_FACE('',(#304),#55,.T.);
#2949=ADVANCED_FACE('',(#305),#2849,.T.);
#2950=ADVANCED_FACE('',(#306),#56,.T.);
#2951=ADVANCED_FACE('',(#307),#2850,.T.);
#2952=ADVANCED_FACE('',(#308),#2851,.T.);
#2953=ADVANCED_FACE('',(#309),#2852,.T.);
#2954=ADVANCED_FACE('',(#310,#101),#164,.T.);
#2955=ADVANCED_FACE('',(#311,#102),#165,.T.);
#2956=ADVANCED_FACE('',(#312),#166,.F.);
#2957=ADVANCED_FACE('',(#313),#167,.F.);
#2958=ADVANCED_FACE('',(#314),#168,.F.);
#2959=ADVANCED_FACE('',(#315),#169,.F.);
#2960=ADVANCED_FACE('',(#316,#103),#170,.T.);
#2961=ADVANCED_FACE('',(#317),#171,.T.);
#2962=ADVANCED_FACE('',(#318),#2853,.F.);
#2963=ADVANCED_FACE('',(#319),#172,.F.);
#2964=ADVANCED_FACE('',(#320),#173,.T.);
#2965=ADVANCED_FACE('',(#321),#174,.T.);
#2966=ADVANCED_FACE('',(#322),#175,.T.);
#2967=ADVANCED_FACE('',(#323),#176,.T.);
#2968=ADVANCED_FACE('',(#324,#104,#105,#106,#107,#108),#177,.T.);
#2969=ADVANCED_FACE('',(#325),#178,.T.);
#2970=ADVANCED_FACE('',(#326),#179,.T.);
#2971=ADVANCED_FACE('',(#327),#2854,.F.);
#2972=ADVANCED_FACE('',(#328,#109),#180,.T.);
#2973=ADVANCED_FACE('',(#329),#2855,.T.);
#2974=ADVANCED_FACE('',(#330,#110),#181,.T.);
#2975=ADVANCED_FACE('',(#331),#23,.T.);
#2976=ADVANCED_FACE('',(#332,#111),#182,.T.);
#2977=ADVANCED_FACE('',(#333),#2856,.T.);
#2978=ADVANCED_FACE('',(#334),#183,.T.);
#2979=ADVANCED_FACE('',(#335),#2857,.T.);
#2980=ADVANCED_FACE('',(#336),#184,.T.);
#2981=ADVANCED_FACE('',(#337,#112,#113),#185,.F.);
#2982=ADVANCED_FACE('',(#338,#114,#115),#186,.T.);
#2983=ADVANCED_FACE('',(#339,#116),#187,.T.);
#2984=ADVANCED_FACE('',(#340),#188,.T.);
#2985=ADVANCED_FACE('',(#341),#189,.T.);
#2986=ADVANCED_FACE('',(#342),#190,.T.);
#2987=ADVANCED_FACE('',(#343),#2858,.F.);
#2988=ADVANCED_FACE('',(#344),#2859,.F.);
#2989=ADVANCED_FACE('',(#345),#2860,.F.);
#2990=ADVANCED_FACE('',(#346),#2861,.F.);
#2991=ADVANCED_FACE('',(#347),#191,.F.);
#2992=ADVANCED_FACE('',(#348,#117,#118),#192,.T.);
#2993=ADVANCED_FACE('',(#349,#119,#120),#193,.T.);
#2994=ADVANCED_FACE('',(#350),#194,.T.);
#2995=ADVANCED_FACE('',(#351),#195,.T.);
#2996=ADVANCED_FACE('',(#352),#196,.T.);
#2997=ADVANCED_FACE('',(#353),#2862,.T.);
#2998=ADVANCED_FACE('',(#354),#197,.T.);
#2999=ADVANCED_FACE('',(#355),#198,.T.);
#3000=ADVANCED_FACE('',(#356),#2863,.T.);
#3001=ADVANCED_FACE('',(#357),#2864,.T.);
#3002=ADVANCED_FACE('',(#358),#199,.T.);
#3003=ADVANCED_FACE('',(#359),#2865,.T.);
#3004=ADVANCED_FACE('',(#360),#200,.T.);
#3005=ADVANCED_FACE('',(#361,#121,#122),#201,.F.);
#3006=ADVANCED_FACE('',(#362,#123,#124),#202,.T.);
#3007=ADVANCED_FACE('',(#363,#125),#203,.T.);
#3008=ADVANCED_FACE('',(#364),#204,.T.);
#3009=ADVANCED_FACE('',(#365),#205,.T.);
#3010=ADVANCED_FACE('',(#366),#206,.T.);
#3011=ADVANCED_FACE('',(#367),#2866,.F.);
#3012=ADVANCED_FACE('',(#368),#2867,.F.);
#3013=ADVANCED_FACE('',(#369),#2868,.F.);
#3014=ADVANCED_FACE('',(#370),#2869,.F.);
#3015=ADVANCED_FACE('',(#371),#207,.F.);
#3016=ADVANCED_FACE('',(#372,#126,#127),#208,.T.);
#3017=ADVANCED_FACE('',(#373,#128,#129),#209,.T.);
#3018=ADVANCED_FACE('',(#374),#210,.T.);
#3019=ADVANCED_FACE('',(#375),#211,.T.);
#3020=ADVANCED_FACE('',(#376),#212,.T.);
#3021=ADVANCED_FACE('',(#377),#2870,.T.);
#3022=ADVANCED_FACE('',(#378),#213,.T.);
#3023=ADVANCED_FACE('',(#379),#214,.T.);
#3024=ADVANCED_FACE('',(#380),#2871,.T.);
#3025=ADVANCED_FACE('',(#381),#2872,.F.);
#3026=ADVANCED_FACE('',(#382),#2873,.F.);
#3027=ADVANCED_FACE('',(#383),#2874,.F.);
#3028=ADVANCED_FACE('',(#384),#2875,.F.);
#3029=ADVANCED_FACE('',(#385),#215,.T.);
#3030=ADVANCED_FACE('',(#386),#216,.T.);
#3031=ADVANCED_FACE('',(#387),#2876,.T.);
#3032=ADVANCED_FACE('',(#388),#217,.T.);
#3033=ADVANCED_FACE('',(#389),#2877,.T.);
#3034=ADVANCED_FACE('',(#390),#2878,.T.);
#3035=ADVANCED_FACE('',(#391),#2879,.T.);
#3036=ADVANCED_FACE('',(#392),#2880,.T.);
#3037=ADVANCED_FACE('',(#393),#2881,.T.);
#3038=ADVANCED_FACE('',(#394),#2882,.T.);
#3039=ADVANCED_FACE('',(#395),#218,.T.);
#3040=ADVANCED_FACE('',(#396),#219,.T.);
#3041=ADVANCED_FACE('',(#397),#220,.T.);
#3042=ADVANCED_FACE('',(#398),#221,.T.);
#3043=ADVANCED_FACE('',(#399),#222,.T.);
#3044=ADVANCED_FACE('',(#400),#223,.T.);
#3045=ADVANCED_FACE('',(#401),#224,.T.);
#3046=ADVANCED_FACE('',(#402),#225,.T.);
#3047=ADVANCED_FACE('',(#403),#226,.T.);
#3048=ADVANCED_FACE('',(#404),#227,.T.);
#3049=ADVANCED_FACE('',(#405,#130),#228,.T.);
#3050=ADVANCED_FACE('',(#406),#229,.T.);
#3051=ADVANCED_FACE('',(#407),#230,.T.);
#3052=ADVANCED_FACE('',(#408),#231,.T.);
#3053=ADVANCED_FACE('',(#409),#232,.F.);
#3054=ADVANCED_FACE('',(#410),#233,.T.);
#3055=ADVANCED_FACE('',(#411),#234,.T.);
#3056=ADVANCED_FACE('',(#412),#235,.T.);
#3057=ADVANCED_FACE('',(#413),#236,.T.);
#3058=ADVANCED_FACE('',(#414),#237,.T.);
#3059=ADVANCED_FACE('',(#415),#238,.T.);
#3060=CLOSED_SHELL('',(#2883,#2884,#2885,#2886,#2887,#2888,#2889,#2890,
#2891,#2892,#2893,#2894,#2895,#2896,#2897,#2898,#2899,#2900,#2901,#2902,
#2903,#2904));
#3061=CLOSED_SHELL('',(#2905,#2906,#2907,#2908));
#3062=CLOSED_SHELL('',(#2909,#2910,#2911,#2912,#2913,#2914,#2915,#2916,
#2917,#2918,#2919,#2920,#2921,#2922,#2923,#2924,#2925,#2926,#2927,#2928,
#2929,#2930,#2931,#2932,#2933,#2934,#2935,#2936,#2937,#2938,#2939,#2940,
#2941,#2942,#2943,#2944,#2945,#2946,#2947,#2948,#2949,#2950,#2951,#2952,
#2953,#2954,#2955,#2956,#2957,#2958,#2959,#2960,#2961,#2962,#2963,#2964,
#2965,#2966,#2967,#2968,#2969,#2970));
#3063=CLOSED_SHELL('',(#2971,#2972,#2973,#2974,#2975,#2976));
#3064=CLOSED_SHELL('',(#2977,#2978,#2979,#2980));
#3065=CLOSED_SHELL('',(#2981,#2982,#2983,#2984,#2985,#2986,#2987,#2988));
#3066=CLOSED_SHELL('',(#2989,#2990,#2991,#2992,#2993,#2994,#2995,#2996,
#2997,#2998,#2999,#3000));
#3067=CLOSED_SHELL('',(#3001,#3002,#3003,#3004));
#3068=CLOSED_SHELL('',(#3005,#3006,#3007,#3008,#3009,#3010,#3011,#3012));
#3069=CLOSED_SHELL('',(#3013,#3014,#3015,#3016,#3017,#3018,#3019,#3020,
#3021,#3022,#3023,#3024));
#3070=CLOSED_SHELL('',(#3025,#3026,#3027,#3028,#3029,#3030,#3031,#3032,
#3033,#3034,#3035,#3036,#3037,#3038,#3039,#3040,#3041,#3042));
#3071=CLOSED_SHELL('',(#3043,#3044,#3045,#3046,#3047,#3048,#3049,#3050,
#3051,#3052,#3053));
#3072=CLOSED_SHELL('',(#3054,#3055,#3056,#3057,#3058,#3059));
#3073=DERIVED_UNIT_ELEMENT(#3075,1.);
#3074=DERIVED_UNIT_ELEMENT(#5245,-3.);
#3075=(
MASS_UNIT()
NAMED_UNIT(*)
SI_UNIT(.KILO.,.GRAM.)
);
#3076=DERIVED_UNIT((#3073,#3074));
#3077=MEASURE_REPRESENTATION_ITEM('density measure',
POSITIVE_RATIO_MEASURE(7850.),#3076);
#3078=PROPERTY_DEFINITION_REPRESENTATION(#3083,#3080);
#3079=PROPERTY_DEFINITION_REPRESENTATION(#3084,#3081);
#3080=REPRESENTATION('material name',(#3082),#5242);
#3081=REPRESENTATION('density',(#3077),#5242);
#3082=DESCRIPTIVE_REPRESENTATION_ITEM('\X2\94A2\X0\','\X2\94A2\X0\');
#3083=PROPERTY_DEFINITION('material property','material name',#5257);
#3084=PROPERTY_DEFINITION('material property','density of part',#5257);
#3085=AXIS2_PLACEMENT_3D('',#4277,#3387,#3388);
#3086=AXIS2_PLACEMENT_3D('',#4278,#3389,#3390);
#3087=AXIS2_PLACEMENT_3D('',#4279,#3391,#3392);
#3088=AXIS2_PLACEMENT_3D('',#4281,#3393,#3394);
#3089=AXIS2_PLACEMENT_3D('',#4284,#3396,#3397);
#3090=AXIS2_PLACEMENT_3D('',#4285,#3398,#3399);
#3091=AXIS2_PLACEMENT_3D('',#4287,#3400,#3401);
#3092=AXIS2_PLACEMENT_3D('',#4288,#3402,#3403);
#3093=AXIS2_PLACEMENT_3D('',#4290,#3404,#3405);
#3094=AXIS2_PLACEMENT_3D('',#4293,#3407,#3408);
#3095=AXIS2_PLACEMENT_3D('',#4294,#3409,#3410);
#3096=AXIS2_PLACEMENT_3D('',#4295,#3411,#3412);
#3097=AXIS2_PLACEMENT_3D('',#4297,#3413,#3414);
#3098=AXIS2_PLACEMENT_3D('',#4300,#3416,#3417);
#3099=AXIS2_PLACEMENT_3D('',#4301,#3418,#3419);
#3100=AXIS2_PLACEMENT_3D('',#4302,#3420,#3421);
#3101=AXIS2_PLACEMENT_3D('',#4304,#3422,#3423);
#3102=AXIS2_PLACEMENT_3D('',#4307,#3425,#3426);
#3103=AXIS2_PLACEMENT_3D('',#4308,#3427,#3428);
#3104=AXIS2_PLACEMENT_3D('',#4309,#3429,#3430);
#3105=AXIS2_PLACEMENT_3D('',#4311,#3431,#3432);
#3106=AXIS2_PLACEMENT_3D('',#4314,#3434,#3435);
#3107=AXIS2_PLACEMENT_3D('',#4315,#3436,#3437);
#3108=AXIS2_PLACEMENT_3D('',#4316,#3438,#3439);
#3109=AXIS2_PLACEMENT_3D('',#4318,#3440,#3441);
#3110=AXIS2_PLACEMENT_3D('',#4320,#3443,#3444);
#3111=AXIS2_PLACEMENT_3D('',#4321,#3445,#3446);
#3112=AXIS2_PLACEMENT_3D('',#4324,#3447,#3448);
#3113=AXIS2_PLACEMENT_3D('',#4328,#3450,#3451);
#3114=AXIS2_PLACEMENT_3D('',#4330,#3453,#3454);
#3115=AXIS2_PLACEMENT_3D('',#4333,#3455,#3456);
#3116=AXIS2_PLACEMENT_3D('',#4337,#3458,#3459);
#3117=AXIS2_PLACEMENT_3D('',#4339,#3461,#3462);
#3118=AXIS2_PLACEMENT_3D('',#4342,#3465,#3466);
#3119=AXIS2_PLACEMENT_3D('',#4348,#3470,#3471);
#3120=AXIS2_PLACEMENT_3D('',#4354,#3475,#3476);
#3121=AXIS2_PLACEMENT_3D('',#4360,#3480,#3481);
#3122=AXIS2_PLACEMENT_3D('',#4366,#3485,#3486);
#3123=AXIS2_PLACEMENT_3D('',#4369,#3489,#3490);
#3124=AXIS2_PLACEMENT_3D('',#4370,#3491,#3492);
#3125=AXIS2_PLACEMENT_3D('',#4371,#3493,#3494);
#3126=AXIS2_PLACEMENT_3D('',#4373,#3495,#3496);
#3127=AXIS2_PLACEMENT_3D('',#4376,#3498,#3499);
#3128=AXIS2_PLACEMENT_3D('',#4377,#3500,#3501);
#3129=AXIS2_PLACEMENT_3D('',#4379,#3502,#3503);
#3130=AXIS2_PLACEMENT_3D('',#4382,#3505,#3506);
#3131=AXIS2_PLACEMENT_3D('',#4383,#3507,#3508);
#3132=AXIS2_PLACEMENT_3D('',#4384,#3509,#3510);
#3133=AXIS2_PLACEMENT_3D('',#4385,#3511,#3512);
#3134=AXIS2_PLACEMENT_3D('',#4394,#3517,#3518);
#3135=AXIS2_PLACEMENT_3D('',#4400,#3522,#3523);
#3136=AXIS2_PLACEMENT_3D('',#4406,#3527,#3528);
#3137=AXIS2_PLACEMENT_3D('',#4409,#3531,#3532);
#3138=AXIS2_PLACEMENT_3D('',#4411,#3533,#3534);
#3139=AXIS2_PLACEMENT_3D('',#4414,#3536,#3537);
#3140=AXIS2_PLACEMENT_3D('',#4415,#3538,#3539);
#3141=AXIS2_PLACEMENT_3D('',#4417,#3540,#3541);
#3142=AXIS2_PLACEMENT_3D('',#4420,#3543,#3544);
#3143=AXIS2_PLACEMENT_3D('',#4421,#3545,#3546);
#3144=AXIS2_PLACEMENT_3D('',#4423,#3547,#3548);
#3145=AXIS2_PLACEMENT_3D('',#4426,#3550,#3551);
#3146=AXIS2_PLACEMENT_3D('',#4427,#3552,#3553);
#3147=AXIS2_PLACEMENT_3D('',#4429,#3554,#3555);
#3148=AXIS2_PLACEMENT_3D('',#4432,#3557,#3558);
#3149=AXIS2_PLACEMENT_3D('',#4433,#3559,#3560);
#3150=AXIS2_PLACEMENT_3D('',#4442,#3565,#3566);
#3151=AXIS2_PLACEMENT_3D('',#4450,#3571,#3572);
#3152=AXIS2_PLACEMENT_3D('',#4454,#3575,#3576);
#3153=AXIS2_PLACEMENT_3D('',#4460,#3580,#3581);
#3154=AXIS2_PLACEMENT_3D('',#4462,#3582,#3583);
#3155=AXIS2_PLACEMENT_3D('',#4464,#3584,#3585);
#3156=AXIS2_PLACEMENT_3D('',#4466,#3587,#3588);
#3157=AXIS2_PLACEMENT_3D('',#4472,#3592,#3593);
#3158=AXIS2_PLACEMENT_3D('',#4476,#3596,#3597);
#3159=AXIS2_PLACEMENT_3D('',#4484,#3602,#3603);
#3160=AXIS2_PLACEMENT_3D('',#4488,#3606,#3607);
#3161=AXIS2_PLACEMENT_3D('',#4491,#3608,#3609);
#3162=AXIS2_PLACEMENT_3D('',#4495,#3611,#3612);
#3163=AXIS2_PLACEMENT_3D('',#4497,#3614,#3615);
#3164=AXIS2_PLACEMENT_3D('',#4499,#3616,#3617);
#3165=AXIS2_PLACEMENT_3D('',#4503,#3619,#3620);
#3166=AXIS2_PLACEMENT_3D('',#4505,#3622,#3623);
#3167=AXIS2_PLACEMENT_3D('',#4506,#3624,#3625);
#3168=AXIS2_PLACEMENT_3D('',#4507,#3626,#3627);
#3169=AXIS2_PLACEMENT_3D('',#4508,#3628,#3629);
#3170=AXIS2_PLACEMENT_3D('',#4511,#3631,#3632);
#3171=AXIS2_PLACEMENT_3D('',#4512,#3633,#3634);
#3172=AXIS2_PLACEMENT_3D('',#4513,#3635,#3636);
#3173=AXIS2_PLACEMENT_3D('',#4514,#3637,#3638);
#3174=AXIS2_PLACEMENT_3D('',#4518,#3640,#3641);
#3175=AXIS2_PLACEMENT_3D('',#4520,#3643,#3644);
#3176=AXIS2_PLACEMENT_3D('',#4540,#3655,#3656);
#3177=AXIS2_PLACEMENT_3D('',#4541,#3657,#3658);
#3178=AXIS2_PLACEMENT_3D('',#4542,#3659,#3660);
#3179=AXIS2_PLACEMENT_3D('',#4545,#3661,#3662);
#3180=AXIS2_PLACEMENT_3D('',#4548,#3664,#3665);
#3181=AXIS2_PLACEMENT_3D('',#4550,#3667,#3668);
#3182=AXIS2_PLACEMENT_3D('',#4551,#3669,#3670);
#3183=AXIS2_PLACEMENT_3D('',#4552,#3671,#3672);
#3184=AXIS2_PLACEMENT_3D('',#4554,#3674,#3675);
#3185=AXIS2_PLACEMENT_3D('',#4558,#3677,#3678);
#3186=AXIS2_PLACEMENT_3D('',#4562,#3681,#3682);
#3187=AXIS2_PLACEMENT_3D('',#4568,#3686,#3687);
#3188=AXIS2_PLACEMENT_3D('',#4569,#3688,#3689);
#3189=AXIS2_PLACEMENT_3D('',#4570,#3690,#3691);
#3190=AXIS2_PLACEMENT_3D('',#4572,#3692,#3693);
#3191=AXIS2_PLACEMENT_3D('',#4573,#3694,#3695);
#3192=AXIS2_PLACEMENT_3D('',#4574,#3696,#3697);
#3193=AXIS2_PLACEMENT_3D('',#4576,#3698,#3699);
#3194=AXIS2_PLACEMENT_3D('',#4578,#3701,#3702);
#3195=AXIS2_PLACEMENT_3D('',#4582,#3705,#3706);
#3196=AXIS2_PLACEMENT_3D('',#4583,#3707,#3708);
#3197=AXIS2_PLACEMENT_3D('',#4584,#3709,#3710);
#3198=AXIS2_PLACEMENT_3D('',#4585,#3711,#3712);
#3199=AXIS2_PLACEMENT_3D('',#4586,#3713,#3714);
#3200=AXIS2_PLACEMENT_3D('',#4588,#3715,#3716);
#3201=AXIS2_PLACEMENT_3D('',#4590,#3718,#3719);
#3202=AXIS2_PLACEMENT_3D('',#4593,#3721,#3722);
#3203=AXIS2_PLACEMENT_3D('',#4594,#3723,#3724);
#3204=AXIS2_PLACEMENT_3D('',#4597,#3726,#3727);
#3205=AXIS2_PLACEMENT_3D('',#4599,#3729,#3730);
#3206=AXIS2_PLACEMENT_3D('',#4602,#3731,#3732);
#3207=AXIS2_PLACEMENT_3D('',#4603,#3733,#3734);
#3208=AXIS2_PLACEMENT_3D('',#4604,#3735,#3736);
#3209=AXIS2_PLACEMENT_3D('',#4605,#3737,#3738);
#3210=AXIS2_PLACEMENT_3D('',#4607,#3740,#3741);
#3211=AXIS2_PLACEMENT_3D('',#4609,#3742,#3743);
#3212=AXIS2_PLACEMENT_3D('',#4610,#3744,#3745);
#3213=AXIS2_PLACEMENT_3D('',#4611,#3746,#3747);
#3214=AXIS2_PLACEMENT_3D('',#4613,#3749,#3750);
#3215=AXIS2_PLACEMENT_3D('',#4616,#3753,#3754);
#3216=AXIS2_PLACEMENT_3D('',#4618,#3756,#3757);
#3217=AXIS2_PLACEMENT_3D('',#4620,#3758,#3759);
#3218=AXIS2_PLACEMENT_3D('',#4621,#3760,#3761);
#3219=AXIS2_PLACEMENT_3D('',#4630,#3766,#3767);
#3220=AXIS2_PLACEMENT_3D('',#4636,#3771,#3772);
#3221=AXIS2_PLACEMENT_3D('',#4640,#3775,#3776);
#3222=AXIS2_PLACEMENT_3D('',#4644,#3779,#3780);
#3223=AXIS2_PLACEMENT_3D('',#4646,#3782,#3783);
#3224=AXIS2_PLACEMENT_3D('',#4652,#3787,#3788);
#3225=AXIS2_PLACEMENT_3D('',#4658,#3792,#3793);
#3226=AXIS2_PLACEMENT_3D('',#4661,#3795,#3796);
#3227=AXIS2_PLACEMENT_3D('',#4662,#3797,#3798);
#3228=AXIS2_PLACEMENT_3D('',#4663,#3799,#3800);
#3229=AXIS2_PLACEMENT_3D('',#4673,#3806,#3807);
#3230=AXIS2_PLACEMENT_3D('',#4675,#3809,#3810);
#3231=AXIS2_PLACEMENT_3D('',#4676,#3811,#3812);
#3232=AXIS2_PLACEMENT_3D('',#4678,#3814,#3815);
#3233=AXIS2_PLACEMENT_3D('',#4680,#3817,#3818);
#3234=AXIS2_PLACEMENT_3D('',#4682,#3820,#3821);
#3235=AXIS2_PLACEMENT_3D('',#4683,#3822,#3823);
#3236=AXIS2_PLACEMENT_3D('',#4685,#3824,#3825);
#3237=AXIS2_PLACEMENT_3D('',#4688,#3827,#3828);
#3238=AXIS2_PLACEMENT_3D('',#4689,#3829,#3830);
#3239=AXIS2_PLACEMENT_3D('',#4691,#3831,#3832);
#3240=AXIS2_PLACEMENT_3D('',#4692,#3833,#3834);
#3241=AXIS2_PLACEMENT_3D('',#4694,#3835,#3836);
#3242=AXIS2_PLACEMENT_3D('',#4696,#3838,#3839);
#3243=AXIS2_PLACEMENT_3D('',#4698,#3840,#3841);
#3244=AXIS2_PLACEMENT_3D('',#4699,#3842,#3843);
#3245=AXIS2_PLACEMENT_3D('',#4701,#3844,#3845);
#3246=AXIS2_PLACEMENT_3D('',#4703,#3847,#3848);
#3247=AXIS2_PLACEMENT_3D('',#4704,#3849,#3850);
#3248=AXIS2_PLACEMENT_3D('',#4709,#3852,#3853);
#3249=AXIS2_PLACEMENT_3D('',#4712,#3855,#3856);
#3250=AXIS2_PLACEMENT_3D('',#4713,#3857,#3858);
#3251=AXIS2_PLACEMENT_3D('',#4714,#3859,#3860);
#3252=AXIS2_PLACEMENT_3D('',#4715,#3861,#3862);
#3253=AXIS2_PLACEMENT_3D('',#4716,#3863,#3864);
#3254=AXIS2_PLACEMENT_3D('',#4717,#3865,#3866);
#3255=AXIS2_PLACEMENT_3D('',#4718,#3867,#3868);
#3256=AXIS2_PLACEMENT_3D('',#4728,#3873,#3874);
#3257=AXIS2_PLACEMENT_3D('',#4730,#3875,#3876);
#3258=AXIS2_PLACEMENT_3D('',#4731,#3877,#3878);
#3259=AXIS2_PLACEMENT_3D('',#4741,#3883,#3884);
#3260=AXIS2_PLACEMENT_3D('',#4743,#3885,#3886);
#3261=AXIS2_PLACEMENT_3D('',#4744,#3887,#3888);
#3262=AXIS2_PLACEMENT_3D('',#4750,#3892,#3893);
#3263=AXIS2_PLACEMENT_3D('',#4752,#3895,#3896);
#3264=AXIS2_PLACEMENT_3D('',#4754,#3898,#3899);
#3265=AXIS2_PLACEMENT_3D('',#4755,#3900,#3901);
#3266=AXIS2_PLACEMENT_3D('',#4757,#3903,#3904);
#3267=AXIS2_PLACEMENT_3D('',#4759,#3906,#3907);
#3268=AXIS2_PLACEMENT_3D('',#4761,#3908,#3909);
#3269=AXIS2_PLACEMENT_3D('',#4764,#3911,#3912);
#3270=AXIS2_PLACEMENT_3D('',#4765,#3913,#3914);
#3271=AXIS2_PLACEMENT_3D('',#4767,#3915,#3916);
#3272=AXIS2_PLACEMENT_3D('',#4770,#3918,#3919);
#3273=AXIS2_PLACEMENT_3D('',#4771,#3920,#3921);
#3274=AXIS2_PLACEMENT_3D('',#4796,#3934,#3935);
#3275=AXIS2_PLACEMENT_3D('',#4802,#3939,#3940);
#3276=AXIS2_PLACEMENT_3D('',#4808,#3944,#3945);
#3277=AXIS2_PLACEMENT_3D('',#4811,#3948,#3949);
#3278=AXIS2_PLACEMENT_3D('',#4812,#3950,#3951);
#3279=AXIS2_PLACEMENT_3D('',#4813,#3952,#3953);
#3280=AXIS2_PLACEMENT_3D('',#4814,#3954,#3955);
#3281=AXIS2_PLACEMENT_3D('',#4815,#3956,#3957);
#3282=AXIS2_PLACEMENT_3D('',#4816,#3958,#3959);
#3283=AXIS2_PLACEMENT_3D('',#4817,#3960,#3961);
#3284=AXIS2_PLACEMENT_3D('',#4818,#3962,#3963);
#3285=AXIS2_PLACEMENT_3D('',#4819,#3964,#3965);
#3286=AXIS2_PLACEMENT_3D('',#4820,#3966,#3967);
#3287=AXIS2_PLACEMENT_3D('',#4821,#3968,#3969);
#3288=AXIS2_PLACEMENT_3D('',#4826,#3971,#3972);
#3289=AXIS2_PLACEMENT_3D('',#4829,#3974,#3975);
#3290=AXIS2_PLACEMENT_3D('',#4830,#3976,#3977);
#3291=AXIS2_PLACEMENT_3D('',#4831,#3978,#3979);
#3292=AXIS2_PLACEMENT_3D('',#4832,#3980,#3981);
#3293=AXIS2_PLACEMENT_3D('',#4833,#3982,#3983);
#3294=AXIS2_PLACEMENT_3D('',#4834,#3984,#3985);
#3295=AXIS2_PLACEMENT_3D('',#4835,#3986,#3987);
#3296=AXIS2_PLACEMENT_3D('',#4845,#3992,#3993);
#3297=AXIS2_PLACEMENT_3D('',#4847,#3994,#3995);
#3298=AXIS2_PLACEMENT_3D('',#4848,#3996,#3997);
#3299=AXIS2_PLACEMENT_3D('',#4858,#4002,#4003);
#3300=AXIS2_PLACEMENT_3D('',#4860,#4004,#4005);
#3301=AXIS2_PLACEMENT_3D('',#4861,#4006,#4007);
#3302=AXIS2_PLACEMENT_3D('',#4867,#4011,#4012);
#3303=AXIS2_PLACEMENT_3D('',#4869,#4014,#4015);
#3304=AXIS2_PLACEMENT_3D('',#4871,#4017,#4018);
#3305=AXIS2_PLACEMENT_3D('',#4872,#4019,#4020);
#3306=AXIS2_PLACEMENT_3D('',#4874,#4022,#4023);
#3307=AXIS2_PLACEMENT_3D('',#4876,#4025,#4026);
#3308=AXIS2_PLACEMENT_3D('',#4878,#4027,#4028);
#3309=AXIS2_PLACEMENT_3D('',#4881,#4030,#4031);
#3310=AXIS2_PLACEMENT_3D('',#4882,#4032,#4033);
#3311=AXIS2_PLACEMENT_3D('',#4884,#4034,#4035);
#3312=AXIS2_PLACEMENT_3D('',#4887,#4037,#4038);
#3313=AXIS2_PLACEMENT_3D('',#4888,#4039,#4040);
#3314=AXIS2_PLACEMENT_3D('',#4913,#4053,#4054);
#3315=AXIS2_PLACEMENT_3D('',#4919,#4058,#4059);
#3316=AXIS2_PLACEMENT_3D('',#4925,#4063,#4064);
#3317=AXIS2_PLACEMENT_3D('',#4928,#4067,#4068);
#3318=AXIS2_PLACEMENT_3D('',#4929,#4069,#4070);
#3319=AXIS2_PLACEMENT_3D('',#4930,#4071,#4072);
#3320=AXIS2_PLACEMENT_3D('',#4931,#4073,#4074);
#3321=AXIS2_PLACEMENT_3D('',#4932,#4075,#4076);
#3322=AXIS2_PLACEMENT_3D('',#4933,#4077,#4078);
#3323=AXIS2_PLACEMENT_3D('',#4934,#4079,#4080);
#3324=AXIS2_PLACEMENT_3D('',#4935,#4081,#4082);
#3325=AXIS2_PLACEMENT_3D('',#4936,#4083,#4084);
#3326=AXIS2_PLACEMENT_3D('',#4937,#4085,#4086);
#3327=AXIS2_PLACEMENT_3D('',#4938,#4087,#4088);
#3328=AXIS2_PLACEMENT_3D('',#4953,#4089,#4090);
#3329=AXIS2_PLACEMENT_3D('',#4957,#4092,#4093);
#3330=AXIS2_PLACEMENT_3D('',#4974,#4094,#4095);
#3331=AXIS2_PLACEMENT_3D('',#4975,#4096,#4097);
#3332=AXIS2_PLACEMENT_3D('',#4976,#4098,#4099);
#3333=AXIS2_PLACEMENT_3D('',#4991,#4100,#4101);
#3334=AXIS2_PLACEMENT_3D('',#4995,#4103,#4104);
#3335=AXIS2_PLACEMENT_3D('',#5012,#4105,#4106);
#3336=AXIS2_PLACEMENT_3D('',#5013,#4107,#4108);
#3337=AXIS2_PLACEMENT_3D('',#5014,#4109,#4110);
#3338=AXIS2_PLACEMENT_3D('',#5029,#4111,#4112);
#3339=AXIS2_PLACEMENT_3D('',#5033,#4114,#4115);
#3340=AXIS2_PLACEMENT_3D('',#5050,#4116,#4117);
#3341=AXIS2_PLACEMENT_3D('',#5051,#4118,#4119);
#3342=AXIS2_PLACEMENT_3D('',#5052,#4120,#4121);
#3343=AXIS2_PLACEMENT_3D('',#5067,#4122,#4123);
#3344=AXIS2_PLACEMENT_3D('',#5071,#4125,#4126);
#3345=AXIS2_PLACEMENT_3D('',#5088,#4127,#4128);
#3346=AXIS2_PLACEMENT_3D('',#5089,#4129,#4130);
#3347=AXIS2_PLACEMENT_3D('',#5090,#4131,#4132);
#3348=AXIS2_PLACEMENT_3D('',#5107,#4143,#4144);
#3349=AXIS2_PLACEMENT_3D('',#5124,#4155,#4156);
#3350=AXIS2_PLACEMENT_3D('',#5126,#4157,#4158);
#3351=AXIS2_PLACEMENT_3D('',#5129,#4160,#4161);
#3352=AXIS2_PLACEMENT_3D('',#5130,#4162,#4163);
#3353=AXIS2_PLACEMENT_3D('',#5134,#4166,#4167);
#3354=AXIS2_PLACEMENT_3D('',#5136,#4168,#4169);
#3355=AXIS2_PLACEMENT_3D('',#5138,#4171,#4172);
#3356=AXIS2_PLACEMENT_3D('',#5139,#4173,#4174);
#3357=AXIS2_PLACEMENT_3D('',#5141,#4175,#4176);
#3358=AXIS2_PLACEMENT_3D('',#5143,#4178,#4179);
#3359=AXIS2_PLACEMENT_3D('',#5145,#4180,#4181);
#3360=AXIS2_PLACEMENT_3D('',#5147,#4183,#4184);
#3361=AXIS2_PLACEMENT_3D('',#5148,#4185,#4186);
#3362=AXIS2_PLACEMENT_3D('',#5150,#4188,#4189);
#3363=AXIS2_PLACEMENT_3D('',#5151,#4190,#4191);
#3364=AXIS2_PLACEMENT_3D('',#5152,#4192,#4193);
#3365=AXIS2_PLACEMENT_3D('',#5153,#4194,#4195);
#3366=AXIS2_PLACEMENT_3D('',#5155,#4197,#4198);
#3367=AXIS2_PLACEMENT_3D('',#5157,#4200,#4201);
#3368=AXIS2_PLACEMENT_3D('',#5159,#4203,#4204);
#3369=AXIS2_PLACEMENT_3D('',#5160,#4205,#4206);
#3370=AXIS2_PLACEMENT_3D('',#5169,#4211,#4212);
#3371=AXIS2_PLACEMENT_3D('',#5175,#4216,#4217);
#3372=AXIS2_PLACEMENT_3D('',#5181,#4221,#4222);
#3373=AXIS2_PLACEMENT_3D('',#5184,#4225,#4226);
#3374=AXIS2_PLACEMENT_3D('',#5185,#4227,#4228);
#3375=AXIS2_PLACEMENT_3D('',#5194,#4233,#4234);
#3376=AXIS2_PLACEMENT_3D('',#5200,#4238,#4239);
#3377=AXIS2_PLACEMENT_3D('',#5206,#4243,#4244);
#3378=AXIS2_PLACEMENT_3D('',#5209,#4247,#4248);
#3379=AXIS2_PLACEMENT_3D('',#5210,#4249,#4250);
#3380=AXIS2_PLACEMENT_3D('',#5211,#4251,#4252);
#3381=AXIS2_PLACEMENT_3D('',#5220,#4257,#4258);
#3382=AXIS2_PLACEMENT_3D('',#5226,#4262,#4263);
#3383=AXIS2_PLACEMENT_3D('',#5232,#4267,#4268);
#3384=AXIS2_PLACEMENT_3D('',#5235,#4271,#4272);
#3385=AXIS2_PLACEMENT_3D('',#5236,#4273,#4274);
#3386=AXIS2_PLACEMENT_3D('',#5237,#4275,#4276);
#3387=DIRECTION('axis',(0.,0.,1.));
#3388=DIRECTION('refdir',(1.,0.,0.));
#3389=DIRECTION('axis',(0.,0.,1.));
#3390=DIRECTION('refdir',(1.,0.,0.));
#3391=DIRECTION('center_axis',(0.,0.,-1.));
#3392=DIRECTION('ref_axis',(1.,0.,0.));
#3393=DIRECTION('center_axis',(0.,0.,-1.));
#3394=DIRECTION('ref_axis',(1.,0.,0.));
#3395=DIRECTION('',(0.,0.,1.));
#3396=DIRECTION('center_axis',(0.,0.,1.));
#3397=DIRECTION('ref_axis',(1.,0.,0.));
#3398=DIRECTION('center_axis',(0.,0.,-1.));
#3399=DIRECTION('ref_axis',(1.,0.,0.));
#3400=DIRECTION('center_axis',(0.,0.,-1.));
#3401=DIRECTION('ref_axis',(1.,0.,0.));
#3402=DIRECTION('center_axis',(0.,0.,-1.));
#3403=DIRECTION('ref_axis',(1.,0.,0.));
#3404=DIRECTION('center_axis',(0.,0.,-1.));
#3405=DIRECTION('ref_axis',(1.,0.,0.));
#3406=DIRECTION('',(0.,0.,1.));
#3407=DIRECTION('center_axis',(0.,0.,1.));
#3408=DIRECTION('ref_axis',(1.,0.,0.));
#3409=DIRECTION('center_axis',(0.,0.,-1.));
#3410=DIRECTION('ref_axis',(1.,0.,0.));
#3411=DIRECTION('center_axis',(0.,0.,-1.));
#3412=DIRECTION('ref_axis',(1.,0.,0.));
#3413=DIRECTION('center_axis',(0.,0.,-1.));
#3414=DIRECTION('ref_axis',(1.,0.,0.));
#3415=DIRECTION('',(0.,0.,1.));
#3416=DIRECTION('center_axis',(0.,0.,1.));
#3417=DIRECTION('ref_axis',(1.,0.,0.));
#3418=DIRECTION('center_axis',(0.,0.,-1.));
#3419=DIRECTION('ref_axis',(1.,0.,0.));
#3420=DIRECTION('center_axis',(0.,0.,-1.));
#3421=DIRECTION('ref_axis',(1.,0.,0.));
#3422=DIRECTION('center_axis',(0.,0.,-1.));
#3423=DIRECTION('ref_axis',(1.,0.,0.));
#3424=DIRECTION('',(0.,0.,1.));
#3425=DIRECTION('center_axis',(0.,0.,1.));
#3426=DIRECTION('ref_axis',(1.,0.,0.));
#3427=DIRECTION('center_axis',(0.,0.,-1.));
#3428=DIRECTION('ref_axis',(1.,0.,0.));
#3429=DIRECTION('center_axis',(0.,0.,-1.));
#3430=DIRECTION('ref_axis',(1.,0.,0.));
#3431=DIRECTION('center_axis',(0.,0.,-1.));
#3432=DIRECTION('ref_axis',(1.,0.,0.));
#3433=DIRECTION('',(0.,0.,1.));
#3434=DIRECTION('center_axis',(0.,0.,1.));
#3435=DIRECTION('ref_axis',(1.,0.,0.));
#3436=DIRECTION('center_axis',(0.,0.,-1.));
#3437=DIRECTION('ref_axis',(1.,0.,0.));
#3438=DIRECTION('center_axis',(0.,0.,-1.));
#3439=DIRECTION('ref_axis',(1.,0.,0.));
#3440=DIRECTION('center_axis',(0.,0.,-1.));
#3441=DIRECTION('ref_axis',(1.,0.,0.));
#3442=DIRECTION('',(0.,0.,1.));
#3443=DIRECTION('center_axis',(0.,0.,-1.));
#3444=DIRECTION('ref_axis',(1.,0.,0.));
#3445=DIRECTION('center_axis',(0.,-1.,0.));
#3446=DIRECTION('ref_axis',(-1.,0.,-3.87433820873583E-15));
#3447=DIRECTION('center_axis',(0.,1.,0.));
#3448=DIRECTION('ref_axis',(1.,0.,0.));
#3449=DIRECTION('',(0.,-1.,0.));
#3450=DIRECTION('center_axis',(0.,-1.,0.));
#3451=DIRECTION('ref_axis',(1.,0.,0.));
#3452=DIRECTION('',(0.,-1.,0.));
#3453=DIRECTION('center_axis',(0.,-1.,0.));
#3454=DIRECTION('ref_axis',(1.,0.,0.));
#3455=DIRECTION('center_axis',(0.,1.,0.));
#3456=DIRECTION('ref_axis',(1.,0.,0.));
#3457=DIRECTION('',(0.,-1.,0.));
#3458=DIRECTION('center_axis',(0.,-1.,0.));
#3459=DIRECTION('ref_axis',(1.,0.,0.));
#3460=DIRECTION('',(0.,-1.,0.));
#3461=DIRECTION('center_axis',(0.,-1.,0.));
#3462=DIRECTION('ref_axis',(1.,0.,0.));
#3463=DIRECTION('',(-1.,0.,0.));
#3464=DIRECTION('',(1.,0.,0.));
#3465=DIRECTION('center_axis',(0.,-1.,0.));
#3466=DIRECTION('ref_axis',(1.,0.,0.));
#3467=DIRECTION('',(1.,0.,0.));
#3468=DIRECTION('',(0.,0.,1.));
#3469=DIRECTION('',(-1.,0.,0.));
#3470=DIRECTION('center_axis',(0.,-1.,0.));
#3471=DIRECTION('ref_axis',(1.,0.,0.));
#3472=DIRECTION('',(-1.,0.,0.));
#3473=DIRECTION('',(0.,0.,1.));
#3474=DIRECTION('',(1.,0.,0.));
#3475=DIRECTION('center_axis',(-1.,0.,0.));
#3476=DIRECTION('ref_axis',(0.,-1.,0.));
#3477=DIRECTION('',(0.,1.,0.));
#3478=DIRECTION('',(0.,-1.,0.));
#3479=DIRECTION('',(0.,0.,1.));
#3480=DIRECTION('center_axis',(0.,1.,0.));
#3481=DIRECTION('ref_axis',(-1.,0.,0.));
#3482=DIRECTION('',(1.,0.,0.));
#3483=DIRECTION('',(-1.,0.,0.));
#3484=DIRECTION('',(0.,0.,1.));
#3485=DIRECTION('center_axis',(1.,0.,0.));
#3486=DIRECTION('ref_axis',(0.,1.,0.));
#3487=DIRECTION('',(0.,-1.,0.));
#3488=DIRECTION('',(0.,1.,0.));
#3489=DIRECTION('center_axis',(0.,0.,1.));
#3490=DIRECTION('ref_axis',(1.,0.,0.));
#3491=DIRECTION('center_axis',(0.,0.,1.));
#3492=DIRECTION('ref_axis',(1.,0.,0.));
#3493=DIRECTION('center_axis',(0.,0.,1.));
#3494=DIRECTION('ref_axis',(1.,0.,0.));
#3495=DIRECTION('center_axis',(0.,0.,-1.));
#3496=DIRECTION('ref_axis',(1.,0.,0.));
#3497=DIRECTION('',(0.,0.,-1.));
#3498=DIRECTION('center_axis',(0.,0.,-1.));
#3499=DIRECTION('ref_axis',(1.,0.,0.));
#3500=DIRECTION('center_axis',(0.,0.,1.));
#3501=DIRECTION('ref_axis',(1.,0.,0.));
#3502=DIRECTION('center_axis',(0.,0.,1.));
#3503=DIRECTION('ref_axis',(1.,0.,0.));
#3504=DIRECTION('',(0.,0.,-1.));
#3505=DIRECTION('center_axis',(0.,0.,1.));
#3506=DIRECTION('ref_axis',(1.,0.,0.));
#3507=DIRECTION('center_axis',(0.,0.,1.));
#3508=DIRECTION('ref_axis',(1.,0.,0.));
#3509=DIRECTION('center_axis',(0.,0.,1.));
#3510=DIRECTION('ref_axis',(1.,0.,0.));
#3511=DIRECTION('center_axis',(0.,-1.,0.));
#3512=DIRECTION('ref_axis',(0.,0.,1.));
#3513=DIRECTION('',(0.,0.,-1.));
#3514=DIRECTION('',(-1.,0.,0.));
#3515=DIRECTION('',(0.,0.,1.));
#3516=DIRECTION('',(-1.,0.,0.));
#3517=DIRECTION('center_axis',(0.,0.,-1.));
#3518=DIRECTION('ref_axis',(0.,-1.,0.));
#3519=DIRECTION('',(0.,1.,0.));
#3520=DIRECTION('',(0.,-1.,0.));
#3521=DIRECTION('',(-1.,0.,0.));
#3522=DIRECTION('center_axis',(0.,1.,0.));
#3523=DIRECTION('ref_axis',(0.,0.,-1.));
#3524=DIRECTION('',(0.,0.,1.));
#3525=DIRECTION('',(0.,0.,-1.));
#3526=DIRECTION('',(-1.,0.,0.));
#3527=DIRECTION('center_axis',(0.,0.,1.));
#3528=DIRECTION('ref_axis',(0.,1.,0.));
#3529=DIRECTION('',(0.,-1.,0.));
#3530=DIRECTION('',(0.,1.,0.));
#3531=DIRECTION('center_axis',(1.,0.,0.));
#3532=DIRECTION('ref_axis',(0.,-1.,0.));
#3533=DIRECTION('center_axis',(1.,0.,0.));
#3534=DIRECTION('ref_axis',(0.,-1.,0.));
#3535=DIRECTION('',(1.,0.,0.));
#3536=DIRECTION('center_axis',(-1.,0.,0.));
#3537=DIRECTION('ref_axis',(0.,-1.,0.));
#3538=DIRECTION('center_axis',(1.,0.,0.));
#3539=DIRECTION('ref_axis',(0.,-1.,0.));
#3540=DIRECTION('center_axis',(1.,0.,0.));
#3541=DIRECTION('ref_axis',(0.,-1.,0.));
#3542=DIRECTION('',(1.,0.,0.));
#3543=DIRECTION('center_axis',(-1.,0.,0.));
#3544=DIRECTION('ref_axis',(0.,-1.,0.));
#3545=DIRECTION('center_axis',(1.,0.,0.));
#3546=DIRECTION('ref_axis',(0.,-1.,0.));
#3547=DIRECTION('center_axis',(1.,0.,0.));
#3548=DIRECTION('ref_axis',(0.,-1.,0.));
#3549=DIRECTION('',(1.,0.,0.));
#3550=DIRECTION('center_axis',(-1.,0.,0.));
#3551=DIRECTION('ref_axis',(0.,-1.,0.));
#3552=DIRECTION('center_axis',(1.,0.,0.));
#3553=DIRECTION('ref_axis',(0.,-1.,0.));
#3554=DIRECTION('center_axis',(1.,0.,0.));
#3555=DIRECTION('ref_axis',(0.,-1.,0.));
#3556=DIRECTION('',(1.,0.,0.));
#3557=DIRECTION('center_axis',(-1.,0.,0.));
#3558=DIRECTION('ref_axis',(0.,-1.,0.));
#3559=DIRECTION('center_axis',(0.,0.,1.));
#3560=DIRECTION('ref_axis',(1.,0.,0.));
#3561=DIRECTION('',(0.,1.,0.));
#3562=DIRECTION('',(1.,0.,0.));
#3563=DIRECTION('',(0.,1.,0.));
#3564=DIRECTION('',(1.,0.,0.));
#3565=DIRECTION('center_axis',(0.,-1.,0.));
#3566=DIRECTION('ref_axis',(1.,0.,0.));
#3567=DIRECTION('',(0.,0.,-1.));
#3568=DIRECTION('',(-0.286617246587307,0.,-0.958045173234911));
#3569=DIRECTION('',(1.,0.,0.));
#3570=DIRECTION('',(0.,0.,1.));
#3571=DIRECTION('center_axis',(-1.,0.,0.));
#3572=DIRECTION('ref_axis',(0.,-1.,0.));
#3573=DIRECTION('',(0.,-1.,0.));
#3574=DIRECTION('',(0.,0.,1.));
#3575=DIRECTION('center_axis',(0.,1.,0.));
#3576=DIRECTION('ref_axis',(-1.,0.,0.));
#3577=DIRECTION('',(-1.,0.,0.));
#3578=DIRECTION('',(0.,0.,1.));
#3579=DIRECTION('',(1.,0.,0.));
#3580=DIRECTION('center_axis',(0.,0.,1.));
#3581=DIRECTION('ref_axis',(1.,0.,0.));
#3582=DIRECTION('center_axis',(0.,0.,1.));
#3583=DIRECTION('ref_axis',(1.,0.,0.));
#3584=DIRECTION('center_axis',(0.,0.,-1.));
#3585=DIRECTION('ref_axis',(1.,0.,0.));
#3586=DIRECTION('',(0.,0.,1.));
#3587=DIRECTION('center_axis',(0.,1.,0.));
#3588=DIRECTION('ref_axis',(-1.,0.,0.));
#3589=DIRECTION('',(1.,0.,0.));
#3590=DIRECTION('',(-1.,0.,0.));
#3591=DIRECTION('',(0.,0.,1.));
#3592=DIRECTION('center_axis',(0.,0.,1.));
#3593=DIRECTION('ref_axis',(1.,0.,0.));
#3594=DIRECTION('',(-1.,0.,0.));
#3595=DIRECTION('',(0.,-1.,0.));
#3596=DIRECTION('center_axis',(-1.,0.,0.));
#3597=DIRECTION('ref_axis',(0.,-1.,0.));
#3598=DIRECTION('',(0.,0.,1.));
#3599=DIRECTION('',(0.,-1.,0.));
#3600=DIRECTION('',(0.,0.,1.));
#3601=DIRECTION('',(0.,1.,0.));
#3602=DIRECTION('center_axis',(0.,1.,0.));
#3603=DIRECTION('ref_axis',(-1.,0.,0.));
#3604=DIRECTION('',(-0.286617246587307,0.,-0.958045173234911));
#3605=DIRECTION('',(-1.,0.,0.));
#3606=DIRECTION('center_axis',(0.,0.,1.));
#3607=DIRECTION('ref_axis',(0.707106781186545,0.70710678118655,0.));
#3608=DIRECTION('center_axis',(0.,0.,1.));
#3609=DIRECTION('ref_axis',(0.707106781186545,0.70710678118655,0.));
#3610=DIRECTION('',(0.,0.,1.));
#3611=DIRECTION('center_axis',(0.,0.,-1.));
#3612=DIRECTION('ref_axis',(0.,1.,0.));
#3613=DIRECTION('',(0.,0.,-1.));
#3614=DIRECTION('center_axis',(-1.,0.,0.));
#3615=DIRECTION('ref_axis',(0.,0.707106781186543,0.707106781186552));
#3616=DIRECTION('center_axis',(-1.,0.,0.));
#3617=DIRECTION('ref_axis',(0.,0.,1.));
#3618=DIRECTION('',(-1.,0.,0.));
#3619=DIRECTION('center_axis',(1.,0.,0.));
#3620=DIRECTION('ref_axis',(0.,1.,0.));
#3621=DIRECTION('',(1.,0.,0.));
#3622=DIRECTION('center_axis',(0.408248290463871,0.408248290463861,-0.816496580927723));
#3623=DIRECTION('ref_axis',(0.577350269189632,0.577350269189613,0.577350269189632));
#3624=DIRECTION('center_axis',(0.,1.,0.));
#3625=DIRECTION('ref_axis',(0.707106781186547,0.,0.707106781186547));
#3626=DIRECTION('center_axis',(0.,0.,1.));
#3627=DIRECTION('ref_axis',(-0.707106781186548,0.707106781186548,0.));
#3628=DIRECTION('center_axis',(0.,0.,-1.));
#3629=DIRECTION('ref_axis',(-1.,0.,0.));
#3630=DIRECTION('',(0.,0.,-1.));
#3631=DIRECTION('center_axis',(-0.707106781186547,0.,-0.707106781186548));
#3632=DIRECTION('ref_axis',(-0.707106781186548,0.,0.707106781186547));
#3633=DIRECTION('center_axis',(-0.408248290463865,-0.816496580927726,0.408248290463861));
#3634=DIRECTION('ref_axis',(-0.577350269189624,0.577350269189624,0.577350269189629));
#3635=DIRECTION('center_axis',(0.,1.,0.));
#3636=DIRECTION('ref_axis',(-0.707106781186547,0.,0.707106781186547));
#3637=DIRECTION('center_axis',(0.,1.,0.));
#3638=DIRECTION('ref_axis',(0.707106781186547,0.,0.707106781186547));
#3639=DIRECTION('',(0.,-1.,0.));
#3640=DIRECTION('center_axis',(0.,-1.,0.));
#3641=DIRECTION('ref_axis',(0.707106781186547,0.,0.707106781186547));
#3642=DIRECTION('',(0.,1.,0.));
#3643=DIRECTION('center_axis',(0.,0.,1.));
#3644=DIRECTION('ref_axis',(1.,0.,0.));
#3645=DIRECTION('',(0.,1.,0.));
#3646=DIRECTION('',(1.,0.,0.));
#3647=DIRECTION('',(0.,1.,0.));
#3648=DIRECTION('',(-1.,0.,0.));
#3649=DIRECTION('',(0.,1.,0.));
#3650=DIRECTION('',(1.,0.,0.));
#3651=DIRECTION('',(0.,1.,0.));
#3652=DIRECTION('',(1.,0.,0.));
#3653=DIRECTION('',(0.,-1.,0.));
#3654=DIRECTION('',(-1.,0.,0.));
#3655=DIRECTION('center_axis',(0.,-1.,0.));
#3656=DIRECTION('ref_axis',(-0.707106781186543,0.,0.707106781186552));
#3657=DIRECTION('center_axis',(-0.707106781186548,-0.707106781186548,0.));
#3658=DIRECTION('ref_axis',(0.707106781186547,-0.707106781186547,0.));
#3659=DIRECTION('center_axis',(0.,0.,1.));
#3660=DIRECTION('ref_axis',(0.707106781186556,-0.707106781186539,0.));
#3661=DIRECTION('center_axis',(0.,0.,1.));
#3662=DIRECTION('ref_axis',(0.707106781186556,-0.707106781186539,0.));
#3663=DIRECTION('',(0.,0.,1.));
#3664=DIRECTION('center_axis',(0.,0.,-1.));
#3665=DIRECTION('ref_axis',(1.,0.,0.));
#3666=DIRECTION('',(0.,0.,-1.));
#3667=DIRECTION('center_axis',(-0.816496580927729,-0.40824829046386,0.40824829046386));
#3668=DIRECTION('ref_axis',(0.57735026918962,-0.577350269189629,0.577350269189629));
#3669=DIRECTION('center_axis',(1.,0.,0.));
#3670=DIRECTION('ref_axis',(0.,-0.707106781186547,0.707106781186547));
#3671=DIRECTION('center_axis',(1.,0.,0.));
#3672=DIRECTION('ref_axis',(0.,1.,0.));
#3673=DIRECTION('',(0.,-1.,0.));
#3674=DIRECTION('center_axis',(0.,0.,1.));
#3675=DIRECTION('ref_axis',(1.,0.,0.));
#3676=DIRECTION('',(-1.,0.,0.));
#3677=DIRECTION('center_axis',(0.,0.,1.));
#3678=DIRECTION('ref_axis',(-0.707106781186543,-0.707106781186552,0.));
#3679=DIRECTION('',(0.,1.,0.));
#3680=DIRECTION('',(1.,0.,0.));
#3681=DIRECTION('center_axis',(0.,-1.,0.));
#3682=DIRECTION('ref_axis',(1.,0.,0.));
#3683=DIRECTION('',(1.,0.,0.));
#3684=DIRECTION('',(0.286617246587307,0.,0.958045173234911));
#3685=DIRECTION('',(0.,0.,1.));
#3686=DIRECTION('center_axis',(1.,0.,0.));
#3687=DIRECTION('ref_axis',(0.,-0.707106781186547,0.707106781186547));
#3688=DIRECTION('center_axis',(1.,-2.96059473233374E-15,0.));
#3689=DIRECTION('ref_axis',(0.,0.,1.));
#3690=DIRECTION('center_axis',(0.315947953174572,-0.848611520489701,-0.424305760244846));
#3691=DIRECTION('ref_axis',(-0.506821731569554,-0.529016528373319,0.680641789134843));
#3692=DIRECTION('center_axis',(0.,-1.,0.));
#3693=DIRECTION('ref_axis',(-0.59723644957952,0.,0.802065223840088));
#3694=DIRECTION('center_axis',(0.286617246587307,0.,0.958045173234911));
#3695=DIRECTION('ref_axis',(-0.677440238677444,-0.707106781186555,0.202668998666884));
#3696=DIRECTION('center_axis',(0.,-1.,0.));
#3697=DIRECTION('ref_axis',(-0.597236449579521,0.,0.802065223840086));
#3698=DIRECTION('center_axis',(0.,1.,0.));
#3699=DIRECTION('ref_axis',(-0.59723644957952,0.,0.802065223840088));
#3700=DIRECTION('',(0.,-1.,0.));
#3701=DIRECTION('center_axis',(0.,1.,0.));
#3702=DIRECTION('ref_axis',(-1.,0.,0.));
#3703=DIRECTION('',(0.,0.,-1.));
#3704=DIRECTION('',(-1.,0.,0.));
#3705=DIRECTION('center_axis',(-1.,0.,0.));
#3706=DIRECTION('ref_axis',(0.,0.707106781186543,0.707106781186552));
#3707=DIRECTION('center_axis',(1.,2.96059473233364E-15,8.88178419700123E-15));
#3708=DIRECTION('ref_axis',(-2.96059473233374E-15,1.,1.1842378929335E-14));
#3709=DIRECTION('center_axis',(-0.315947953174571,-0.848611520489701,0.424305760244846));
#3710=DIRECTION('ref_axis',(-0.506821731569552,0.529016528373319,0.680641789134844));
#3711=DIRECTION('center_axis',(0.286617246587307,0.,0.958045173234911));
#3712=DIRECTION('ref_axis',(-0.677440238677447,0.707106781186545,0.202668998666908));
#3713=DIRECTION('center_axis',(0.286617246587307,0.,0.958045173234911));
#3714=DIRECTION('ref_axis',(-0.677440238677445,0.707106781186547,0.202668998666906));
#3715=DIRECTION('center_axis',(-0.286617246587324,0.,-0.958045173234906));
#3716=DIRECTION('ref_axis',(0.,1.,0.));
#3717=DIRECTION('',(0.286617246587307,0.,0.958045173234911));
#3718=DIRECTION('center_axis',(1.,0.,0.));
#3719=DIRECTION('ref_axis',(0.,0.707106781186546,0.707106781186549));
#3720=DIRECTION('',(1.,0.,0.));
#3721=DIRECTION('center_axis',(0.707106781186546,0.707106781186549,4.18691322315673E-15));
#3722=DIRECTION('ref_axis',(-0.707106781186549,0.707106781186546,4.18691322315672E-15));
#3723=DIRECTION('center_axis',(0.,1.,0.));
#3724=DIRECTION('ref_axis',(-0.707106781186546,0.,0.707106781186549));
#3725=DIRECTION('',(0.,-1.,0.));
#3726=DIRECTION('center_axis',(0.,0.707106781186547,-0.707106781186548));
#3727=DIRECTION('ref_axis',(0.,-0.707106781186548,-0.707106781186547));
#3728=DIRECTION('',(0.,1.,0.));
#3729=DIRECTION('center_axis',(0.,0.,1.));
#3730=DIRECTION('ref_axis',(1.,0.,0.));
#3731=DIRECTION('center_axis',(0.,-1.,0.));
#3732=DIRECTION('ref_axis',(-1.,0.,0.));
#3733=DIRECTION('center_axis',(-1.1842378929335E-14,0.,1.));
#3734=DIRECTION('ref_axis',(0.,-1.,0.));
#3735=DIRECTION('center_axis',(-0.286617246587308,-5.67276698643409E-15,
-0.958045173234911));
#3736=DIRECTION('ref_axis',(-0.958045173234911,0.,0.286617246587308));
#3737=DIRECTION('center_axis',(0.,0.,1.));
#3738=DIRECTION('ref_axis',(-0.707106781186543,-0.707106781186552,0.));
#3739=DIRECTION('',(0.,0.,-1.));
#3740=DIRECTION('center_axis',(0.,0.,1.));
#3741=DIRECTION('ref_axis',(1.,0.,0.));
#3742=DIRECTION('center_axis',(0.,1.1842378929335E-14,1.));
#3743=DIRECTION('ref_axis',(-1.,0.,0.));
#3744=DIRECTION('center_axis',(0.,1.,0.));
#3745=DIRECTION('ref_axis',(-0.958045173234911,0.,0.286617246587308));
#3746=DIRECTION('center_axis',(0.,0.,1.));
#3747=DIRECTION('ref_axis',(-0.707106781186548,0.707106781186548,0.));
#3748=DIRECTION('',(0.,0.,1.));
#3749=DIRECTION('center_axis',(0.,-1.,0.));
#3750=DIRECTION('ref_axis',(-0.989455702200688,0.,0.144835815261778));
#3751=DIRECTION('',(0.,1.,0.));
#3752=DIRECTION('',(0.,-1.,0.));
#3753=DIRECTION('center_axis',(0.286617246587307,0.,0.958045173234911));
#3754=DIRECTION('ref_axis',(-0.677440238677442,-0.707106781186553,0.202668998666897));
#3755=DIRECTION('',(-0.286617246587307,0.,-0.958045173234911));
#3756=DIRECTION('center_axis',(0.,0.,1.));
#3757=DIRECTION('ref_axis',(1.,0.,0.));
#3758=DIRECTION('center_axis',(0.,0.,-1.));
#3759=DIRECTION('ref_axis',(0.,1.,0.));
#3760=DIRECTION('center_axis',(-0.958045173234911,0.,0.286617246587307));
#3761=DIRECTION('ref_axis',(0.,-1.,0.));
#3762=DIRECTION('',(-0.286617246587307,0.,-0.958045173234911));
#3763=DIRECTION('',(0.,1.,0.));
#3764=DIRECTION('',(0.286617246587307,0.,0.958045173234911));
#3765=DIRECTION('',(0.,-1.,0.));
#3766=DIRECTION('center_axis',(0.,1.,0.));
#3767=DIRECTION('ref_axis',(0.286617246587307,0.,0.958045173234911));
#3768=DIRECTION('',(-0.286617246587307,0.,-0.958045173234911));
#3769=DIRECTION('',(0.958045173234911,0.,-0.286617246587308));
#3770=DIRECTION('',(0.958045173234911,0.,-0.286617246587308));
#3771=DIRECTION('center_axis',(-0.286617246587308,0.,-0.958045173234911));
#3772=DIRECTION('ref_axis',(0.,1.,0.));
#3773=DIRECTION('',(0.,-1.,0.));
#3774=DIRECTION('',(0.958045173234911,0.,-0.286617246587308));
#3775=DIRECTION('center_axis',(0.,-1.,0.));
#3776=DIRECTION('ref_axis',(-0.286617246587307,0.,-0.958045173234911));
#3777=DIRECTION('',(0.286617246587307,0.,0.958045173234911));
#3778=DIRECTION('',(0.958045173234911,0.,-0.286617246587308));
#3779=DIRECTION('center_axis',(0.286617246587308,0.,0.958045173234911));
#3780=DIRECTION('ref_axis',(0.,-1.,0.));
#3781=DIRECTION('',(0.,1.,0.));
#3782=DIRECTION('center_axis',(0.958045173234911,0.,-0.286617246587307));
#3783=DIRECTION('ref_axis',(0.,1.,0.));
#3784=DIRECTION('',(0.286617246587307,0.,0.958045173234911));
#3785=DIRECTION('',(-7.98276480632307E-9,1.,0.));
#3786=DIRECTION('',(-0.286617246587307,0.,-0.958045173234911));
#3787=DIRECTION('center_axis',(0.,-1.,0.));
#3788=DIRECTION('ref_axis',(1.,0.,0.));
#3789=DIRECTION('',(0.,0.,1.));
#3790=DIRECTION('',(1.,0.,0.));
#3791=DIRECTION('',(0.,0.,1.));
#3792=DIRECTION('center_axis',(0.,0.,-1.));
#3793=DIRECTION('ref_axis',(0.,1.,0.));
#3794=DIRECTION('',(0.,0.,-1.));
#3795=DIRECTION('center_axis',(0.,0.,-1.));
#3796=DIRECTION('ref_axis',(1.,0.,0.));
#3797=DIRECTION('center_axis',(0.,0.,-1.));
#3798=DIRECTION('ref_axis',(-1.,0.,0.));
#3799=DIRECTION('center_axis',(0.,0.,1.));
#3800=DIRECTION('ref_axis',(1.,0.,0.));
#3801=DIRECTION('',(7.98276480632307E-9,-1.,0.));
#3802=DIRECTION('',(1.,0.,0.));
#3803=DIRECTION('',(0.,1.,0.));
#3804=DIRECTION('',(-1.,0.,0.));
#3805=DIRECTION('',(0.,1.,0.));
#3806=DIRECTION('center_axis',(1.,7.98276480632307E-9,0.));
#3807=DIRECTION('ref_axis',(-7.98276480632307E-9,1.,0.));
#3808=DIRECTION('',(0.,0.,1.));
#3809=DIRECTION('center_axis',(-1.,0.,0.));
#3810=DIRECTION('ref_axis',(0.,-1.,0.));
#3811=DIRECTION('center_axis',(0.,1.,0.));
#3812=DIRECTION('ref_axis',(-1.,0.,0.));
#3813=DIRECTION('',(0.,0.,1.));
#3814=DIRECTION('center_axis',(-1.,0.,0.));
#3815=DIRECTION('ref_axis',(0.,-1.,0.));
#3816=DIRECTION('',(0.,0.,1.));
#3817=DIRECTION('center_axis',(0.,-1.,0.));
#3818=DIRECTION('ref_axis',(1.,0.,0.));
#3819=DIRECTION('',(0.,0.,1.));
#3820=DIRECTION('center_axis',(1.,0.,0.));
#3821=DIRECTION('ref_axis',(0.,1.,0.));
#3822=DIRECTION('center_axis',(0.,0.,-1.));
#3823=DIRECTION('ref_axis',(-1.,0.,0.));
#3824=DIRECTION('center_axis',(0.,0.,-1.));
#3825=DIRECTION('ref_axis',(-1.,0.,0.));
#3826=DIRECTION('',(0.,0.,-1.));
#3827=DIRECTION('center_axis',(0.,0.,1.));
#3828=DIRECTION('ref_axis',(-1.,0.,0.));
#3829=DIRECTION('center_axis',(0.,0.,-1.));
#3830=DIRECTION('ref_axis',(-1.,0.,0.));
#3831=DIRECTION('center_axis',(0.,0.,1.));
#3832=DIRECTION('ref_axis',(1.,0.,0.));
#3833=DIRECTION('center_axis',(0.,0.,1.));
#3834=DIRECTION('ref_axis',(0.,-1.,0.));
#3835=DIRECTION('center_axis',(0.,0.,1.));
#3836=DIRECTION('ref_axis',(1.,0.,0.));
#3837=DIRECTION('',(0.,0.,-1.));
#3838=DIRECTION('center_axis',(0.,0.,-1.));
#3839=DIRECTION('ref_axis',(-1.,0.,0.));
#3840=DIRECTION('center_axis',(0.,0.,1.));
#3841=DIRECTION('ref_axis',(1.,0.,0.));
#3842=DIRECTION('center_axis',(0.,0.,-1.));
#3843=DIRECTION('ref_axis',(0.,-1.,0.));
#3844=DIRECTION('center_axis',(0.,0.,1.));
#3845=DIRECTION('ref_axis',(1.,0.,0.));
#3846=DIRECTION('',(-5.47678698264203E-17,0.447213595499958,-0.894427190999916));
#3847=DIRECTION('center_axis',(0.,0.,1.));
#3848=DIRECTION('ref_axis',(1.,0.,0.));
#3849=DIRECTION('center_axis',(0.,1.,0.));
#3850=DIRECTION('ref_axis',(0.,0.,-1.));
#3851=DIRECTION('',(0.,-1.,0.));
#3852=DIRECTION('center_axis',(0.,1.,0.));
#3853=DIRECTION('ref_axis',(1.,0.,0.));
#3854=DIRECTION('',(0.,1.,0.));
#3855=DIRECTION('center_axis',(0.,1.,0.));
#3856=DIRECTION('ref_axis',(1.,0.,0.));
#3857=DIRECTION('center_axis',(0.,-1.,0.));
#3858=DIRECTION('ref_axis',(0.,0.,-1.));
#3859=DIRECTION('center_axis',(0.,1.,0.));
#3860=DIRECTION('ref_axis',(1.,0.,0.));
#3861=DIRECTION('center_axis',(0.,1.,0.));
#3862=DIRECTION('ref_axis',(0.,0.,-1.));
#3863=DIRECTION('center_axis',(0.,1.,0.));
#3864=DIRECTION('ref_axis',(1.,0.,0.));
#3865=DIRECTION('center_axis',(0.,1.,0.));
#3866=DIRECTION('ref_axis',(0.,0.,1.));
#3867=DIRECTION('center_axis',(-1.,0.,0.));
#3868=DIRECTION('ref_axis',(0.,-1.,0.));
#3869=DIRECTION('',(0.,-1.,0.));
#3870=DIRECTION('',(0.,0.,-1.));
#3871=DIRECTION('',(0.,1.,0.));
#3872=DIRECTION('',(0.,0.,1.));
#3873=DIRECTION('center_axis',(1.,0.,0.));
#3874=DIRECTION('ref_axis',(0.,-1.,0.));
#3875=DIRECTION('center_axis',(1.,0.,0.));
#3876=DIRECTION('ref_axis',(0.,-1.,0.));
#3877=DIRECTION('center_axis',(-1.,0.,0.));
#3878=DIRECTION('ref_axis',(0.,-1.,0.));
#3879=DIRECTION('',(0.,1.,0.));
#3880=DIRECTION('',(0.,0.,-1.));
#3881=DIRECTION('',(0.,-1.,0.));
#3882=DIRECTION('',(0.,0.,1.));
#3883=DIRECTION('center_axis',(1.,0.,0.));
#3884=DIRECTION('ref_axis',(0.,-1.,0.));
#3885=DIRECTION('center_axis',(1.,0.,0.));
#3886=DIRECTION('ref_axis',(0.,-1.,0.));
#3887=DIRECTION('center_axis',(0.,0.,1.));
#3888=DIRECTION('ref_axis',(0.,1.,0.));
#3889=DIRECTION('',(-1.,0.,0.));
#3890=DIRECTION('',(-1.,0.,0.));
#3891=DIRECTION('',(0.,1.,0.));
#3892=DIRECTION('center_axis',(0.,1.,0.));
#3893=DIRECTION('ref_axis',(0.,0.,-1.));
#3894=DIRECTION('',(-1.,0.,0.));
#3895=DIRECTION('center_axis',(0.,0.,-1.));
#3896=DIRECTION('ref_axis',(0.,-1.,0.));
#3897=DIRECTION('',(-1.,0.,0.));
#3898=DIRECTION('center_axis',(0.,-1.,0.));
#3899=DIRECTION('ref_axis',(0.,0.,1.));
#3900=DIRECTION('center_axis',(-1.,0.,0.));
#3901=DIRECTION('ref_axis',(0.,-1.,0.));
#3902=DIRECTION('',(1.,0.,0.));
#3903=DIRECTION('center_axis',(-1.,0.,0.));
#3904=DIRECTION('ref_axis',(0.,-1.,0.));
#3905=DIRECTION('',(1.,0.,0.));
#3906=DIRECTION('center_axis',(0.914828172468587,0.,-0.40384330483219));
#3907=DIRECTION('ref_axis',(0.,-1.,0.));
#3908=DIRECTION('center_axis',(0.914828172468588,0.,-0.403843304832188));
#3909=DIRECTION('ref_axis',(0.,-1.,0.));
#3910=DIRECTION('',(0.914828172468587,0.,-0.40384330483219));
#3911=DIRECTION('center_axis',(-0.914828172468588,0.,0.403843304832188));
#3912=DIRECTION('ref_axis',(0.,-1.,0.));
#3913=DIRECTION('center_axis',(0.914828172468587,0.,-0.40384330483219));
#3914=DIRECTION('ref_axis',(0.,-1.,0.));
#3915=DIRECTION('center_axis',(0.914828172468588,0.,-0.403843304832188));
#3916=DIRECTION('ref_axis',(0.,-1.,0.));
#3917=DIRECTION('',(0.914828172468587,0.,-0.40384330483219));
#3918=DIRECTION('center_axis',(-0.914828172468588,0.,0.403843304832188));
#3919=DIRECTION('ref_axis',(0.,-1.,0.));
#3920=DIRECTION('center_axis',(0.390731128489274,0.,0.92050485345244));
#3921=DIRECTION('ref_axis',(0.,1.,0.));
#3922=DIRECTION('',(0.,1.,0.));
#3923=DIRECTION('',(-0.92050485345244,0.,0.390731128489274));
#3924=DIRECTION('',(0.,-1.,0.));
#3925=DIRECTION('',(0.92050485345244,0.,-0.390731128489274));
#3926=DIRECTION('',(0.,-1.,0.));
#3927=DIRECTION('',(-0.92050485345244,0.,0.390731128489274));
#3928=DIRECTION('',(0.,-1.,0.));
#3929=DIRECTION('',(0.92050485345244,0.,-0.390731128489274));
#3930=DIRECTION('',(0.,1.,0.));
#3931=DIRECTION('',(-0.92050485345244,0.,0.390731128489274));
#3932=DIRECTION('',(0.,1.,0.));
#3933=DIRECTION('',(0.92050485345244,0.,-0.390731128489274));
#3934=DIRECTION('center_axis',(-0.914828172468588,0.,0.403843304832188));
#3935=DIRECTION('ref_axis',(0.,-1.,0.));
#3936=DIRECTION('',(0.403843304832188,0.,0.914828172468588));
#3937=DIRECTION('',(0.,-1.,0.));
#3938=DIRECTION('',(0.403843304832188,0.,0.914828172468588));
#3939=DIRECTION('center_axis',(0.914828172468588,0.,-0.403843304832188));
#3940=DIRECTION('ref_axis',(0.,1.,0.));
#3941=DIRECTION('',(0.403843304832188,0.,0.914828172468588));
#3942=DIRECTION('',(0.,1.,0.));
#3943=DIRECTION('',(-0.403843304829715,0.,-0.91482817246968));
#3944=DIRECTION('center_axis',(0.390731128489274,0.,0.92050485345244));
#3945=DIRECTION('ref_axis',(0.,1.,0.));
#3946=DIRECTION('',(-0.92050485345244,0.,0.390731128489274));
#3947=DIRECTION('',(0.92050485345244,0.,-0.390731128489274));
#3948=DIRECTION('center_axis',(0.,1.,0.));
#3949=DIRECTION('ref_axis',(0.,0.,1.));
#3950=DIRECTION('center_axis',(0.,1.,0.));
#3951=DIRECTION('ref_axis',(1.,0.,0.));
#3952=DIRECTION('center_axis',(0.,-1.,0.));
#3953=DIRECTION('ref_axis',(0.,0.,-1.));
#3954=DIRECTION('center_axis',(0.,1.,0.));
#3955=DIRECTION('ref_axis',(1.,0.,0.));
#3956=DIRECTION('center_axis',(0.,1.,0.));
#3957=DIRECTION('ref_axis',(-0.390731128489277,0.,-0.920504853452439));
#3958=DIRECTION('center_axis',(0.,1.,0.));
#3959=DIRECTION('ref_axis',(0.,0.,1.));
#3960=DIRECTION('center_axis',(0.,1.,0.));
#3961=DIRECTION('ref_axis',(1.,0.,0.));
#3962=DIRECTION('center_axis',(0.,-1.,0.));
#3963=DIRECTION('ref_axis',(0.,0.,-1.));
#3964=DIRECTION('center_axis',(0.,1.,0.));
#3965=DIRECTION('ref_axis',(1.,0.,0.));
#3966=DIRECTION('center_axis',(0.,1.,0.));
#3967=DIRECTION('ref_axis',(-0.390731128489277,0.,-0.920504853452439));
#3968=DIRECTION('center_axis',(0.,1.,0.));
#3969=DIRECTION('ref_axis',(0.,0.,-1.));
#3970=DIRECTION('',(0.,-1.,0.));
#3971=DIRECTION('center_axis',(0.,1.,0.));
#3972=DIRECTION('ref_axis',(1.,0.,0.));
#3973=DIRECTION('',(0.,1.,0.));
#3974=DIRECTION('center_axis',(0.,1.,0.));
#3975=DIRECTION('ref_axis',(1.,0.,0.));
#3976=DIRECTION('center_axis',(0.,-1.,0.));
#3977=DIRECTION('ref_axis',(0.,0.,-1.));
#3978=DIRECTION('center_axis',(0.,1.,0.));
#3979=DIRECTION('ref_axis',(1.,0.,0.));
#3980=DIRECTION('center_axis',(0.,1.,0.));
#3981=DIRECTION('ref_axis',(0.,0.,-1.));
#3982=DIRECTION('center_axis',(0.,1.,0.));
#3983=DIRECTION('ref_axis',(1.,0.,0.));
#3984=DIRECTION('center_axis',(0.,1.,0.));
#3985=DIRECTION('ref_axis',(0.,0.,1.));
#3986=DIRECTION('center_axis',(-1.,0.,0.));
#3987=DIRECTION('ref_axis',(0.,-1.,0.));
#3988=DIRECTION('',(0.,-1.,0.));
#3989=DIRECTION('',(0.,0.,-1.));
#3990=DIRECTION('',(0.,1.,0.));
#3991=DIRECTION('',(0.,0.,1.));
#3992=DIRECTION('center_axis',(1.,0.,0.));
#3993=DIRECTION('ref_axis',(0.,-1.,0.));
#3994=DIRECTION('center_axis',(1.,0.,0.));
#3995=DIRECTION('ref_axis',(0.,-1.,0.));
#3996=DIRECTION('center_axis',(-1.,0.,0.));
#3997=DIRECTION('ref_axis',(0.,-1.,0.));
#3998=DIRECTION('',(0.,1.,0.));
#3999=DIRECTION('',(0.,0.,-1.));
#4000=DIRECTION('',(0.,-1.,0.));
#4001=DIRECTION('',(0.,0.,1.));
#4002=DIRECTION('center_axis',(1.,0.,0.));
#4003=DIRECTION('ref_axis',(0.,-1.,0.));
#4004=DIRECTION('center_axis',(1.,0.,0.));
#4005=DIRECTION('ref_axis',(0.,-1.,0.));
#4006=DIRECTION('center_axis',(0.,0.,1.));
#4007=DIRECTION('ref_axis',(0.,1.,0.));
#4008=DIRECTION('',(-1.,0.,0.));
#4009=DIRECTION('',(-1.,0.,0.));
#4010=DIRECTION('',(0.,1.,0.));
#4011=DIRECTION('center_axis',(0.,1.,0.));
#4012=DIRECTION('ref_axis',(0.,0.,-1.));
#4013=DIRECTION('',(-1.,0.,0.));
#4014=DIRECTION('center_axis',(0.,0.,-1.));
#4015=DIRECTION('ref_axis',(0.,-1.,0.));
#4016=DIRECTION('',(-1.,0.,0.));
#4017=DIRECTION('center_axis',(0.,-1.,0.));
#4018=DIRECTION('ref_axis',(0.,0.,1.));
#4019=DIRECTION('center_axis',(-1.,0.,0.));
#4020=DIRECTION('ref_axis',(0.,-1.,0.));
#4021=DIRECTION('',(1.,0.,0.));
#4022=DIRECTION('center_axis',(-1.,0.,0.));
#4023=DIRECTION('ref_axis',(0.,-1.,0.));
#4024=DIRECTION('',(1.,0.,0.));
#4025=DIRECTION('center_axis',(0.914828172468587,0.,-0.40384330483219));
#4026=DIRECTION('ref_axis',(0.,-1.,0.));
#4027=DIRECTION('center_axis',(0.914828172468588,0.,-0.403843304832188));
#4028=DIRECTION('ref_axis',(0.,-1.,0.));
#4029=DIRECTION('',(0.914828172468587,0.,-0.40384330483219));
#4030=DIRECTION('center_axis',(-0.914828172468588,0.,0.403843304832188));
#4031=DIRECTION('ref_axis',(0.,-1.,0.));
#4032=DIRECTION('center_axis',(0.914828172468587,0.,-0.40384330483219));
#4033=DIRECTION('ref_axis',(0.,-1.,0.));
#4034=DIRECTION('center_axis',(0.914828172468588,0.,-0.403843304832188));
#4035=DIRECTION('ref_axis',(0.,-1.,0.));
#4036=DIRECTION('',(0.914828172468587,0.,-0.40384330483219));
#4037=DIRECTION('center_axis',(-0.914828172468588,0.,0.403843304832188));
#4038=DIRECTION('ref_axis',(0.,-1.,0.));
#4039=DIRECTION('center_axis',(0.390731128489274,0.,0.92050485345244));
#4040=DIRECTION('ref_axis',(0.,1.,0.));
#4041=DIRECTION('',(0.,1.,0.));
#4042=DIRECTION('',(-0.92050485345244,0.,0.390731128489274));
#4043=DIRECTION('',(0.,-1.,0.));
#4044=DIRECTION('',(0.92050485345244,0.,-0.390731128489274));
#4045=DIRECTION('',(0.,-1.,0.));
#4046=DIRECTION('',(-0.92050485345244,0.,0.390731128489274));
#4047=DIRECTION('',(0.,-1.,0.));
#4048=DIRECTION('',(0.92050485345244,0.,-0.390731128489274));
#4049=DIRECTION('',(0.,1.,0.));
#4050=DIRECTION('',(-0.92050485345244,0.,0.390731128489274));
#4051=DIRECTION('',(0.,1.,0.));
#4052=DIRECTION('',(0.92050485345244,0.,-0.390731128489274));
#4053=DIRECTION('center_axis',(-0.914828172468588,0.,0.403843304832188));
#4054=DIRECTION('ref_axis',(0.,-1.,0.));
#4055=DIRECTION('',(0.403843304832188,0.,0.914828172468588));
#4056=DIRECTION('',(0.,-1.,0.));
#4057=DIRECTION('',(0.403843304832188,0.,0.914828172468588));
#4058=DIRECTION('center_axis',(0.914828172468588,0.,-0.403843304832188));
#4059=DIRECTION('ref_axis',(0.,1.,0.));
#4060=DIRECTION('',(0.403843304832188,0.,0.914828172468588));
#4061=DIRECTION('',(0.,1.,0.));
#4062=DIRECTION('',(-0.403843304829715,0.,-0.91482817246968));
#4063=DIRECTION('center_axis',(0.390731128489274,0.,0.92050485345244));
#4064=DIRECTION('ref_axis',(0.,1.,0.));
#4065=DIRECTION('',(-0.92050485345244,0.,0.390731128489274));
#4066=DIRECTION('',(0.92050485345244,0.,-0.390731128489274));
#4067=DIRECTION('center_axis',(0.,1.,0.));
#4068=DIRECTION('ref_axis',(0.,0.,1.));
#4069=DIRECTION('center_axis',(0.,1.,0.));
#4070=DIRECTION('ref_axis',(1.,0.,0.));
#4071=DIRECTION('center_axis',(0.,-1.,0.));
#4072=DIRECTION('ref_axis',(0.,0.,-1.));
#4073=DIRECTION('center_axis',(0.,1.,0.));
#4074=DIRECTION('ref_axis',(1.,0.,0.));
#4075=DIRECTION('center_axis',(0.,1.,0.));
#4076=DIRECTION('ref_axis',(-0.390731128489277,0.,-0.920504853452439));
#4077=DIRECTION('center_axis',(0.,1.,0.));
#4078=DIRECTION('ref_axis',(0.,0.,1.));
#4079=DIRECTION('center_axis',(0.,1.,0.));
#4080=DIRECTION('ref_axis',(1.,0.,0.));
#4081=DIRECTION('center_axis',(0.,-1.,0.));
#4082=DIRECTION('ref_axis',(0.,0.,-1.));
#4083=DIRECTION('center_axis',(0.,1.,0.));
#4084=DIRECTION('ref_axis',(1.,0.,0.));
#4085=DIRECTION('center_axis',(0.,1.,0.));
#4086=DIRECTION('ref_axis',(-0.390731128489277,0.,-0.920504853452439));
#4087=DIRECTION('center_axis',(0.914828172468588,0.,-0.403843304832188));
#4088=DIRECTION('ref_axis',(0.,-1.,0.));
#4089=DIRECTION('center_axis',(0.913545457642601,0.,-0.406736643075801));
#4090=DIRECTION('ref_axis',(-0.406736643075801,0.,-0.913545457642601));
#4091=DIRECTION('',(0.914828172468588,0.,-0.403843304832188));
#4092=DIRECTION('center_axis',(-0.913545457642599,0.,0.406736643075804));
#4093=DIRECTION('ref_axis',(-0.406736643075804,0.,-0.913545457642599));
#4094=DIRECTION('center_axis',(-0.913545457642599,0.,0.406736643075804));
#4095=DIRECTION('ref_axis',(-0.406736643075804,0.,-0.913545457642599));
#4096=DIRECTION('center_axis',(0.913545457642601,0.,-0.406736643075801));
#4097=DIRECTION('ref_axis',(-0.406736643075801,0.,-0.913545457642601));
#4098=DIRECTION('center_axis',(0.914828172468588,0.,-0.403843304832188));
#4099=DIRECTION('ref_axis',(0.,-1.,0.));
#4100=DIRECTION('center_axis',(0.913545457642601,0.,-0.406736643075801));
#4101=DIRECTION('ref_axis',(-0.406736643075801,0.,-0.913545457642601));
#4102=DIRECTION('',(0.914828172468588,0.,-0.403843304832188));
#4103=DIRECTION('center_axis',(-0.913545457642599,0.,0.406736643075804));
#4104=DIRECTION('ref_axis',(-0.406736643075804,0.,-0.913545457642599));
#4105=DIRECTION('center_axis',(-0.913545457642599,0.,0.406736643075804));
#4106=DIRECTION('ref_axis',(-0.406736643075804,0.,-0.913545457642599));
#4107=DIRECTION('center_axis',(0.913545457642601,0.,-0.406736643075801));
#4108=DIRECTION('ref_axis',(-0.406736643075801,0.,-0.913545457642601));
#4109=DIRECTION('center_axis',(0.914828172468588,0.,-0.403843304832188));
#4110=DIRECTION('ref_axis',(0.,-1.,0.));
#4111=DIRECTION('center_axis',(0.913545457642601,0.,-0.406736643075801));
#4112=DIRECTION('ref_axis',(-0.406736643075801,0.,-0.913545457642601));
#4113=DIRECTION('',(0.914828172468588,0.,-0.403843304832188));
#4114=DIRECTION('center_axis',(-0.913545457642599,0.,0.406736643075804));
#4115=DIRECTION('ref_axis',(-0.406736643075804,0.,-0.913545457642599));
#4116=DIRECTION('center_axis',(-0.913545457642599,0.,0.406736643075804));
#4117=DIRECTION('ref_axis',(-0.406736643075804,0.,-0.913545457642599));
#4118=DIRECTION('center_axis',(0.913545457642601,0.,-0.406736643075801));
#4119=DIRECTION('ref_axis',(-0.406736643075801,0.,-0.913545457642601));
#4120=DIRECTION('center_axis',(0.914828172468588,0.,-0.403843304832188));
#4121=DIRECTION('ref_axis',(0.,-1.,0.));
#4122=DIRECTION('center_axis',(0.913545457642601,0.,-0.406736643075801));
#4123=DIRECTION('ref_axis',(-0.406736643075801,0.,-0.913545457642601));
#4124=DIRECTION('',(0.914828172468588,0.,-0.403843304832188));
#4125=DIRECTION('center_axis',(-0.913545457642599,0.,0.406736643075804));
#4126=DIRECTION('ref_axis',(-0.406736643075804,0.,-0.913545457642599));
#4127=DIRECTION('center_axis',(-0.913545457642599,0.,0.406736643075804));
#4128=DIRECTION('ref_axis',(-0.406736643075804,0.,-0.913545457642599));
#4129=DIRECTION('center_axis',(0.913545457642601,0.,-0.406736643075801));
#4130=DIRECTION('ref_axis',(-0.406736643075801,0.,-0.913545457642601));
#4131=DIRECTION('center_axis',(-0.913545457642601,0.,0.406736643075801));
#4132=DIRECTION('ref_axis',(0.406736643075801,0.,0.913545457642601));
#4133=DIRECTION('',(0.,1.,0.));
#4134=DIRECTION('',(0.,1.,0.));
#4135=DIRECTION('',(0.4067366430758,0.,0.913545457642601));
#4136=DIRECTION('',(0.,1.,0.));
#4137=DIRECTION('',(0.406736643075815,0.,0.913545457642594));
#4138=DIRECTION('',(0.,1.,0.));
#4139=DIRECTION('',(-0.406736643075801,-1.03660252924992E-8,-0.913545457642601));
#4140=DIRECTION('',(0.,1.,0.));
#4141=DIRECTION('',(0.,1.,0.));
#4142=DIRECTION('',(0.,1.,0.));
#4143=DIRECTION('center_axis',(0.913545457642599,0.,-0.406736643075804));
#4144=DIRECTION('ref_axis',(-0.406736643075804,0.,-0.913545457642599));
#4145=DIRECTION('',(0.,-1.,0.));
#4146=DIRECTION('',(0.,-1.,0.));
#4147=DIRECTION('',(0.,-1.,0.));
#4148=DIRECTION('',(-0.406736643075804,-1.03660252924992E-8,-0.913545457642599));
#4149=DIRECTION('',(0.,1.,0.));
#4150=DIRECTION('',(-0.406736643075804,0.,-0.913545457642599));
#4151=DIRECTION('',(0.,1.,0.));
#4152=DIRECTION('',(0.406736643075804,0.,0.913545457642599));
#4153=DIRECTION('',(0.,-1.,0.));
#4154=DIRECTION('',(0.,-1.,0.));
#4155=DIRECTION('center_axis',(0.,1.,0.));
#4156=DIRECTION('ref_axis',(-0.738198474018524,0.,-0.674583584855667));
#4157=DIRECTION('center_axis',(4.21624232951E-9,-1.,9.46983531977093E-9));
#4158=DIRECTION('ref_axis',(-0.738198474018524,-9.50061911174048E-9,-0.674583584855667));
#4159=DIRECTION('',(0.,1.,0.));
#4160=DIRECTION('center_axis',(0.,1.,0.));
#4161=DIRECTION('ref_axis',(-0.738198474018524,0.,-0.674583584855667));
#4162=DIRECTION('center_axis',(-4.21624232951E-9,1.,-9.46983531977093E-9));
#4163=DIRECTION('ref_axis',(0.406736643075801,1.03660252924992E-8,0.913545457642601));
#4164=DIRECTION('',(0.913545457642599,0.,-0.406736643075804));
#4165=DIRECTION('',(0.406736643075804,1.03660252924992E-8,0.913545457642599));
#4166=DIRECTION('center_axis',(-0.406736643075804,0.,-0.913545457642599));
#4167=DIRECTION('ref_axis',(0.645974188021252,-0.70710678118655,-0.287606238475944));
#4168=DIRECTION('center_axis',(-0.287606238475953,-0.707106781186547,-0.64597418802125));
#4169=DIRECTION('ref_axis',(0.287606238475954,-0.707106781186548,0.645974188021249));
#4170=DIRECTION('',(-0.406736643075804,0.,-0.913545457642599));
#4171=DIRECTION('center_axis',(-0.287606238475959,0.707106781186547,-0.645974188021248));
#4172=DIRECTION('ref_axis',(-0.287606238475959,-0.707106781186548,-0.645974188021247));
#4173=DIRECTION('center_axis',(0.,-1.,0.));
#4174=DIRECTION('ref_axis',(0.933580426497203,0.,0.358367949545297));
#4175=DIRECTION('center_axis',(0.287606238475952,-0.707106781186549,0.645974188021249));
#4176=DIRECTION('ref_axis',(0.287606238475954,0.707106781186546,0.645974188021252));
#4177=DIRECTION('',(0.,-1.,0.));
#4178=DIRECTION('center_axis',(0.406736643075804,0.,0.913545457642599));
#4179=DIRECTION('ref_axis',(0.645974188021242,0.70710678118655,-0.287606238475964));
#4180=DIRECTION('center_axis',(0.287606238475932,-0.707106781186558,0.645974188021248));
#4181=DIRECTION('ref_axis',(-0.287606238475976,-0.707106781186537,-0.645974188021252));
#4182=DIRECTION('',(0.406736643075804,0.,0.913545457642599));
#4183=DIRECTION('center_axis',(0.,-1.,0.));
#4184=DIRECTION('ref_axis',(0.933580426497203,0.,0.358367949545297));
#4185=DIRECTION('center_axis',(0.287606239966617,-0.707106777521605,0.645974191369342));
#4186=DIRECTION('ref_axis',(0.287606236985285,0.70710678485149,0.645974184673159));
#4187=DIRECTION('',(0.,-1.,0.));
#4188=DIRECTION('center_axis',(0.406736643075804,1.03660252924992E-8,0.913545457642599));
#4189=DIRECTION('ref_axis',(0.645974185039923,0.707106781186548,-0.287606245172123));
#4190=DIRECTION('center_axis',(0.287606236985294,0.707106784851493,0.645974184673152));
#4191=DIRECTION('ref_axis',(-0.287606239966614,0.707106777521602,-0.645974191369347));
#4192=DIRECTION('center_axis',(0.,1.,0.));
#4193=DIRECTION('ref_axis',(0.358367949545297,0.,-0.933580426497203));
#4194=DIRECTION('center_axis',(0.,-1.,0.));
#4195=DIRECTION('ref_axis',(-0.4067366430758,0.,-0.913545457642601));
#4196=DIRECTION('',(0.913545457642599,0.,-0.406736643075804));
#4197=DIRECTION('center_axis',(0.406736643075804,0.,0.913545457642599));
#4198=DIRECTION('ref_axis',(0.,-1.,0.));
#4199=DIRECTION('',(0.913545457642599,0.,-0.406736643075804));
#4200=DIRECTION('center_axis',(0.,1.,0.));
#4201=DIRECTION('ref_axis',(0.406736643075815,0.,0.913545457642594));
#4202=DIRECTION('',(0.913545457642599,0.,-0.406736643075804));
#4203=DIRECTION('center_axis',(0.406736643075804,0.,0.913545457642599));
#4204=DIRECTION('ref_axis',(0.,-1.,0.));
#4205=DIRECTION('center_axis',(0.,-1.,0.));
#4206=DIRECTION('ref_axis',(0.,0.,-1.));
#4207=DIRECTION('',(0.,0.,1.));
#4208=DIRECTION('',(1.,0.,0.));
#4209=DIRECTION('',(0.,0.,-1.));
#4210=DIRECTION('',(1.,0.,0.));
#4211=DIRECTION('center_axis',(0.,0.,1.));
#4212=DIRECTION('ref_axis',(0.,-1.,0.));
#4213=DIRECTION('',(2.22044604925031E-16,1.,0.));
#4214=DIRECTION('',(0.,-1.,0.));
#4215=DIRECTION('',(1.,0.,0.));
#4216=DIRECTION('center_axis',(0.,1.,0.));
#4217=DIRECTION('ref_axis',(0.,0.,1.));
#4218=DIRECTION('',(0.,0.,-1.));
#4219=DIRECTION('',(0.,0.,1.));
#4220=DIRECTION('',(1.,0.,0.));
#4221=DIRECTION('center_axis',(0.,0.,-1.));
#4222=DIRECTION('ref_axis',(0.,1.,0.));
#4223=DIRECTION('',(-2.22044604925031E-16,-1.,0.));
#4224=DIRECTION('',(0.,1.,0.));
#4225=DIRECTION('center_axis',(1.,0.,0.));
#4226=DIRECTION('ref_axis',(0.,0.,-1.));
#4227=DIRECTION('center_axis',(2.22044604925031E-16,1.,0.));
#4228=DIRECTION('ref_axis',(-1.,2.22044604925031E-16,0.));
#4229=DIRECTION('',(1.,-2.22044604925031E-16,0.));
#4230=DIRECTION('',(0.,0.,1.));
#4231=DIRECTION('',(-1.,2.22044604925031E-16,0.));
#4232=DIRECTION('',(0.,0.,1.));
#4233=DIRECTION('center_axis',(1.,-2.22044604925031E-16,0.));
#4234=DIRECTION('ref_axis',(2.22044604925031E-16,1.,0.));
#4235=DIRECTION('',(-2.22044604925031E-16,-1.,0.));
#4236=DIRECTION('',(2.22044604925031E-16,1.,0.));
#4237=DIRECTION('',(0.,0.,1.));
#4238=DIRECTION('center_axis',(-2.22044604925031E-16,-1.,0.));
#4239=DIRECTION('ref_axis',(1.,-2.22044604925031E-16,0.));
#4240=DIRECTION('',(-1.,2.22044604925031E-16,0.));
#4241=DIRECTION('',(1.,-2.22044604925031E-16,0.));
#4242=DIRECTION('',(0.,0.,1.));
#4243=DIRECTION('center_axis',(-1.,2.22044604925031E-16,0.));
#4244=DIRECTION('ref_axis',(-2.22044604925031E-16,-1.,0.));
#4245=DIRECTION('',(2.22044604925031E-16,1.,0.));
#4246=DIRECTION('',(-2.22044604925031E-16,-1.,0.));
#4247=DIRECTION('center_axis',(0.,0.,1.));
#4248=DIRECTION('ref_axis',(-2.22044604925031E-16,-1.,0.));
#4249=DIRECTION('center_axis',(0.,0.,1.));
#4250=DIRECTION('ref_axis',(-2.22044604925031E-16,-1.,0.));
#4251=DIRECTION('center_axis',(0.286617246587308,0.,0.958045173234911));
#4252=DIRECTION('ref_axis',(0.958045173234911,0.,-0.286617246587308));
#4253=DIRECTION('',(0.958045173234911,0.,-0.286617246587308));
#4254=DIRECTION('',(0.,1.,0.));
#4255=DIRECTION('',(0.958045173234911,0.,-0.286617246587308));
#4256=DIRECTION('',(0.,1.,0.));
#4257=DIRECTION('center_axis',(-0.958045173234911,0.,0.286617246587307));
#4258=DIRECTION('ref_axis',(0.286617246587307,0.,0.958045173234911));
#4259=DIRECTION('',(-0.286617246587307,0.,-0.958045173234911));
#4260=DIRECTION('',(0.286617246587307,0.,0.958045173234911));
#4261=DIRECTION('',(0.,1.,0.));
#4262=DIRECTION('center_axis',(-0.286617246587308,0.,-0.958045173234911));
#4263=DIRECTION('ref_axis',(-0.958045173234911,0.,0.286617246587308));
#4264=DIRECTION('',(0.958045173234911,0.,-0.286617246587308));
#4265=DIRECTION('',(-0.958045173234911,0.,0.286617246587308));
#4266=DIRECTION('',(0.,1.,0.));
#4267=DIRECTION('center_axis',(0.958045173234911,0.,-0.286617246587307));
#4268=DIRECTION('ref_axis',(-0.286617246587307,0.,-0.958045173234911));
#4269=DIRECTION('',(0.286617246587307,0.,0.958045173234911));
#4270=DIRECTION('',(-0.286617246587307,0.,-0.958045173234911));
#4271=DIRECTION('center_axis',(0.,1.,0.));
#4272=DIRECTION('ref_axis',(0.,0.,1.));
#4273=DIRECTION('center_axis',(0.,-1.,0.));
#4274=DIRECTION('ref_axis',(-0.286617246587307,0.,-0.958045173234911));
#4275=DIRECTION('',(-5.55111512312578E-17,0.,1.));
#4276=DIRECTION('',(1.,0.,5.55111512312578E-17));
#4277=CARTESIAN_POINT('',(0.,0.,0.));
#4278=CARTESIAN_POINT('',(0.,0.,0.));
#4279=CARTESIAN_POINT('Origin',(-13.8337579078603,23.1388429691394,0.));
#4280=CARTESIAN_POINT('',(-20.4337579078603,23.1388429691394,-2.));
#4281=CARTESIAN_POINT('Origin',(-13.8337579078603,23.1388429691394,-2.));
#4282=CARTESIAN_POINT('',(-20.4337579078603,23.1388429691394,0.));
#4283=CARTESIAN_POINT('',(-20.4337579078603,23.1388429691394,0.));
#4284=CARTESIAN_POINT('Origin',(-13.8337579078603,23.1388429691394,0.));
#4285=CARTESIAN_POINT('Origin',(-13.8337579078603,23.1388429691394,-2.));
#4286=CARTESIAN_POINT('',(-16.8337579078603,23.1388429691394,-2.));
#4287=CARTESIAN_POINT('Origin',(-13.8337579078603,23.1388429691394,-2.));
#4288=CARTESIAN_POINT('Origin',(-23.,33.,0.));
#4289=CARTESIAN_POINT('',(-26.75,33.,-1.));
#4290=CARTESIAN_POINT('Origin',(-23.,33.,-1.));
#4291=CARTESIAN_POINT('',(-26.75,33.,0.));
#4292=CARTESIAN_POINT('',(-26.75,33.,0.));
#4293=CARTESIAN_POINT('Origin',(-23.,33.,0.));
#4294=CARTESIAN_POINT('Origin',(-23.,33.,-1.));
#4295=CARTESIAN_POINT('Origin',(-5.,33.,0.));
#4296=CARTESIAN_POINT('',(-8.75,33.,-1.));
#4297=CARTESIAN_POINT('Origin',(-5.,33.,-1.));
#4298=CARTESIAN_POINT('',(-8.75,33.,0.));
#4299=CARTESIAN_POINT('',(-8.75,33.,0.));
#4300=CARTESIAN_POINT('Origin',(-5.,33.,0.));
#4301=CARTESIAN_POINT('Origin',(-5.,33.,-1.));
#4302=CARTESIAN_POINT('Origin',(-23.,2.77555756156289E-16,0.));
#4303=CARTESIAN_POINT('',(-26.75,7.36798305836547E-16,-1.));
#4304=CARTESIAN_POINT('Origin',(-23.,2.77555756156289E-16,-1.));
#4305=CARTESIAN_POINT('',(-26.75,7.36798305836547E-16,0.));
#4306=CARTESIAN_POINT('',(-26.75,7.36798305836547E-16,0.));
#4307=CARTESIAN_POINT('Origin',(-23.,2.77555756156289E-16,0.));
#4308=CARTESIAN_POINT('Origin',(-23.,0.,-1.));
#4309=CARTESIAN_POINT('Origin',(-5.,2.77555756156289E-16,0.));
#4310=CARTESIAN_POINT('',(-8.75,7.36798305836547E-16,-1.));
#4311=CARTESIAN_POINT('Origin',(-5.,2.77555756156289E-16,-1.));
#4312=CARTESIAN_POINT('',(-8.75,7.36798305836547E-16,0.));
#4313=CARTESIAN_POINT('',(-8.75,7.36798305836547E-16,0.));
#4314=CARTESIAN_POINT('Origin',(-5.,2.77555756156289E-16,0.));
#4315=CARTESIAN_POINT('Origin',(-5.,0.,-1.));
#4316=CARTESIAN_POINT('Origin',(-13.8337579078603,23.1388429691394,0.));
#4317=CARTESIAN_POINT('',(-16.8337579078603,23.1388429691394,-12.));
#4318=CARTESIAN_POINT('Origin',(-13.8337579078603,23.1388429691394,-12.));
#4319=CARTESIAN_POINT('',(-16.8337579078603,23.1388429691394,0.));
#4320=CARTESIAN_POINT('Origin',(-13.8337579078603,23.1388429691394,-12.));
#4321=CARTESIAN_POINT('Origin',(-11.7017042679904,-6.00000000000001,11.25));
#4322=CARTESIAN_POINT('',(-16.4216089280445,-6.00000000000001,0.));
#4323=CARTESIAN_POINT('',(-16.4216089280445,-6.00000000000001,22.5));
#4324=CARTESIAN_POINT('Origin',(-11.7017042679904,-6.00000000000001,11.25));
#4325=CARTESIAN_POINT('',(-16.4216089280445,-37.,0.));
#4326=CARTESIAN_POINT('',(-16.4216089280445,-6.00000000000001,0.));
#4327=CARTESIAN_POINT('',(-16.4216089280445,-37.,22.5));
#4328=CARTESIAN_POINT('Origin',(-11.7017042679904,-37.,11.25));
#4329=CARTESIAN_POINT('',(-16.4216089280445,-6.00000000000001,22.5));
#4330=CARTESIAN_POINT('Origin',(-11.7017042679904,-6.00000000000001,11.25));
#4331=CARTESIAN_POINT('',(-6.98179960793635,-6.00000000000001,22.5));
#4332=CARTESIAN_POINT('',(-6.98179960793642,-6.00000000000001,4.44089209850063E-15));
#4333=CARTESIAN_POINT('Origin',(-11.7017042679904,-6.00000000000001,11.25));
#4334=CARTESIAN_POINT('',(-6.98179960793635,-37.,22.5));
#4335=CARTESIAN_POINT('',(-6.98179960793635,-6.00000000000001,22.5));
#4336=CARTESIAN_POINT('',(-6.98179960793642,-37.,4.44089209850063E-15));
#4337=CARTESIAN_POINT('Origin',(-11.7017042679904,-37.,11.25));
#4338=CARTESIAN_POINT('',(-6.98179960793642,-6.00000000000001,4.44089209850063E-15));
#4339=CARTESIAN_POINT('Origin',(-11.7017042679904,-37.,11.25));
#4340=CARTESIAN_POINT('',(2.,-37.,22.5));
#4341=CARTESIAN_POINT('',(-30.,-37.,0.));
#4342=CARTESIAN_POINT('Origin',(-30.,-6.00000000000001,0.));
#4343=CARTESIAN_POINT('',(-30.,-6.00000000000001,22.5));
#4344=CARTESIAN_POINT('',(2.,-6.00000000000001,22.5));
#4345=CARTESIAN_POINT('',(-30.,-6.00000000000001,0.));
#4346=CARTESIAN_POINT('',(-30.,-6.00000000000001,0.));
#4347=CARTESIAN_POINT('',(2.,-6.00000000000001,0.));
#4348=CARTESIAN_POINT('Origin',(-30.,-6.00000000000001,0.));
#4349=CARTESIAN_POINT('',(2.,-6.00000000000001,0.));
#4350=CARTESIAN_POINT('',(2.,-6.00000000000001,0.));
#4351=CARTESIAN_POINT('',(2.,-6.00000000000001,22.5));
#4352=CARTESIAN_POINT('',(2.,-6.00000000000001,0.));
#4353=CARTESIAN_POINT('',(2.,-6.00000000000001,22.5));
#4354=CARTESIAN_POINT('Origin',(-30.,40.,0.));
#4355=CARTESIAN_POINT('',(-30.,40.,0.));
#4356=CARTESIAN_POINT('',(-30.,-6.00000000000001,0.));
#4357=CARTESIAN_POINT('',(-30.,40.,22.5));
#4358=CARTESIAN_POINT('',(-30.,-6.00000000000001,22.5));
#4359=CARTESIAN_POINT('',(-30.,40.,0.));
#4360=CARTESIAN_POINT('Origin',(2.,40.,0.));
#4361=CARTESIAN_POINT('',(2.,40.,0.));
#4362=CARTESIAN_POINT('',(-30.,40.,0.));
#4363=CARTESIAN_POINT('',(2.,40.,22.5));
#4364=CARTESIAN_POINT('',(-30.,40.,22.5));
#4365=CARTESIAN_POINT('',(2.,40.,0.));
#4366=CARTESIAN_POINT('Origin',(2.,-6.00000000000001,0.));
#4367=CARTESIAN_POINT('',(2.,40.,0.));
#4368=CARTESIAN_POINT('',(2.,40.,22.5));
#4369=CARTESIAN_POINT('Origin',(-14.,17.,22.5));
#4370=CARTESIAN_POINT('Origin',(-14.,17.,0.));
#4371=CARTESIAN_POINT('Origin',(0.,0.,0.));
#4372=CARTESIAN_POINT('',(-70.,0.,250.));
#4373=CARTESIAN_POINT('Origin',(0.,0.,250.));
#4374=CARTESIAN_POINT('',(-70.,0.,0.));
#4375=CARTESIAN_POINT('',(-70.,-8.57252759403147E-15,0.));
#4376=CARTESIAN_POINT('Origin',(0.,0.,0.));
#4377=CARTESIAN_POINT('Origin',(0.,0.,0.));
#4378=CARTESIAN_POINT('',(-75.,0.,250.));
#4379=CARTESIAN_POINT('Origin',(0.,0.,250.));
#4380=CARTESIAN_POINT('',(-75.,0.,0.));
#4381=CARTESIAN_POINT('',(-75.,-9.18485099360515E-15,0.));
#4382=CARTESIAN_POINT('Origin',(0.,0.,0.));
#4383=CARTESIAN_POINT('Origin',(0.,0.,250.));
#4384=CARTESIAN_POINT('Origin',(0.,0.,0.));
#4385=CARTESIAN_POINT('Origin',(200.,-190.000002831221,5.00000007450581));
#4386=CARTESIAN_POINT('',(195.000002905726,-190.000002831221,15.0000002235174));
#4387=CARTESIAN_POINT('',(195.000002905726,-190.000002831221,5.00000007450581));
#4388=CARTESIAN_POINT('',(195.000002905726,-190.000002831221,2.5000000372529));
#4389=CARTESIAN_POINT('',(200.,-190.000002831221,15.0000002235174));
#4390=CARTESIAN_POINT('',(200.,-190.000002831221,15.0000002235174));
#4391=CARTESIAN_POINT('',(200.,-190.000002831221,5.00000007450581));
#4392=CARTESIAN_POINT('',(200.,-190.000002831221,2.5000000372529));
#4393=CARTESIAN_POINT('',(200.,-190.000002831221,5.00000007450581));
#4394=CARTESIAN_POINT('Origin',(200.,-180.000002682209,5.00000007450581));
#4395=CARTESIAN_POINT('',(195.000002905726,-180.000002682209,5.00000007450581));
#4396=CARTESIAN_POINT('',(195.000002905726,-52.500000782311,5.00000007450581));
#4397=CARTESIAN_POINT('',(200.,-180.000002682209,5.00000007450581));
#4398=CARTESIAN_POINT('',(200.,-205.000001341105,5.00000007450581));
#4399=CARTESIAN_POINT('',(200.,-180.000002682209,5.00000007450581));
#4400=CARTESIAN_POINT('Origin',(200.,-180.000002682209,15.0000002235174));
#4401=CARTESIAN_POINT('',(195.000002905726,-180.000002682209,15.0000002235174));
#4402=CARTESIAN_POINT('',(195.000002905726,-180.000002682209,7.50000011175871));
#4403=CARTESIAN_POINT('',(200.,-180.000002682209,15.0000002235174));
#4404=CARTESIAN_POINT('',(200.,-180.000002682209,7.50000011175871));
#4405=CARTESIAN_POINT('',(200.,-180.000002682209,15.0000002235174));
#4406=CARTESIAN_POINT('Origin',(200.,-190.000002831221,15.0000002235174));
#4407=CARTESIAN_POINT('',(195.000002905726,-57.5000008568168,15.0000002235174));
#4408=CARTESIAN_POINT('',(200.,-210.00000141561,15.0000002235174));
#4409=CARTESIAN_POINT('Origin',(193.000002905726,12.5,292.75));
#4410=CARTESIAN_POINT('',(195.000002905726,15.1,292.75));
#4411=CARTESIAN_POINT('Origin',(195.000002905726,12.5,292.75));
#4412=CARTESIAN_POINT('',(200.,15.1,292.75));
#4413=CARTESIAN_POINT('',(193.000002905726,15.1,292.75));
#4414=CARTESIAN_POINT('Origin',(200.,12.5,292.75));
#4415=CARTESIAN_POINT('Origin',(193.000002905726,-12.5,292.75));
#4416=CARTESIAN_POINT('',(195.000002905726,-9.89999999999993,292.75));
#4417=CARTESIAN_POINT('Origin',(195.000002905726,-12.5,292.75));
#4418=CARTESIAN_POINT('',(200.,-9.89999999999993,292.75));
#4419=CARTESIAN_POINT('',(193.000002905726,-9.89999999999993,292.75));
#4420=CARTESIAN_POINT('Origin',(200.,-12.5,292.75));
#4421=CARTESIAN_POINT('Origin',(195.000002905726,-137.5,292.75));
#4422=CARTESIAN_POINT('',(195.000002905726,-134.9,292.75));
#4423=CARTESIAN_POINT('Origin',(195.000002905726,-137.5,292.75));
#4424=CARTESIAN_POINT('',(200.,-134.9,292.75));
#4425=CARTESIAN_POINT('',(195.000002905726,-134.9,292.75));
#4426=CARTESIAN_POINT('Origin',(200.,-137.5,292.75));
#4427=CARTESIAN_POINT('Origin',(195.000002905726,-162.5,292.75));
#4428=CARTESIAN_POINT('',(195.000002905726,-159.9,292.75));
#4429=CARTESIAN_POINT('Origin',(195.000002905726,-162.5,292.75));
#4430=CARTESIAN_POINT('',(200.,-159.9,292.75));
#4431=CARTESIAN_POINT('',(195.000002905726,-159.9,292.75));
#4432=CARTESIAN_POINT('Origin',(200.,-162.5,292.75));
#4433=CARTESIAN_POINT('Origin',(2.50000063329935,-15.0000005960464,0.));
#4434=CARTESIAN_POINT('',(-77.,-80.0000011920929,0.));
#4435=CARTESIAN_POINT('',(-77.,-40.,0.));
#4436=CARTESIAN_POINT('',(-77.,-40.0000005960464,0.));
#4437=CARTESIAN_POINT('',(-80.,-80.0000011920929,0.));
#4438=CARTESIAN_POINT('',(-75.0000011175871,-80.0000011920929,0.));
#4439=CARTESIAN_POINT('',(-80.,-40.,0.));
#4440=CARTESIAN_POINT('',(-80.,-230.,0.));
#4441=CARTESIAN_POINT('',(-80.,-40.,0.));
#4442=CARTESIAN_POINT('Origin',(-80.,-80.0000011920929,0.));
#4443=CARTESIAN_POINT('',(-77.,-80.0000011920929,149.560862153991));
#4444=CARTESIAN_POINT('',(-77.,-80.0000011920929,0.));
#4445=CARTESIAN_POINT('',(-46.9517413758033,-80.0000011920929,250.));
#4446=CARTESIAN_POINT('',(-90.9429553542774,-80.0000011920929,102.955219134089));
#4447=CARTESIAN_POINT('',(-80.,-80.0000011920929,250.));
#4448=CARTESIAN_POINT('',(-75.0000011175871,-80.0000011920929,250.));
#4449=CARTESIAN_POINT('',(-80.,-80.0000011920929,0.));
#4450=CARTESIAN_POINT('Origin',(-80.,-40.,0.));
#4451=CARTESIAN_POINT('',(-80.,-40.,250.));
#4452=CARTESIAN_POINT('',(-80.,-230.,250.));
#4453=CARTESIAN_POINT('',(-80.,-40.,0.));
#4454=CARTESIAN_POINT('Origin',(-63.4428877022476,-40.,0.));
#4455=CARTESIAN_POINT('',(-63.4428877022476,-40.,250.));
#4456=CARTESIAN_POINT('',(-80.,-40.,250.));
#4457=CARTESIAN_POINT('',(-63.4428877022476,-40.,0.));
#4458=CARTESIAN_POINT('',(-63.4428877022476,-40.,0.));
#4459=CARTESIAN_POINT('',(-31.7214438511238,-40.,0.));
#4460=CARTESIAN_POINT('Origin',(0.,0.,0.));
#4461=CARTESIAN_POINT('',(55.9016994374947,50.,0.));
#4462=CARTESIAN_POINT('Origin',(0.,0.,0.));
#4463=CARTESIAN_POINT('',(55.9016994374947,50.,250.));
#4464=CARTESIAN_POINT('Origin',(0.,0.,250.));
#4465=CARTESIAN_POINT('',(55.9016994374947,50.,0.));
#4466=CARTESIAN_POINT('Origin',(85.,50.,0.));
#4467=CARTESIAN_POINT('',(85.,50.,0.));
#4468=CARTESIAN_POINT('',(42.5,50.,0.));
#4469=CARTESIAN_POINT('',(85.,50.,250.));
#4470=CARTESIAN_POINT('',(85.,50.,250.));
#4471=CARTESIAN_POINT('',(85.0000012665987,50.,0.));
#4472=CARTESIAN_POINT('Origin',(2.50000063329935,-15.0000005960464,250.));
#4473=CARTESIAN_POINT('',(85.0000012665987,-80.0000011920929,250.));
#4474=CARTESIAN_POINT('',(43.750000949949,-80.0000011920929,250.));
#4475=CARTESIAN_POINT('',(85.0000012665987,32.5000002980232,250.));
#4476=CARTESIAN_POINT('Origin',(85.0000012665987,80.0000011920929,0.));
#4477=CARTESIAN_POINT('',(85.0000012665987,-80.0000011920929,297.));
#4478=CARTESIAN_POINT('',(85.0000012665987,-80.0000011920929,0.));
#4479=CARTESIAN_POINT('',(85.0000012665987,77.,297.));
#4480=CARTESIAN_POINT('',(85.0000012665987,2.50000089406967,297.));
#4481=CARTESIAN_POINT('',(85.0000012665987,77.,0.));
#4482=CARTESIAN_POINT('',(85.0000012665987,77.,0.));
#4483=CARTESIAN_POINT('',(85.0000012665987,75.0000011175871,0.));
#4484=CARTESIAN_POINT('Origin',(85.0000012665987,-80.0000011920929,0.));
#4485=CARTESIAN_POINT('',(-32.8908067080594,-80.0000011920929,297.));
#4486=CARTESIAN_POINT('',(-90.9429553542774,-80.0000011920929,102.955219134089));
#4487=CARTESIAN_POINT('',(73.7500003539026,-80.0000011920929,297.));
#4488=CARTESIAN_POINT('Origin',(197.,77.,0.));
#4489=CARTESIAN_POINT('',(200.,77.,-15.));
#4490=CARTESIAN_POINT('',(197.,80.,-15.));
#4491=CARTESIAN_POINT('Origin',(197.,77.,-15.));
#4492=CARTESIAN_POINT('',(197.,80.,297.));
#4493=CARTESIAN_POINT('',(197.,80.,0.));
#4494=CARTESIAN_POINT('',(200.,77.,297.));
#4495=CARTESIAN_POINT('Origin',(197.,77.,297.));
#4496=CARTESIAN_POINT('',(200.,77.,0.));
#4497=CARTESIAN_POINT('Origin',(131.249999720603,77.,297.));
#4498=CARTESIAN_POINT('',(197.,77.,300.));
#4499=CARTESIAN_POINT('Origin',(197.,77.,297.));
#4500=CARTESIAN_POINT('',(88.0000012665987,80.,297.));
#4501=CARTESIAN_POINT('',(131.249999720603,80.,297.));
#4502=CARTESIAN_POINT('',(88.0000012665987,77.,300.));
#4503=CARTESIAN_POINT('Origin',(88.0000012665987,77.,297.));
#4504=CARTESIAN_POINT('',(131.249999720603,77.,300.));
#4505=CARTESIAN_POINT('Origin',(197.,77.,297.));
#4506=CARTESIAN_POINT('Origin',(197.,77.,297.));
#4507=CARTESIAN_POINT('Origin',(88.0000012665987,77.,0.));
#4508=CARTESIAN_POINT('Origin',(88.0000012665987,77.,297.));
#4509=CARTESIAN_POINT('',(88.0000012665987,80.,-3.));
#4510=CARTESIAN_POINT('',(88.0000012665987,80.,0.));
#4511=CARTESIAN_POINT('Origin',(88.0000012665987,77.,-3.));
#4512=CARTESIAN_POINT('Origin',(88.0000012665987,77.,297.));
#4513=CARTESIAN_POINT('Origin',(88.0000012665987,77.,297.));
#4514=CARTESIAN_POINT('Origin',(197.,-152.499999701977,297.));
#4515=CARTESIAN_POINT('',(197.,-227.,300.));
#4516=CARTESIAN_POINT('',(197.,-152.499999701977,300.));
#4517=CARTESIAN_POINT('',(200.,-227.,297.));
#4518=CARTESIAN_POINT('Origin',(197.,-227.,297.));
#4519=CARTESIAN_POINT('',(200.,-152.499999701977,297.));
#4520=CARTESIAN_POINT('Origin',(62.4999994412065,-74.9999994039536,300.));
#4521=CARTESIAN_POINT('',(88.0000012665987,-83.0000011920929,300.));
#4522=CARTESIAN_POINT('',(88.0000012665987,2.50000089406967,300.));
#4523=CARTESIAN_POINT('',(-32.8908067080594,-83.0000011920929,300.));
#4524=CARTESIAN_POINT('',(73.7500003539026,-83.0000011920929,300.));
#4525=CARTESIAN_POINT('',(-32.8908067080594,-227.,300.));
#4526=CARTESIAN_POINT('',(-32.8908067080594,-77.5000002980232,300.));
#4527=CARTESIAN_POINT('',(-6.25000027939677,-227.,300.));
#4528=CARTESIAN_POINT('',(-30.1246765923069,-225.000003352761,300.));
#4529=CARTESIAN_POINT('',(-30.1246765923069,-85.0000012665987,300.));
#4530=CARTESIAN_POINT('',(-30.1246765923069,-80.0000011920929,300.));
#4531=CARTESIAN_POINT('',(89.9999988824129,-85.0000012665987,300.));
#4532=CARTESIAN_POINT('',(-75.0000011175871,-85.0000012665987,300.));
#4533=CARTESIAN_POINT('',(89.9999988824129,75.0000011175871,300.));
#4534=CARTESIAN_POINT('',(89.9999988824129,-85.0000012665987,300.));
#4535=CARTESIAN_POINT('',(195.000002905726,75.0000011175871,300.));
#4536=CARTESIAN_POINT('',(195.000002905726,75.0000011175871,300.));
#4537=CARTESIAN_POINT('',(195.000002905726,-225.000003352761,300.));
#4538=CARTESIAN_POINT('',(195.000002905726,-225.000003352761,300.));
#4539=CARTESIAN_POINT('',(-75.,-225.000003352761,300.));
#4540=CARTESIAN_POINT('Origin',(88.0000012665987,2.50000089406967,297.));
#4541=CARTESIAN_POINT('Origin',(88.0000012665987,-83.0000011920929,297.));
#4542=CARTESIAN_POINT('Origin',(197.,-227.,0.));
#4543=CARTESIAN_POINT('',(197.,-230.,-15.));
#4544=CARTESIAN_POINT('',(200.,-227.,-15.));
#4545=CARTESIAN_POINT('Origin',(197.,-227.,-15.));
#4546=CARTESIAN_POINT('',(200.,-227.,0.));
#4547=CARTESIAN_POINT('',(197.,-230.,297.));
#4548=CARTESIAN_POINT('Origin',(197.,-227.,297.));
#4549=CARTESIAN_POINT('',(197.,-230.,0.));
#4550=CARTESIAN_POINT('Origin',(197.,-227.,297.));
#4551=CARTESIAN_POINT('Origin',(197.,-227.,297.));
#4552=CARTESIAN_POINT('Origin',(200.,-230.,0.));
#4553=CARTESIAN_POINT('',(200.,80.,-15.));
#4554=CARTESIAN_POINT('Origin',(0.,0.,-15.));
#4555=CARTESIAN_POINT('',(-77.,-230.,-15.));
#4556=CARTESIAN_POINT('',(200.,-230.,-15.));
#4557=CARTESIAN_POINT('',(-80.,-227.,-15.));
#4558=CARTESIAN_POINT('Origin',(-77.,-227.,-15.));
#4559=CARTESIAN_POINT('',(-80.,80.,-15.));
#4560=CARTESIAN_POINT('',(-80.,-230.,-15.));
#4561=CARTESIAN_POINT('',(-80.,80.,-15.));
#4562=CARTESIAN_POINT('Origin',(-75.,-230.,0.));
#4563=CARTESIAN_POINT('',(-32.8908067080594,-230.,297.));
#4564=CARTESIAN_POINT('',(-6.25000027939677,-230.,297.));
#4565=CARTESIAN_POINT('',(-77.,-230.,149.560862153991));
#4566=CARTESIAN_POINT('',(-97.5149110896058,-230.,80.9878373874819));
#4567=CARTESIAN_POINT('',(-77.,-230.,0.));
#4568=CARTESIAN_POINT('Origin',(-6.25000027939677,-227.,297.));
#4569=CARTESIAN_POINT('Origin',(-32.8908067080594,-227.,297.));
#4570=CARTESIAN_POINT('Origin',(-32.8908067080594,-227.,297.));
#4571=CARTESIAN_POINT('',(-35.7649422277642,-227.,297.859851739762));
#4572=CARTESIAN_POINT('Origin',(-32.8908067080594,-227.,297.));
#4573=CARTESIAN_POINT('Origin',(-32.8908067080594,-227.,297.));
#4574=CARTESIAN_POINT('Origin',(-32.8908067080594,-77.5000002980232,297.));
#4575=CARTESIAN_POINT('',(-35.7649422277642,-83.0000011920929,297.859851739762));
#4576=CARTESIAN_POINT('Origin',(-32.8908067080594,-83.0000011920929,297.));
#4577=CARTESIAN_POINT('',(-35.7649422277642,-77.5000002980232,297.859851739762));
#4578=CARTESIAN_POINT('Origin',(200.,80.,0.));
#4579=CARTESIAN_POINT('',(-80.,80.,-3.));
#4580=CARTESIAN_POINT('',(-80.,80.,0.));
#4581=CARTESIAN_POINT('',(100.,80.,-3.));
#4582=CARTESIAN_POINT('Origin',(73.7500003539026,-83.0000011920929,297.));
#4583=CARTESIAN_POINT('Origin',(-32.8908067080594,-83.0000011920929,297.));
#4584=CARTESIAN_POINT('Origin',(-32.8908067080594,-83.0000011920929,297.));
#4585=CARTESIAN_POINT('Origin',(-32.8908067080594,-83.0000011920929,297.));
#4586=CARTESIAN_POINT('Origin',(-90.9429553542774,-83.0000011920929,102.955219134089));
#4587=CARTESIAN_POINT('',(-79.8741355197047,-83.0000011920929,150.420713893753));
#4588=CARTESIAN_POINT('Origin',(-77.,-83.0000011920929,149.560862153991));
#4589=CARTESIAN_POINT('',(-93.8170908739822,-83.0000011920929,103.815070873851));
#4590=CARTESIAN_POINT('Origin',(100.,77.,-3.));
#4591=CARTESIAN_POINT('',(-77.,77.,0.));
#4592=CARTESIAN_POINT('',(100.,77.,0.));
#4593=CARTESIAN_POINT('Origin',(-77.,77.,-3.));
#4594=CARTESIAN_POINT('Origin',(-77.,-40.0000005960464,-3.));
#4595=CARTESIAN_POINT('',(-80.,-83.0000011920929,-3.));
#4596=CARTESIAN_POINT('',(-80.,-40.0000005960464,-3.));
#4597=CARTESIAN_POINT('Origin',(-77.,-83.0000011920929,-3.));
#4598=CARTESIAN_POINT('',(-77.,-40.0000005960464,0.));
#4599=CARTESIAN_POINT('Origin',(-77.,-227.,149.560862153991));
#4600=CARTESIAN_POINT('',(-80.,-227.,149.560862153991));
#4601=CARTESIAN_POINT('',(-79.8741355197047,-227.,150.420713893753));
#4602=CARTESIAN_POINT('Origin',(-77.,-227.,149.560862153991));
#4603=CARTESIAN_POINT('Origin',(-77.,-227.,149.560862153991));
#4604=CARTESIAN_POINT('Origin',(-77.,-227.,149.560862153991));
#4605=CARTESIAN_POINT('Origin',(-77.,-227.,0.));
#4606=CARTESIAN_POINT('',(-80.,-227.,0.));
#4607=CARTESIAN_POINT('Origin',(-77.,-83.0000011920929,149.560862153991));
#4608=CARTESIAN_POINT('',(-80.,-83.0000011920929,149.560862153991));
#4609=CARTESIAN_POINT('Origin',(-77.,-83.0000011920929,149.560862153991));
#4610=CARTESIAN_POINT('Origin',(-77.,-83.0000011920929,149.560862153991));
#4611=CARTESIAN_POINT('Origin',(-77.,-83.0000011920929,0.));
#4612=CARTESIAN_POINT('',(-80.,-83.0000011920929,0.));
#4613=CARTESIAN_POINT('Origin',(-77.,-80.0000011920929,149.560862153991));
#4614=CARTESIAN_POINT('',(-79.8741355197047,-80.0000011920929,150.420713893753));
#4615=CARTESIAN_POINT('',(-80.,-80.0000011920929,149.560862153991));
#4616=CARTESIAN_POINT('Origin',(-97.5149110896058,-227.,80.9878373874819));
#4617=CARTESIAN_POINT('',(-100.389046609311,-227.,81.8476891272438));
#4618=CARTESIAN_POINT('Origin',(0.,0.,0.));
#4619=CARTESIAN_POINT('',(-5.20474889637625E-16,-4.25,0.));
#4620=CARTESIAN_POINT('Origin',(0.,0.,0.));
#4621=CARTESIAN_POINT('Origin',(-80.,-80.0000011920929,150.));
#4622=CARTESIAN_POINT('',(-42.9625731186976,-208.,273.801091787629));
#4623=CARTESIAN_POINT('',(-61.5353706975551,-208.,211.719764562007));
#4624=CARTESIAN_POINT('',(-61.4812865593488,-208.,211.900545893815));
#4625=CARTESIAN_POINT('',(-61.5353706975551,-100.,211.719764562007));
#4626=CARTESIAN_POINT('',(-61.5353706975551,-144.000000596046,211.719764562007));
#4627=CARTESIAN_POINT('',(-42.9625731186976,-100.,273.801091787629));
#4628=CARTESIAN_POINT('',(-70.7676853487775,-100.,180.859882281003));
#4629=CARTESIAN_POINT('',(-42.9625731186976,-90.0000005960464,273.801091787629));
#4630=CARTESIAN_POINT('Origin',(-61.5353706975551,-100.,211.719764562007));
#4631=CARTESIAN_POINT('',(-38.373320348904,-100.,272.428130439335));
#4632=CARTESIAN_POINT('',(-56.9461179277615,-100.,210.346803213713));
#4633=CARTESIAN_POINT('',(-65.9730589638808,-100.,180.173401606856));
#4634=CARTESIAN_POINT('',(-42.9625731186976,-100.,273.801091787629));
#4635=CARTESIAN_POINT('',(-61.5353706975551,-100.,211.719764562007));
#4636=CARTESIAN_POINT('Origin',(-61.5353706975551,-208.,211.719764562007));
#4637=CARTESIAN_POINT('',(-56.9461179277615,-208.,210.346803213713));
#4638=CARTESIAN_POINT('',(-56.9461179277615,-219.,210.346803213713));
#4639=CARTESIAN_POINT('',(-61.5353706975551,-208.,211.719764562007));
#4640=CARTESIAN_POINT('Origin',(-42.9625731186976,-208.,273.801091787629));
#4641=CARTESIAN_POINT('',(-38.373320348904,-208.,272.428130439335));
#4642=CARTESIAN_POINT('',(-56.686660174452,-208.,211.214065219667));
#4643=CARTESIAN_POINT('',(-42.9625731186976,-208.,273.801091787629));
#4644=CARTESIAN_POINT('Origin',(-42.9625731186976,-100.,273.801091787629));
#4645=CARTESIAN_POINT('',(-38.373320348904,-165.,272.428130439335));
#4646=CARTESIAN_POINT('Origin',(-75.,-230.,150.));
#4647=CARTESIAN_POINT('',(-75.,-225.000003352761,150.));
#4648=CARTESIAN_POINT('',(-69.5458037535901,-225.000003352761,168.231165255986));
#4649=CARTESIAN_POINT('',(-75.0000011175871,-85.0000012665987,150.));
#4650=CARTESIAN_POINT('',(-75.0000011175871,-85.0000012665987,150.));
#4651=CARTESIAN_POINT('',(-95.5944202703183,-85.0000012665987,81.1612082996563));
#4652=CARTESIAN_POINT('Origin',(-75.0000011175871,-85.0000012665987,0.));
#4653=CARTESIAN_POINT('',(-75.0000011175871,-85.0000012665987,0.));
#4654=CARTESIAN_POINT('',(-75.0000011175871,-85.0000012665987,0.));
#4655=CARTESIAN_POINT('',(89.9999988824129,-85.0000012665987,0.));
#4656=CARTESIAN_POINT('',(-75.0000011175871,-85.0000012665987,0.));
#4657=CARTESIAN_POINT('',(89.9999988824129,-85.0000012665987,0.));
#4658=CARTESIAN_POINT('Origin',(0.,0.,-2.24999999627471));
#4659=CARTESIAN_POINT('',(-5.20474889637625E-16,-4.25,-4.49999999254942));
#4660=CARTESIAN_POINT('',(-5.20474889637625E-16,-4.25,-2.24999999627471));
#4661=CARTESIAN_POINT('Origin',(0.,0.,-4.49999999254942));
#4662=CARTESIAN_POINT('Origin',(0.,0.,-4.49999999254942));
#4663=CARTESIAN_POINT('Origin',(0.,0.,0.));
#4664=CARTESIAN_POINT('',(-75.,-225.000003352761,0.));
#4665=CARTESIAN_POINT('',(-75.0000011175871,-85.0000012665987,0.));
#4666=CARTESIAN_POINT('',(195.000002905726,-225.000003352761,0.));
#4667=CARTESIAN_POINT('',(-75.,-225.000003352761,0.));
#4668=CARTESIAN_POINT('',(195.000002905726,75.0000011175871,0.));
#4669=CARTESIAN_POINT('',(195.000002905726,-225.000003352761,0.));
#4670=CARTESIAN_POINT('',(89.9999988824129,75.0000011175871,0.));
#4671=CARTESIAN_POINT('',(195.000002905726,75.0000011175871,0.));
#4672=CARTESIAN_POINT('',(89.9999988824129,-85.0000012665987,0.));
#4673=CARTESIAN_POINT('Origin',(-75.,-225.000003352761,0.));
#4674=CARTESIAN_POINT('',(-75.,-225.000003352761,0.));
#4675=CARTESIAN_POINT('Origin',(-80.,-80.0000011920929,0.));
#4676=CARTESIAN_POINT('Origin',(195.000002905726,-225.000003352761,0.));
#4677=CARTESIAN_POINT('',(195.000002905726,-225.000003352761,0.));
#4678=CARTESIAN_POINT('Origin',(195.000002905726,75.0000011175871,0.));
#4679=CARTESIAN_POINT('',(195.000002905726,75.0000011175871,0.));
#4680=CARTESIAN_POINT('Origin',(89.9999988824129,75.0000011175871,0.));
#4681=CARTESIAN_POINT('',(89.9999988824129,75.0000011175871,0.));
#4682=CARTESIAN_POINT('Origin',(89.9999988824129,-85.0000012665987,0.));
#4683=CARTESIAN_POINT('Origin',(0.,0.,260.));
#4684=CARTESIAN_POINT('',(4.25,5.20474889637625E-16,260.));
#4685=CARTESIAN_POINT('Origin',(0.,0.,260.));
#4686=CARTESIAN_POINT('',(4.25,5.20474889637625E-16,245.));
#4687=CARTESIAN_POINT('',(4.25,-5.20474889637625E-16,260.));
#4688=CARTESIAN_POINT('Origin',(0.,0.,245.));
#4689=CARTESIAN_POINT('Origin',(0.,-70.,245.));
#4690=CARTESIAN_POINT('',(-8.57252759403147E-15,70.,245.));
#4691=CARTESIAN_POINT('Origin',(0.,0.,245.));
#4692=CARTESIAN_POINT('Origin',(0.,0.,247.5));
#4693=CARTESIAN_POINT('',(-8.57252759403147E-15,70.,250.));
#4694=CARTESIAN_POINT('Origin',(0.,0.,250.));
#4695=CARTESIAN_POINT('',(-8.57252759403147E-15,70.,247.5));
#4696=CARTESIAN_POINT('Origin',(0.,-75.,250.));
#4697=CARTESIAN_POINT('',(-9.18485099360515E-15,75.,250.));
#4698=CARTESIAN_POINT('Origin',(0.,0.,250.));
#4699=CARTESIAN_POINT('Origin',(0.,0.,255.));
#4700=CARTESIAN_POINT('',(-8.57252759403147E-15,70.,260.));
#4701=CARTESIAN_POINT('Origin',(0.,0.,260.));
#4702=CARTESIAN_POINT('',(-8.87868929381831E-15,72.5,255.));
#4703=CARTESIAN_POINT('Origin',(0.,0.,260.));
#4704=CARTESIAN_POINT('Origin',(194.000002905726,-150.,305.5));
#4705=CARTESIAN_POINT('',(194.000002905726,-140.,311.));
#4706=CARTESIAN_POINT('',(194.000002905726,-160.,311.));
#4707=CARTESIAN_POINT('',(194.000002905726,-150.,311.));
#4708=CARTESIAN_POINT('',(194.000002905726,-140.,300.));
#4709=CARTESIAN_POINT('Origin',(194.000002905726,-140.,305.5));
#4710=CARTESIAN_POINT('',(194.000002905726,-160.,300.));
#4711=CARTESIAN_POINT('',(194.000002905726,-150.,300.));
#4712=CARTESIAN_POINT('Origin',(194.000002905726,-160.,305.5));
#4713=CARTESIAN_POINT('Origin',(194.000002905726,-160.,300.));
#4714=CARTESIAN_POINT('Origin',(194.000002905726,-160.,305.5));
#4715=CARTESIAN_POINT('Origin',(194.000002905726,-150.,305.5));
#4716=CARTESIAN_POINT('Origin',(194.000002905726,-140.,305.5));
#4717=CARTESIAN_POINT('Origin',(194.000002905726,-140.,305.5));
#4718=CARTESIAN_POINT('Origin',(195.000002905726,-150.,292.75));
#4719=CARTESIAN_POINT('',(195.000002905726,-130.,300.));
#4720=CARTESIAN_POINT('',(195.000002905726,-170.,300.));
#4721=CARTESIAN_POINT('',(195.000002905726,-130.,300.));
#4722=CARTESIAN_POINT('',(195.000002905726,-170.,285.5));
#4723=CARTESIAN_POINT('',(195.000002905726,-170.,300.));
#4724=CARTESIAN_POINT('',(195.000002905726,-130.,285.5));
#4725=CARTESIAN_POINT('',(195.000002905726,-170.,285.5));
#4726=CARTESIAN_POINT('',(195.000002905726,-130.,285.5));
#4727=CARTESIAN_POINT('',(195.000002905726,-134.9,292.75));
#4728=CARTESIAN_POINT('Origin',(195.000002905726,-137.5,292.75));
#4729=CARTESIAN_POINT('',(195.000002905726,-159.9,292.75));
#4730=CARTESIAN_POINT('Origin',(195.000002905726,-162.5,292.75));
#4731=CARTESIAN_POINT('Origin',(193.000002905726,-150.,292.75));
#4732=CARTESIAN_POINT('',(193.000002905726,-170.,300.));
#4733=CARTESIAN_POINT('',(193.000002905726,-130.,300.));
#4734=CARTESIAN_POINT('',(193.000002905726,-130.,300.));
#4735=CARTESIAN_POINT('',(193.000002905726,-130.,285.5));
#4736=CARTESIAN_POINT('',(193.000002905726,-130.,285.5));
#4737=CARTESIAN_POINT('',(193.000002905726,-170.,285.5));
#4738=CARTESIAN_POINT('',(193.000002905726,-170.,285.5));
#4739=CARTESIAN_POINT('',(193.000002905726,-170.,300.));
#4740=CARTESIAN_POINT('',(193.000002905726,-134.9,292.75));
#4741=CARTESIAN_POINT('Origin',(193.000002905726,-137.5,292.75));
#4742=CARTESIAN_POINT('',(193.000002905726,-159.9,292.75));
#4743=CARTESIAN_POINT('Origin',(193.000002905726,-162.5,292.75));
#4744=CARTESIAN_POINT('Origin',(195.000002905726,-170.,300.));
#4745=CARTESIAN_POINT('',(195.000002905726,-130.,300.));
#4746=CARTESIAN_POINT('',(195.000002905726,-170.,300.));
#4747=CARTESIAN_POINT('',(194.000002905726,-160.,300.));
#4748=CARTESIAN_POINT('',(194.000002905726,-140.,300.));
#4749=CARTESIAN_POINT('',(194.000002905726,-150.,300.));
#4750=CARTESIAN_POINT('Origin',(195.000002905726,-130.,300.));
#4751=CARTESIAN_POINT('',(195.000002905726,-130.,285.5));
#4752=CARTESIAN_POINT('Origin',(195.000002905726,-130.,285.5));
#4753=CARTESIAN_POINT('',(195.000002905726,-170.,285.5));
#4754=CARTESIAN_POINT('Origin',(195.000002905726,-170.,285.5));
#4755=CARTESIAN_POINT('Origin',(195.000002905726,-137.5,292.75));
#4756=CARTESIAN_POINT('',(195.000002905726,-134.9,292.75));
#4757=CARTESIAN_POINT('Origin',(195.000002905726,-162.5,292.75));
#4758=CARTESIAN_POINT('',(195.000002905726,-159.9,292.75));
#4759=CARTESIAN_POINT('Origin',(198.239383163607,-137.499999068677,317.550170778768));
#4760=CARTESIAN_POINT('',(198.239383163607,-134.899999068677,317.550170778768));
#4761=CARTESIAN_POINT('Origin',(198.239383163607,-137.499999068677,317.550170778768));
#4762=CARTESIAN_POINT('',(200.709169139465,-134.899999068677,316.459904255792));
#4763=CARTESIAN_POINT('',(198.239383163607,-134.899999068677,317.550170778768));
#4764=CARTESIAN_POINT('Origin',(200.709169139465,-137.499999068677,316.459904255792));
#4765=CARTESIAN_POINT('Origin',(198.239383163607,-162.499999068677,317.550170778768));
#4766=CARTESIAN_POINT('',(198.239383163607,-159.899999068677,317.550170778768));
#4767=CARTESIAN_POINT('Origin',(198.239383163607,-162.499999068677,317.550170778768));
#4768=CARTESIAN_POINT('',(200.709169139465,-159.899999068677,316.459904255792));
#4769=CARTESIAN_POINT('',(198.239383163607,-159.899999068677,317.550170778768));
#4770=CARTESIAN_POINT('Origin',(200.709169139465,-162.499999068677,316.459904255792));
#4771=CARTESIAN_POINT('Origin',(196.554201784136,-149.999999068677,310.39017906838));
#4772=CARTESIAN_POINT('',(196.076468411525,-140.,310.592964853916));
#4773=CARTESIAN_POINT('',(196.076468411524,-130.000001937151,310.592964853917));
#4774=CARTESIAN_POINT('',(196.076468411525,-135.,310.592964853916));
#4775=CARTESIAN_POINT('',(196.221141082302,-140.,310.531554948578));
#4776=CARTESIAN_POINT('',(197.340595490991,-140.,310.056374744195));
#4777=CARTESIAN_POINT('',(196.221141082303,-130.000001937151,310.531554948577));
#4778=CARTESIAN_POINT('',(196.221141082302,-135.,310.531554948578));
#4779=CARTESIAN_POINT('',(197.796884364698,-130.000001937151,309.862691608389));
#4780=CARTESIAN_POINT('',(195.311519203574,-130.000001937151,310.917666528371));
#4781=CARTESIAN_POINT('',(197.796884364698,-169.999996200204,309.862691608389));
#4782=CARTESIAN_POINT('',(197.796884364698,-130.000001937151,309.862691608389));
#4783=CARTESIAN_POINT('',(196.221141082302,-170.,310.531554948578));
#4784=CARTESIAN_POINT('',(197.796884364698,-169.999996200204,309.862691608389));
#4785=CARTESIAN_POINT('',(196.221141082302,-160.,310.531554948578));
#4786=CARTESIAN_POINT('',(196.221141082302,-165.,310.531554948578));
#4787=CARTESIAN_POINT('',(196.076468411525,-160.,310.592964853916));
#4788=CARTESIAN_POINT('',(196.351503265525,-160.,310.476219484814));
#4789=CARTESIAN_POINT('',(196.076468411525,-170.,310.592964853916));
#4790=CARTESIAN_POINT('',(196.076468411525,-165.,310.592964853916));
#4791=CARTESIAN_POINT('',(195.311519203574,-169.999996200204,310.917666528371));
#4792=CARTESIAN_POINT('',(197.796884364698,-169.999996200204,309.862691608389));
#4793=CARTESIAN_POINT('',(195.311519203574,-130.000001937151,310.917666528371));
#4794=CARTESIAN_POINT('',(195.311519203574,-169.999996200204,310.917666528371));
#4795=CARTESIAN_POINT('',(195.311519203574,-130.000001937151,310.917666528371));
#4796=CARTESIAN_POINT('Origin',(195.311745953703,-130.000001937151,310.918180186525));
#4797=CARTESIAN_POINT('',(201.167247123641,-169.999996200204,324.182675029166));
#4798=CARTESIAN_POINT('',(195.311745953703,-169.999996200204,310.918180186525));
#4799=CARTESIAN_POINT('',(201.167247123641,-130.000001937151,324.182675029166));
#4800=CARTESIAN_POINT('',(201.167247123641,-169.999996200204,324.182675029166));
#4801=CARTESIAN_POINT('',(195.311745953703,-130.000001937151,310.918180186525));
#4802=CARTESIAN_POINT('Origin',(197.797111114828,-169.999996200204,309.863205266543));
#4803=CARTESIAN_POINT('',(203.652612284765,-130.000001937151,323.127700109184));
#4804=CARTESIAN_POINT('',(197.797111114828,-130.000001937151,309.863205266543));
#4805=CARTESIAN_POINT('',(203.652612284765,-169.999996200204,323.127700109184));
#4806=CARTESIAN_POINT('',(203.652612284765,-130.000001937151,323.127700109184));
#4807=CARTESIAN_POINT('',(197.797111114828,-169.999996200204,309.863205266543));
#4808=CARTESIAN_POINT('Origin',(202.409929704203,-149.999999068677,323.655187569175));
#4809=CARTESIAN_POINT('',(201.167247123641,-130.000001937151,324.182675029166));
#4810=CARTESIAN_POINT('',(203.652612284765,-169.999996200204,323.127700109184));
#4811=CARTESIAN_POINT('Origin',(194.000002905726,-160.,305.5));
#4812=CARTESIAN_POINT('Origin',(194.000002905726,-160.,305.5));
#4813=CARTESIAN_POINT('Origin',(194.000002905726,-170.,300.));
#4814=CARTESIAN_POINT('Origin',(194.000002905726,-170.,305.5));
#4815=CARTESIAN_POINT('Origin',(194.000002905726,-165.,305.5));
#4816=CARTESIAN_POINT('Origin',(194.000002905726,-130.,305.5));
#4817=CARTESIAN_POINT('Origin',(194.000002905726,-130.,305.5));
#4818=CARTESIAN_POINT('Origin',(194.000002905726,-140.,300.));
#4819=CARTESIAN_POINT('Origin',(194.000002905726,-140.,305.5));
#4820=CARTESIAN_POINT('Origin',(194.000002905726,-135.,305.5));
#4821=CARTESIAN_POINT('Origin',(194.000002905726,0.,305.5));
#4822=CARTESIAN_POINT('',(194.000002905726,10.,311.));
#4823=CARTESIAN_POINT('',(194.000002905726,-10.,311.));
#4824=CARTESIAN_POINT('',(194.000002905726,0.,311.));
#4825=CARTESIAN_POINT('',(194.000002905726,10.,300.));
#4826=CARTESIAN_POINT('Origin',(194.000002905726,10.,305.5));
#4827=CARTESIAN_POINT('',(194.000002905726,-10.,300.));
#4828=CARTESIAN_POINT('',(194.000002905726,0.,300.));
#4829=CARTESIAN_POINT('Origin',(194.000002905726,-10.,305.5));
#4830=CARTESIAN_POINT('Origin',(194.000002905726,-10.,300.));
#4831=CARTESIAN_POINT('Origin',(194.000002905726,-10.,305.5));
#4832=CARTESIAN_POINT('Origin',(194.000002905726,0.,305.5));
#4833=CARTESIAN_POINT('Origin',(194.000002905726,10.,305.5));
#4834=CARTESIAN_POINT('Origin',(194.000002905726,10.,305.5));
#4835=CARTESIAN_POINT('Origin',(195.000002905726,0.,292.75));
#4836=CARTESIAN_POINT('',(195.000002905726,20.,300.));
#4837=CARTESIAN_POINT('',(195.000002905726,-20.,300.));
#4838=CARTESIAN_POINT('',(195.000002905726,20.,300.));
#4839=CARTESIAN_POINT('',(195.000002905726,-20.,285.5));
#4840=CARTESIAN_POINT('',(195.000002905726,-20.,300.));
#4841=CARTESIAN_POINT('',(195.000002905726,20.,285.5));
#4842=CARTESIAN_POINT('',(195.000002905726,-20.,285.5));
#4843=CARTESIAN_POINT('',(195.000002905726,20.,285.5));
#4844=CARTESIAN_POINT('',(195.000002905726,15.1,292.75));
#4845=CARTESIAN_POINT('Origin',(195.000002905726,12.5,292.75));
#4846=CARTESIAN_POINT('',(195.000002905726,-9.89999999999995,292.75));
#4847=CARTESIAN_POINT('Origin',(195.000002905726,-12.5,292.75));
#4848=CARTESIAN_POINT('Origin',(193.000002905726,0.,292.75));
#4849=CARTESIAN_POINT('',(193.000002905726,-20.,300.));
#4850=CARTESIAN_POINT('',(193.000002905726,20.,300.));
#4851=CARTESIAN_POINT('',(193.000002905726,20.,300.));
#4852=CARTESIAN_POINT('',(193.000002905726,20.,285.5));
#4853=CARTESIAN_POINT('',(193.000002905726,20.,285.5));
#4854=CARTESIAN_POINT('',(193.000002905726,-20.,285.5));
#4855=CARTESIAN_POINT('',(193.000002905726,-20.,285.5));
#4856=CARTESIAN_POINT('',(193.000002905726,-20.,300.));
#4857=CARTESIAN_POINT('',(193.000002905726,15.1,292.75));
#4858=CARTESIAN_POINT('Origin',(193.000002905726,12.5,292.75));
#4859=CARTESIAN_POINT('',(193.000002905726,-9.89999999999995,292.75));
#4860=CARTESIAN_POINT('Origin',(193.000002905726,-12.5,292.75));
#4861=CARTESIAN_POINT('Origin',(195.000002905726,-20.,300.));
#4862=CARTESIAN_POINT('',(195.000002905726,20.,300.));
#4863=CARTESIAN_POINT('',(195.000002905726,-20.,300.));
#4864=CARTESIAN_POINT('',(194.000002905726,-10.,300.));
#4865=CARTESIAN_POINT('',(194.000002905726,10.,300.));
#4866=CARTESIAN_POINT('',(194.000002905726,0.,300.));
#4867=CARTESIAN_POINT('Origin',(195.000002905726,20.,300.));
#4868=CARTESIAN_POINT('',(195.000002905726,20.,285.5));
#4869=CARTESIAN_POINT('Origin',(195.000002905726,20.,285.5));
#4870=CARTESIAN_POINT('',(195.000002905726,-20.,285.5));
#4871=CARTESIAN_POINT('Origin',(195.000002905726,-20.,285.5));
#4872=CARTESIAN_POINT('Origin',(195.000002905726,12.5,292.75));
#4873=CARTESIAN_POINT('',(195.000002905726,15.1,292.75));
#4874=CARTESIAN_POINT('Origin',(195.000002905726,-12.5,292.75));
#4875=CARTESIAN_POINT('',(195.000002905726,-9.89999999999995,292.75));
#4876=CARTESIAN_POINT('Origin',(198.239383163607,12.5000009313226,317.550170778768));
#4877=CARTESIAN_POINT('',(198.239383163607,15.1000009313226,317.550170778768));
#4878=CARTESIAN_POINT('Origin',(198.239383163607,12.5000009313226,317.550170778768));
#4879=CARTESIAN_POINT('',(200.709169139465,15.1000009313226,316.459904255792));
#4880=CARTESIAN_POINT('',(198.239383163607,15.1000009313226,317.550170778768));
#4881=CARTESIAN_POINT('Origin',(200.709169139465,12.5000009313226,316.459904255792));
#4882=CARTESIAN_POINT('Origin',(198.239383163607,-12.4999990686774,317.550170778768));
#4883=CARTESIAN_POINT('',(198.239383163607,-9.89999906867741,317.550170778768));
#4884=CARTESIAN_POINT('Origin',(198.239383163607,-12.4999990686774,317.550170778768));
#4885=CARTESIAN_POINT('',(200.709169139465,-9.89999906867741,316.459904255792));
#4886=CARTESIAN_POINT('',(198.239383163607,-9.89999906867741,317.550170778768));
#4887=CARTESIAN_POINT('Origin',(200.709169139465,-12.4999990686774,316.459904255792));
#4888=CARTESIAN_POINT('Origin',(196.554201784136,9.31322574615479E-7,310.39017906838));
#4889=CARTESIAN_POINT('',(196.076468411525,10.,310.592964853916));
#4890=CARTESIAN_POINT('',(196.076468411524,19.999998062849,310.592964853917));
#4891=CARTESIAN_POINT('',(196.076468411525,15.,310.592964853916));
#4892=CARTESIAN_POINT('',(196.221141082302,10.,310.531554948578));
#4893=CARTESIAN_POINT('',(197.340595490991,10.,310.056374744195));
#4894=CARTESIAN_POINT('',(196.221141082303,19.999998062849,310.531554948577));
#4895=CARTESIAN_POINT('',(196.221141082302,15.,310.531554948578));
#4896=CARTESIAN_POINT('',(197.796884364698,19.999998062849,309.862691608389));
#4897=CARTESIAN_POINT('',(195.311519203574,19.999998062849,310.917666528371));
#4898=CARTESIAN_POINT('',(197.796884364698,-19.9999962002039,309.862691608389));
#4899=CARTESIAN_POINT('',(197.796884364698,19.999998062849,309.862691608389));
#4900=CARTESIAN_POINT('',(196.221141082302,-20.,310.531554948578));
#4901=CARTESIAN_POINT('',(197.796884364698,-19.9999962002039,309.862691608389));
#4902=CARTESIAN_POINT('',(196.221141082302,-10.,310.531554948578));
#4903=CARTESIAN_POINT('',(196.221141082302,-15.,310.531554948578));
#4904=CARTESIAN_POINT('',(196.076468411525,-10.,310.592964853916));
#4905=CARTESIAN_POINT('',(196.351503265525,-10.,310.476219484814));
#4906=CARTESIAN_POINT('',(196.076468411525,-20.,310.592964853916));
#4907=CARTESIAN_POINT('',(196.076468411525,-15.,310.592964853916));
#4908=CARTESIAN_POINT('',(195.311519203574,-19.9999962002039,310.917666528371));
#4909=CARTESIAN_POINT('',(197.796884364698,-19.9999962002039,309.862691608389));
#4910=CARTESIAN_POINT('',(195.311519203574,19.999998062849,310.917666528371));
#4911=CARTESIAN_POINT('',(195.311519203574,-19.9999962002039,310.917666528371));
#4912=CARTESIAN_POINT('',(195.311519203574,19.999998062849,310.917666528371));
#4913=CARTESIAN_POINT('Origin',(195.311745953703,19.999998062849,310.918180186525));
#4914=CARTESIAN_POINT('',(201.167247123641,-19.9999962002039,324.182675029166));
#4915=CARTESIAN_POINT('',(195.311745953703,-19.9999962002039,310.918180186525));
#4916=CARTESIAN_POINT('',(201.167247123641,19.999998062849,324.182675029166));
#4917=CARTESIAN_POINT('',(201.167247123641,-19.9999962002039,324.182675029166));
#4918=CARTESIAN_POINT('',(195.311745953703,19.999998062849,310.918180186525));
#4919=CARTESIAN_POINT('Origin',(197.797111114828,-19.9999962002039,309.863205266543));
#4920=CARTESIAN_POINT('',(203.652612284765,19.999998062849,323.127700109184));
#4921=CARTESIAN_POINT('',(197.797111114828,19.999998062849,309.863205266543));
#4922=CARTESIAN_POINT('',(203.652612284765,-19.9999962002039,323.127700109184));
#4923=CARTESIAN_POINT('',(203.652612284765,19.999998062849,323.127700109184));
#4924=CARTESIAN_POINT('',(197.797111114828,-19.9999962002039,309.863205266543));
#4925=CARTESIAN_POINT('Origin',(202.409929704203,9.31322574615479E-7,323.655187569175));
#4926=CARTESIAN_POINT('',(201.167247123641,19.999998062849,324.182675029166));
#4927=CARTESIAN_POINT('',(203.652612284765,-19.9999962002039,323.127700109184));
#4928=CARTESIAN_POINT('Origin',(194.000002905726,-10.,305.5));
#4929=CARTESIAN_POINT('Origin',(194.000002905726,-10.,305.5));
#4930=CARTESIAN_POINT('Origin',(194.000002905726,-20.,300.));
#4931=CARTESIAN_POINT('Origin',(194.000002905726,-20.,305.5));
#4932=CARTESIAN_POINT('Origin',(194.000002905726,-15.,305.5));
#4933=CARTESIAN_POINT('Origin',(194.000002905726,20.,305.5));
#4934=CARTESIAN_POINT('Origin',(194.000002905726,20.,305.5));
#4935=CARTESIAN_POINT('Origin',(194.000002905726,10.,300.));
#4936=CARTESIAN_POINT('Origin',(194.000002905726,10.,305.5));
#4937=CARTESIAN_POINT('Origin',(194.000002905726,15.,305.5));
#4938=CARTESIAN_POINT('Origin',(198.239383163607,-137.499999068677,317.550170778768));
#4939=CARTESIAN_POINT('',(199.846700141188,-138.923837891526,314.462621292806));
#4940=CARTESIAN_POINT('',(199.846700141188,-136.076160245829,314.462621292806));
#4941=CARTESIAN_POINT('Ctrl Pts',(199.846700141188,-138.923837891526,314.462621292806));
#4942=CARTESIAN_POINT('Ctrl Pts',(199.811283073663,-138.790795512469,314.383073256721));
#4943=CARTESIAN_POINT('Ctrl Pts',(199.782538646613,-138.648081655463,314.312932393036));
#4944=CARTESIAN_POINT('Ctrl Pts',(199.710989978385,-138.178204976789,314.130593843907));
#4945=CARTESIAN_POINT('Ctrl Pts',(199.690541547643,-137.828321716433,314.067505188085));
#4946=CARTESIAN_POINT('Ctrl Pts',(199.690541547643,-137.499999068677,314.067505188085));
#4947=CARTESIAN_POINT('Ctrl Pts',(199.690541547643,-137.171676420922,314.067505188085));
#4948=CARTESIAN_POINT('Ctrl Pts',(199.710989978385,-136.821793160566,314.130593843907));
#4949=CARTESIAN_POINT('Ctrl Pts',(199.782538646613,-136.351916481892,314.312932393036));
#4950=CARTESIAN_POINT('Ctrl Pts',(199.811283073663,-136.209202624885,314.383073256721));
#4951=CARTESIAN_POINT('Ctrl Pts',(199.846700141188,-136.076160245829,314.462621292806));
#4952=CARTESIAN_POINT('',(200.731549179736,-134.899999068677,316.450024772739));
#4953=CARTESIAN_POINT('Origin',(200.731549179736,-137.499999068677,316.450024772739));
#4954=CARTESIAN_POINT('',(208.050211214138,-134.899999068677,313.21926215319));
#4955=CARTESIAN_POINT('',(198.239383163607,-134.899999068677,317.550170778768));
#4956=CARTESIAN_POINT('',(207.3248455629,-139.391979682647,311.590064225983));
#4957=CARTESIAN_POINT('Origin',(208.050211214138,-137.499999068677,313.21926215319));
#4958=CARTESIAN_POINT('',(207.3248455629,-135.608018454708,311.590064225983));
#4959=CARTESIAN_POINT('Ctrl Pts',(207.3248455629,-135.608018454708,311.590064225983));
#4960=CARTESIAN_POINT('Ctrl Pts',(207.318760534087,-135.62212017165,311.576397027498));
#4961=CARTESIAN_POINT('Ctrl Pts',(207.312703892682,-135.636348942062,311.562958673333));
#4962=CARTESIAN_POINT('Ctrl Pts',(207.209477499274,-135.882266683959,311.336518859572));
#4963=CARTESIAN_POINT('Ctrl Pts',(207.109584062229,-136.17575590629,311.159110936079));
#4964=CARTESIAN_POINT('Ctrl Pts',(206.969585037674,-136.819835113122,310.926801785631));
#4965=CARTESIAN_POINT('Ctrl Pts',(206.931236696283,-137.170538679458,310.871160403229));
#4966=CARTESIAN_POINT('Ctrl Pts',(206.931236696283,-137.499999068677,310.871160403229));
#4967=CARTESIAN_POINT('Ctrl Pts',(206.931236696283,-137.829459457897,310.871160403229));
#4968=CARTESIAN_POINT('Ctrl Pts',(206.969585037674,-138.180163024233,310.926801785631));
#4969=CARTESIAN_POINT('Ctrl Pts',(207.109584062229,-138.824242231064,311.159110936079));
#4970=CARTESIAN_POINT('Ctrl Pts',(207.209477499274,-139.117731453395,311.336518859572));
#4971=CARTESIAN_POINT('Ctrl Pts',(207.312703892667,-139.363649195256,311.562958673299));
#4972=CARTESIAN_POINT('Ctrl Pts',(207.318760534073,-139.377877965671,311.576397027466));
#4973=CARTESIAN_POINT('Ctrl Pts',(207.3248455629,-139.391979682647,311.590064225983));
#4974=CARTESIAN_POINT('Origin',(208.050211214138,-137.499999068677,313.21926215319));
#4975=CARTESIAN_POINT('Origin',(200.731549179736,-137.499999068677,316.450024772739));
#4976=CARTESIAN_POINT('Origin',(198.239383163607,12.5000009313226,317.550170778768));
#4977=CARTESIAN_POINT('',(199.846700141188,11.0761621084737,314.462621292806));
#4978=CARTESIAN_POINT('',(199.846700141188,13.9238397541715,314.462621292806));
#4979=CARTESIAN_POINT('Ctrl Pts',(199.846700141188,11.0761621084736,314.462621292806));
#4980=CARTESIAN_POINT('Ctrl Pts',(199.811283073663,11.2092044875304,314.383073256721));
#4981=CARTESIAN_POINT('Ctrl Pts',(199.782538646613,11.3519183445366,314.312932393036));
#4982=CARTESIAN_POINT('Ctrl Pts',(199.710989978385,11.8217950232107,314.130593843907));
#4983=CARTESIAN_POINT('Ctrl Pts',(199.690541547643,12.1716782835671,314.067505188085));
#4984=CARTESIAN_POINT('Ctrl Pts',(199.690541547643,12.5000009313226,314.067505188085));
#4985=CARTESIAN_POINT('Ctrl Pts',(199.690541547643,12.8283235790781,314.067505188085));
#4986=CARTESIAN_POINT('Ctrl Pts',(199.710989978385,13.1782068394344,314.130593843907));
#4987=CARTESIAN_POINT('Ctrl Pts',(199.782538646613,13.6480835181085,314.312932393036));
#4988=CARTESIAN_POINT('Ctrl Pts',(199.811283073663,13.7907973751147,314.383073256722));
#4989=CARTESIAN_POINT('Ctrl Pts',(199.846700141188,13.9238397541715,314.462621292806));
#4990=CARTESIAN_POINT('',(200.731549179736,15.1000009313226,316.450024772739));
#4991=CARTESIAN_POINT('Origin',(200.731549179736,12.5000009313226,316.450024772739));
#4992=CARTESIAN_POINT('',(208.050211214138,15.1000009313226,313.21926215319));
#4993=CARTESIAN_POINT('',(198.239383163607,15.1000009313226,317.550170778768));
#4994=CARTESIAN_POINT('',(207.3248455629,10.6080203173528,311.590064225983));
#4995=CARTESIAN_POINT('Origin',(208.050211214138,12.5000009313226,313.21926215319));
#4996=CARTESIAN_POINT('',(207.3248455629,14.3919815452923,311.590064225983));
#4997=CARTESIAN_POINT('Ctrl Pts',(207.3248455629,14.3919815452923,311.590064225983));
#4998=CARTESIAN_POINT('Ctrl Pts',(207.318760534087,14.3778798283501,311.576397027498));
#4999=CARTESIAN_POINT('Ctrl Pts',(207.312703892682,14.3636510579381,311.562958673333));
#5000=CARTESIAN_POINT('Ctrl Pts',(207.209477499274,14.1177333160406,311.336518859572));
#5001=CARTESIAN_POINT('Ctrl Pts',(207.109584062229,13.8242440937095,311.159110936079));
#5002=CARTESIAN_POINT('Ctrl Pts',(206.969585037674,13.180164886878,310.92680178563));
#5003=CARTESIAN_POINT('Ctrl Pts',(206.931236696283,12.829461320542,310.871160403229));
#5004=CARTESIAN_POINT('Ctrl Pts',(206.931236696283,12.5000009313226,310.871160403229));
#5005=CARTESIAN_POINT('Ctrl Pts',(206.931236696283,12.1705405421032,310.871160403229));
#5006=CARTESIAN_POINT('Ctrl Pts',(206.969585037674,11.8198369757671,310.92680178563));
#5007=CARTESIAN_POINT('Ctrl Pts',(207.109584062229,11.1757577689356,311.159110936079));
#5008=CARTESIAN_POINT('Ctrl Pts',(207.209477499274,10.8822685466046,311.336518859572));
#5009=CARTESIAN_POINT('Ctrl Pts',(207.312703892667,10.6363508047437,311.562958673299));
#5010=CARTESIAN_POINT('Ctrl Pts',(207.318760534073,10.6221220343287,311.576397027466));
#5011=CARTESIAN_POINT('Ctrl Pts',(207.3248455629,10.6080203173528,311.590064225983));
#5012=CARTESIAN_POINT('Origin',(208.050211214138,12.5000009313226,313.21926215319));
#5013=CARTESIAN_POINT('Origin',(200.731549179736,12.5000009313226,316.450024772739));
#5014=CARTESIAN_POINT('Origin',(198.239383163607,-12.4999990686774,317.550170778768));
#5015=CARTESIAN_POINT('',(199.846700141188,-13.9238378915264,314.462621292806));
#5016=CARTESIAN_POINT('',(199.846700141188,-11.0761602458285,314.462621292806));
#5017=CARTESIAN_POINT('Ctrl Pts',(199.846700141188,-13.9238378915264,314.462621292806));
#5018=CARTESIAN_POINT('Ctrl Pts',(199.811283073663,-13.7907955124696,314.383073256721));
#5019=CARTESIAN_POINT('Ctrl Pts',(199.782538646613,-13.6480816554634,314.312932393036));
#5020=CARTESIAN_POINT('Ctrl Pts',(199.710989978385,-13.1782049767892,314.130593843907));
#5021=CARTESIAN_POINT('Ctrl Pts',(199.690541547643,-12.8283217164329,314.067505188085));
#5022=CARTESIAN_POINT('Ctrl Pts',(199.690541547643,-12.4999990686774,314.067505188085));
#5023=CARTESIAN_POINT('Ctrl Pts',(199.690541547643,-12.1716764209219,314.067505188085));
#5024=CARTESIAN_POINT('Ctrl Pts',(199.710989978385,-11.8217931605656,314.130593843907));
#5025=CARTESIAN_POINT('Ctrl Pts',(199.782538646613,-11.3519164818915,314.312932393036));
#5026=CARTESIAN_POINT('Ctrl Pts',(199.811283073663,-11.2092026248853,314.383073256721));
#5027=CARTESIAN_POINT('Ctrl Pts',(199.846700141188,-11.0761602458284,314.462621292806));
#5028=CARTESIAN_POINT('',(200.731549179736,-9.89999906867741,316.450024772739));
#5029=CARTESIAN_POINT('Origin',(200.731549179736,-12.4999990686774,316.450024772739));
#5030=CARTESIAN_POINT('',(208.050211214138,-9.89999906867741,313.21926215319));
#5031=CARTESIAN_POINT('',(198.239383163607,-9.89999906867741,317.550170778768));
#5032=CARTESIAN_POINT('',(207.3248455629,-14.3919796826472,311.590064225983));
#5033=CARTESIAN_POINT('Origin',(208.050211214138,-12.4999990686774,313.21926215319));
#5034=CARTESIAN_POINT('',(207.3248455629,-10.6080184547076,311.590064225983));
#5035=CARTESIAN_POINT('Ctrl Pts',(207.3248455629,-10.6080184547076,311.590064225983));
#5036=CARTESIAN_POINT('Ctrl Pts',(207.318760534087,-10.6221201716499,311.576397027498));
#5037=CARTESIAN_POINT('Ctrl Pts',(207.312703892682,-10.6363489420619,311.562958673332));
#5038=CARTESIAN_POINT('Ctrl Pts',(207.209477499274,-10.8822666839594,311.336518859572));
#5039=CARTESIAN_POINT('Ctrl Pts',(207.109584062229,-11.1757559062905,311.159110936079));
#5040=CARTESIAN_POINT('Ctrl Pts',(206.969585037674,-11.819835113122,310.92680178563));
#5041=CARTESIAN_POINT('Ctrl Pts',(206.931236696283,-12.170538679458,310.871160403229));
#5042=CARTESIAN_POINT('Ctrl Pts',(206.931236696283,-12.4999990686774,310.871160403229));
#5043=CARTESIAN_POINT('Ctrl Pts',(206.931236696283,-12.8294594578968,310.871160403229));
#5044=CARTESIAN_POINT('Ctrl Pts',(206.969585037674,-13.1801630242329,310.92680178563));
#5045=CARTESIAN_POINT('Ctrl Pts',(207.109584062229,-13.8242422310644,311.159110936079));
#5046=CARTESIAN_POINT('Ctrl Pts',(207.209477499274,-14.1177314533954,311.336518859572));
#5047=CARTESIAN_POINT('Ctrl Pts',(207.312703892667,-14.3636491952563,311.562958673299));
#5048=CARTESIAN_POINT('Ctrl Pts',(207.318760534073,-14.3778779656713,311.576397027466));
#5049=CARTESIAN_POINT('Ctrl Pts',(207.3248455629,-14.3919796826472,311.590064225983));
#5050=CARTESIAN_POINT('Origin',(208.050211214138,-12.4999990686774,313.21926215319));
#5051=CARTESIAN_POINT('Origin',(200.731549179736,-12.4999990686774,316.450024772739));
#5052=CARTESIAN_POINT('Origin',(198.239383163607,-162.499999068677,317.550170778768));
#5053=CARTESIAN_POINT('',(199.846700141188,-163.923837891526,314.462621292806));
#5054=CARTESIAN_POINT('',(199.846700141188,-161.076160245829,314.462621292806));
#5055=CARTESIAN_POINT('Ctrl Pts',(199.846700141188,-163.923837891526,314.462621292806));
#5056=CARTESIAN_POINT('Ctrl Pts',(199.811283073663,-163.790795512469,314.383073256722));
#5057=CARTESIAN_POINT('Ctrl Pts',(199.782538646613,-163.648081655463,314.312932393036));
#5058=CARTESIAN_POINT('Ctrl Pts',(199.710989978385,-163.178204976789,314.130593843907));
#5059=CARTESIAN_POINT('Ctrl Pts',(199.690541547643,-162.828321716433,314.067505188085));
#5060=CARTESIAN_POINT('Ctrl Pts',(199.690541547643,-162.499999068677,314.067505188085));
#5061=CARTESIAN_POINT('Ctrl Pts',(199.690541547643,-162.171676420922,314.067505188085));
#5062=CARTESIAN_POINT('Ctrl Pts',(199.710989978385,-161.821793160566,314.130593843907));
#5063=CARTESIAN_POINT('Ctrl Pts',(199.782538646613,-161.351916481891,314.312932393036));
#5064=CARTESIAN_POINT('Ctrl Pts',(199.811283073663,-161.209202624885,314.383073256721));
#5065=CARTESIAN_POINT('Ctrl Pts',(199.846700141188,-161.076160245829,314.462621292806));
#5066=CARTESIAN_POINT('',(200.731549179736,-159.899999068677,316.450024772739));
#5067=CARTESIAN_POINT('Origin',(200.731549179736,-162.499999068677,316.450024772739));
#5068=CARTESIAN_POINT('',(208.050211214138,-159.899999068677,313.21926215319));
#5069=CARTESIAN_POINT('',(198.239383163607,-159.899999068677,317.550170778768));
#5070=CARTESIAN_POINT('',(207.3248455629,-164.391979682647,311.590064225983));
#5071=CARTESIAN_POINT('Origin',(208.050211214138,-162.499999068677,313.21926215319));
#5072=CARTESIAN_POINT('',(207.3248455629,-160.608018454708,311.590064225983));
#5073=CARTESIAN_POINT('Ctrl Pts',(207.3248455629,-160.608018454708,311.590064225983));
#5074=CARTESIAN_POINT('Ctrl Pts',(207.318760534087,-160.62212017165,311.576397027498));
#5075=CARTESIAN_POINT('Ctrl Pts',(207.312703892682,-160.636348942062,311.562958673333));
#5076=CARTESIAN_POINT('Ctrl Pts',(207.209477499274,-160.882266683959,311.336518859572));
#5077=CARTESIAN_POINT('Ctrl Pts',(207.10958406223,-161.17575590629,311.159110936079));
#5078=CARTESIAN_POINT('Ctrl Pts',(206.969585037674,-161.819835113122,310.926801785631));
#5079=CARTESIAN_POINT('Ctrl Pts',(206.931236696283,-162.170538679458,310.871160403229));
#5080=CARTESIAN_POINT('Ctrl Pts',(206.931236696283,-162.499999068677,310.871160403229));
#5081=CARTESIAN_POINT('Ctrl Pts',(206.931236696283,-162.829459457897,310.871160403229));
#5082=CARTESIAN_POINT('Ctrl Pts',(206.969585037674,-163.180163024233,310.926801785631));
#5083=CARTESIAN_POINT('Ctrl Pts',(207.10958406223,-163.824242231064,311.159110936079));
#5084=CARTESIAN_POINT('Ctrl Pts',(207.209477499274,-164.117731453395,311.336518859572));
#5085=CARTESIAN_POINT('Ctrl Pts',(207.312703892667,-164.363649195256,311.562958673299));
#5086=CARTESIAN_POINT('Ctrl Pts',(207.318760534073,-164.377877965671,311.576397027466));
#5087=CARTESIAN_POINT('Ctrl Pts',(207.3248455629,-164.391979682647,311.590064225983));
#5088=CARTESIAN_POINT('Origin',(208.050211214138,-162.499999068677,313.21926215319));
#5089=CARTESIAN_POINT('Origin',(200.731549179736,-162.499999068677,316.450024772739));
#5090=CARTESIAN_POINT('Origin',(254.925928716993,-74.9999994039536,438.17259415234));
#5091=CARTESIAN_POINT('',(199.846700141188,-152.499999701977,314.462621292806));
#5092=CARTESIAN_POINT('',(199.846700141188,-230.,314.462621292806));
#5093=CARTESIAN_POINT('',(199.846700141188,-152.499999701977,314.462621292806));
#5094=CARTESIAN_POINT('',(311.869058747605,-230.,566.068958222304));
#5095=CARTESIAN_POINT('',(197.982798686381,-230.,310.276230082376));
#5096=CARTESIAN_POINT('',(311.869058747605,-80.0000011920929,566.068958222304));
#5097=CARTESIAN_POINT('',(311.869058747605,-230.,566.068958222304));
#5098=CARTESIAN_POINT('',(244.757512124926,-80.0000011920929,415.33395655418));
#5099=CARTESIAN_POINT('',(309.83537598679,-80.0000011920929,561.501231955058));
#5100=CARTESIAN_POINT('',(244.757512124926,80.0000011920929,415.33395655418));
#5101=CARTESIAN_POINT('',(244.757512124926,75.0000011175871,415.33395655418));
#5102=CARTESIAN_POINT('',(199.846700141188,80.0000000475031,314.462621292806));
#5103=CARTESIAN_POINT('',(244.757512124926,80.0000011920929,415.33395655418));
#5104=CARTESIAN_POINT('',(199.846700141188,-152.499999701977,314.462621292806));
#5105=CARTESIAN_POINT('',(199.846700141188,-152.499999701977,314.462621292806));
#5106=CARTESIAN_POINT('',(199.846700141188,-152.499999701977,314.462621292806));
#5107=CARTESIAN_POINT('Origin',(262.234292378134,-74.9999994039536,434.918701007734));
#5108=CARTESIAN_POINT('',(207.3248455629,-152.499999701977,311.590064225983));
#5109=CARTESIAN_POINT('',(207.3248455629,-152.499999701977,311.590064225983));
#5110=CARTESIAN_POINT('',(207.3248455629,75.0000000518301,311.590064225983));
#5111=CARTESIAN_POINT('',(207.3248455629,-152.499999701977,311.590064225983));
#5112=CARTESIAN_POINT('',(250.032192570688,75.0000011402628,407.51233612136));
#5113=CARTESIAN_POINT('',(233.76272705715,75.0000007256218,370.970518286189));
#5114=CARTESIAN_POINT('',(250.032192570688,-85.0000011920929,407.51233612136));
#5115=CARTESIAN_POINT('',(250.032192570688,2.50000089406967,407.51233612136));
#5116=CARTESIAN_POINT('',(317.143739193368,-85.0000011920929,558.247337789485));
#5117=CARTESIAN_POINT('',(257.1500840821,-85.0000011920929,423.499382208653));
#5118=CARTESIAN_POINT('',(317.143739193368,-225.,558.247337789485));
#5119=CARTESIAN_POINT('',(317.143739193368,-77.5000002980232,558.247337789485));
#5120=CARTESIAN_POINT('',(207.3248455629,-225.,311.590064225983));
#5121=CARTESIAN_POINT('',(290.70585739344,-225.,498.866883042716));
#5122=CARTESIAN_POINT('',(207.3248455629,-152.499999701977,311.590064225983));
#5123=CARTESIAN_POINT('',(207.3248455629,-152.499999701977,311.590064225983));
#5124=CARTESIAN_POINT('Origin',(204.414427429401,-152.499999701977,312.428938077427));
#5125=CARTESIAN_POINT('',(200.723435059308,80.,309.056020153149));
#5126=CARTESIAN_POINT('Origin',(204.414427429401,80.0000000475031,312.428938077427));
#5127=CARTESIAN_POINT('',(200.723435059308,-230.,309.056020153149));
#5128=CARTESIAN_POINT('',(200.723435059308,-152.499999701977,309.056020153149));
#5129=CARTESIAN_POINT('Origin',(204.414427429401,-230.,312.428938077427));
#5130=CARTESIAN_POINT('Origin',(197.982798686381,80.,310.276230082376));
#5131=CARTESIAN_POINT('',(247.498148497854,80.0000011920929,414.113746624952));
#5132=CARTESIAN_POINT('',(244.757512124926,80.0000011920929,415.33395655418));
#5133=CARTESIAN_POINT('',(229.194999747856,80.0000007256218,373.004201454218));
#5134=CARTESIAN_POINT('Origin',(286.138130105227,-225.,500.900566258095));
#5135=CARTESIAN_POINT('',(314.609695120534,-230.,564.848748293076));
#5136=CARTESIAN_POINT('Origin',(312.576011905155,-225.,560.281021004864));
#5137=CARTESIAN_POINT('',(286.138130105227,-230.,500.900566258095));
#5138=CARTESIAN_POINT('Origin',(202.757118274687,-225.,313.623747441362));
#5139=CARTESIAN_POINT('Origin',(312.576011905155,-77.5000002980232,560.281021004864));
#5140=CARTESIAN_POINT('',(314.609695120534,-80.0000011920929,564.848748293076));
#5141=CARTESIAN_POINT('Origin',(312.576011905155,-85.0000011920929,560.281021004864));
#5142=CARTESIAN_POINT('',(314.609695120534,-77.5000002980232,564.848748293076));
#5143=CARTESIAN_POINT('Origin',(252.582356793887,-85.0000011920929,425.533065424032));
#5144=CARTESIAN_POINT('',(247.498148497854,-80.0000011920929,414.113746624952));
#5145=CARTESIAN_POINT('Origin',(245.464465282475,-85.0000011920929,409.546019336739));
#5146=CARTESIAN_POINT('',(252.582356793887,-80.0000011920929,425.533065424032));
#5147=CARTESIAN_POINT('Origin',(245.464465282475,2.50000089406967,409.546019336739));
#5148=CARTESIAN_POINT('Origin',(245.464465282475,75.0000011402628,409.546019336739));
#5149=CARTESIAN_POINT('',(247.498148497854,2.50000089406967,414.113746624952));
#5150=CARTESIAN_POINT('Origin',(229.194999768937,75.0000007256218,373.004201501568));
#5151=CARTESIAN_POINT('Origin',(202.757118274687,75.0000000518301,313.623747441362));
#5152=CARTESIAN_POINT('Origin',(202.757118274687,-152.499999701977,313.623747441362));
#5153=CARTESIAN_POINT('Origin',(311.869058747605,-230.,566.068958222304));
#5154=CARTESIAN_POINT('',(311.869058747605,-230.,566.068958222304));
#5155=CARTESIAN_POINT('Origin',(311.869058747605,-80.0000011920929,566.068958222304));
#5156=CARTESIAN_POINT('',(311.869058747605,-80.0000011920929,566.068958222304));
#5157=CARTESIAN_POINT('Origin',(244.757512124924,-80.0000011920929,415.333956554181));
#5158=CARTESIAN_POINT('',(244.757512124926,-80.0000011920929,415.33395655418));
#5159=CARTESIAN_POINT('Origin',(244.757512124926,80.0000011920929,415.33395655418));
#5160=CARTESIAN_POINT('Origin',(193.53157043457,-190.,15.));
#5161=CARTESIAN_POINT('',(193.53157043457,-190.,5.));
#5162=CARTESIAN_POINT('',(193.53157043457,-190.,15.));
#5163=CARTESIAN_POINT('',(193.53157043457,-190.,7.5));
#5164=CARTESIAN_POINT('',(203.53157043457,-190.,5.));
#5165=CARTESIAN_POINT('',(193.53157043457,-190.,5.));
#5166=CARTESIAN_POINT('',(203.53157043457,-190.,15.));
#5167=CARTESIAN_POINT('',(203.53157043457,-190.,5.));
#5168=CARTESIAN_POINT('',(193.53157043457,-190.,15.));
#5169=CARTESIAN_POINT('Origin',(193.53157043457,-180.,15.));
#5170=CARTESIAN_POINT('',(193.53157043457,-180.,15.));
#5171=CARTESIAN_POINT('',(193.53157043457,-201.664066314697,15.));
#5172=CARTESIAN_POINT('',(203.53157043457,-180.,15.));
#5173=CARTESIAN_POINT('',(203.53157043457,-190.,15.));
#5174=CARTESIAN_POINT('',(193.53157043457,-180.,15.));
#5175=CARTESIAN_POINT('Origin',(193.53157043457,-180.,5.));
#5176=CARTESIAN_POINT('',(193.53157043457,-180.,5.));
#5177=CARTESIAN_POINT('',(193.53157043457,-180.,2.5));
#5178=CARTESIAN_POINT('',(203.53157043457,-180.,5.));
#5179=CARTESIAN_POINT('',(203.53157043457,-180.,15.));
#5180=CARTESIAN_POINT('',(193.53157043457,-180.,5.));
#5181=CARTESIAN_POINT('Origin',(193.53157043457,-190.,5.));
#5182=CARTESIAN_POINT('',(193.53157043457,-206.664066314697,5.));
#5183=CARTESIAN_POINT('',(203.53157043457,-180.,5.));
#5184=CARTESIAN_POINT('Origin',(203.53157043457,-185.,10.));
#5185=CARTESIAN_POINT('Origin',(193.53157043457,-163.328132629395,0.));
#5186=CARTESIAN_POINT('',(53.5315704345703,-163.328132629395,0.));
#5187=CARTESIAN_POINT('',(193.53157043457,-163.328132629395,0.));
#5188=CARTESIAN_POINT('',(53.5315704345703,-163.328132629395,0.));
#5189=CARTESIAN_POINT('',(53.5315704345703,-163.328132629395,50.));
#5190=CARTESIAN_POINT('',(53.5315704345703,-163.328132629395,0.));
#5191=CARTESIAN_POINT('',(193.53157043457,-163.328132629395,50.));
#5192=CARTESIAN_POINT('',(53.5315704345703,-163.328132629395,50.));
#5193=CARTESIAN_POINT('',(193.53157043457,-163.328132629395,0.));
#5194=CARTESIAN_POINT('Origin',(193.53157043457,-223.328132629395,0.));
#5195=CARTESIAN_POINT('',(193.53157043457,-223.328132629395,0.));
#5196=CARTESIAN_POINT('',(193.53157043457,-163.328132629395,0.));
#5197=CARTESIAN_POINT('',(193.53157043457,-223.328132629395,50.));
#5198=CARTESIAN_POINT('',(193.53157043457,-163.328132629395,50.));
#5199=CARTESIAN_POINT('',(193.53157043457,-223.328132629395,0.));
#5200=CARTESIAN_POINT('Origin',(53.5315704345703,-223.328132629395,0.));
#5201=CARTESIAN_POINT('',(53.5315704345703,-223.328132629395,0.));
#5202=CARTESIAN_POINT('',(193.53157043457,-223.328132629395,0.));
#5203=CARTESIAN_POINT('',(53.5315704345703,-223.328132629395,50.));
#5204=CARTESIAN_POINT('',(193.53157043457,-223.328132629395,50.));
#5205=CARTESIAN_POINT('',(53.5315704345703,-223.328132629395,0.));
#5206=CARTESIAN_POINT('Origin',(53.5315704345703,-163.328132629395,0.));
#5207=CARTESIAN_POINT('',(53.5315704345703,-223.328132629395,0.));
#5208=CARTESIAN_POINT('',(53.5315704345703,-223.328132629395,50.));
#5209=CARTESIAN_POINT('Origin',(123.53157043457,-193.328132629395,50.));
#5210=CARTESIAN_POINT('Origin',(123.53157043457,-193.328132629395,0.));
#5211=CARTESIAN_POINT('Origin',(-42.9625731186976,-208.,273.801091787629));
#5212=CARTESIAN_POINT('',(-42.9625731186976,-208.,273.801091787629));
#5213=CARTESIAN_POINT('',(-38.373320348904,-208.,272.428130439335));
#5214=CARTESIAN_POINT('',(-42.9625731186976,-208.,273.801091787629));
#5215=CARTESIAN_POINT('',(-38.373320348904,-100.,272.428130439335));
#5216=CARTESIAN_POINT('',(-38.373320348904,-208.,272.428130439335));
#5217=CARTESIAN_POINT('',(-42.9625731186976,-100.,273.801091787629));
#5218=CARTESIAN_POINT('',(-42.9625731186976,-100.,273.801091787629));
#5219=CARTESIAN_POINT('',(-42.9625731186976,-208.,273.801091787629));
#5220=CARTESIAN_POINT('Origin',(-61.5353706975551,-208.,211.719764562007));
#5221=CARTESIAN_POINT('',(-61.5353706975551,-208.,211.719764562007));
#5222=CARTESIAN_POINT('',(-61.4812865593488,-208.,211.900545893815));
#5223=CARTESIAN_POINT('',(-61.5353706975551,-100.,211.719764562007));
#5224=CARTESIAN_POINT('',(-61.4812865593488,-100.,211.900545893815));
#5225=CARTESIAN_POINT('',(-61.5353706975551,-208.,211.719764562007));
#5226=CARTESIAN_POINT('Origin',(-56.9461179277615,-208.,210.346803213713));
#5227=CARTESIAN_POINT('',(-56.9461179277615,-208.,210.346803213713));
#5228=CARTESIAN_POINT('',(-61.5353706975551,-208.,211.719764562007));
#5229=CARTESIAN_POINT('',(-56.9461179277615,-100.,210.346803213713));
#5230=CARTESIAN_POINT('',(-61.5353706975551,-100.,211.719764562007));
#5231=CARTESIAN_POINT('',(-56.9461179277615,-208.,210.346803213713));
#5232=CARTESIAN_POINT('Origin',(-38.373320348904,-208.,272.428130439335));
#5233=CARTESIAN_POINT('',(-56.686660174452,-208.,211.214065219667));
#5234=CARTESIAN_POINT('',(-56.686660174452,-100.,211.214065219667));
#5235=CARTESIAN_POINT('Origin',(-42.9625731186976,-100.,273.801091787629));
#5236=CARTESIAN_POINT('Origin',(-42.9625731186976,-208.,273.801091787629));
#5237=CARTESIAN_POINT('',(14.,-23.,260.));
#5238=UNCERTAINTY_MEASURE_WITH_UNIT(LENGTH_MEASURE(0.01),#5244,
'DISTANCE_ACCURACY_VALUE',
'Maximum model space distance between geometric entities at asserted c
onnectivities');
#5239=UNCERTAINTY_MEASURE_WITH_UNIT(LENGTH_MEASURE(0.01),#5244,
'DISTANCE_ACCURACY_VALUE',
'Maximum model space distance between geometric entities at asserted c
onnectivities');
#5240=UNCERTAINTY_MEASURE_WITH_UNIT(LENGTH_MEASURE(0.01),#5244,
'DISTANCE_ACCURACY_VALUE',
'Maximum model space distance between geometric entities at asserted c
onnectivities');
#5241=(
GEOMETRIC_REPRESENTATION_CONTEXT(3)
GLOBAL_UNCERTAINTY_ASSIGNED_CONTEXT((#5238))
GLOBAL_UNIT_ASSIGNED_CONTEXT((#5244,#5246,#5247))
REPRESENTATION_CONTEXT('','3D')
);
#5242=(
GEOMETRIC_REPRESENTATION_CONTEXT(3)
GLOBAL_UNCERTAINTY_ASSIGNED_CONTEXT((#5239))
GLOBAL_UNIT_ASSIGNED_CONTEXT((#5244,#5246,#5247))
REPRESENTATION_CONTEXT('','3D')
);
#5243=(
GEOMETRIC_REPRESENTATION_CONTEXT(3)
GLOBAL_UNCERTAINTY_ASSIGNED_CONTEXT((#5240))
GLOBAL_UNIT_ASSIGNED_CONTEXT((#5244,#5246,#5247))
REPRESENTATION_CONTEXT('','3D')
);
#5244=(
LENGTH_UNIT()
NAMED_UNIT(*)
SI_UNIT(.MILLI.,.METRE.)
);
#5245=(
LENGTH_UNIT()
NAMED_UNIT(*)
SI_UNIT($,.METRE.)
);
#5246=(
NAMED_UNIT(*)
PLANE_ANGLE_UNIT()
SI_UNIT($,.RADIAN.)
);
#5247=(
NAMED_UNIT(*)
SI_UNIT($,.STERADIAN.)
SOLID_ANGLE_UNIT()
);
#5248=SHAPE_DEFINITION_REPRESENTATION(#5250,#5253);
#5249=SHAPE_DEFINITION_REPRESENTATION(#5251,#5254);
#5250=PRODUCT_DEFINITION_SHAPE('',$,#5256);
#5251=PRODUCT_DEFINITION_SHAPE('',$,#5257);
#5252=PRODUCT_DEFINITION_SHAPE($,$,#14);
#5253=SHAPE_REPRESENTATION('',(#3085,#3386),#5241);
#5254=SHAPE_REPRESENTATION('',(#3086),#5242);
#5255=PRODUCT_DEFINITION_CONTEXT('part definition',#5263,'design');
#5256=PRODUCT_DEFINITION('2026-08-03-13-14-12-933','igem',#5258,#5255);
#5257=PRODUCT_DEFINITION('2026-08-03-15-19-51-482','\X2\7535673A\X0\',#5259,
#5255);
#5258=PRODUCT_DEFINITION_FORMATION('',$,#5265);
#5259=PRODUCT_DEFINITION_FORMATION('',$,#5266);
#5260=PRODUCT_RELATED_PRODUCT_CATEGORY('igem','igem',(#5265));
#5261=PRODUCT_RELATED_PRODUCT_CATEGORY('\X2\7535673A\X0\','\X2\7535673A\X0\',
(#5266));
#5262=APPLICATION_PROTOCOL_DEFINITION('international standard',
'automotive_design',2009,#5263);
#5263=APPLICATION_CONTEXT(
'Core Data for Automotive Mechanical Design Process');
#5264=PRODUCT_CONTEXT('part definition',#5263,'mechanical');
#5265=PRODUCT('2026-08-03-13-14-12-933','igem',$,(#5264));
#5266=PRODUCT('2026-08-03-15-19-51-482','\X2\7535673A\X0\',$,(#5264));
#5267=PRESENTATION_STYLE_ASSIGNMENT((#5270));
#5268=PRESENTATION_STYLE_ASSIGNMENT((#5271));
#5269=PRESENTATION_STYLE_ASSIGNMENT((#5272));
#5270=SURFACE_STYLE_USAGE(.BOTH.,#5273);
#5271=SURFACE_STYLE_USAGE(.BOTH.,#5274);
#5272=SURFACE_STYLE_USAGE(.BOTH.,#5275);
#5273=SURFACE_SIDE_STYLE('',(#5276));
#5274=SURFACE_SIDE_STYLE('',(#5277));
#5275=SURFACE_SIDE_STYLE('',(#5278));
#5276=SURFACE_STYLE_FILL_AREA(#5279);
#5277=SURFACE_STYLE_FILL_AREA(#5280);
#5278=SURFACE_STYLE_FILL_AREA(#5281);
#5279=FILL_AREA_STYLE('\X2\94A2\X0\ - \X2\7F0E5149\X0\',(#5282));
#5280=FILL_AREA_STYLE('\X2\73BB7483\X0\ - \X2\7A97\X0\',(#5283));
#5281=FILL_AREA_STYLE('\X2\4E097EF480E168436728\X0\ - \X2\5DF24E0A6F06\X0\',
(#5284));
#5282=FILL_AREA_STYLE_COLOUR('\X2\94A2\X0\ - \X2\7F0E5149\X0\',#5285);
#5283=FILL_AREA_STYLE_COLOUR('\X2\73BB7483\X0\ - \X2\7A97\X0\',#5286);
#5284=FILL_AREA_STYLE_COLOUR('\X2\4E097EF480E168436728\X0\ - \X2\5DF24E0A6F06\X0\',
#5287);
#5285=COLOUR_RGB('\X2\94A2\X0\ - \X2\7F0E5149\X0\',0.627450980392157,0.627450980392157,
0.627450980392157);
#5286=COLOUR_RGB('\X2\73BB7483\X0\ - \X2\7A97\X0\',0.423529411764706,0.768627450980392,
0.854901960784314);
#5287=COLOUR_RGB('\X2\4E097EF480E168436728\X0\ - \X2\5DF24E0A6F06\X0\',
0.125490196078431,0.650980392156863,0.141176470588235);
ENDSEC;
END-ISO-10303-21;
