ISO-10303-21;
HEADER;
/* Generated by software containing ST-Developer
 * from STEP Tools, Inc. (www.steptools.com) 
 */

FILE_DESCRIPTION(
/* description */ ('STEP AP214'),
/* implementation_level */ '2;1');

FILE_NAME(
/* name */ '',
/* time_stamp */ '2026-08-04T15:26:33+08:00',
/* author */ (''),
/* organization */ (''),
/* preprocessor_version */ 'ST-DEVELOPER v20.1',
/* originating_system */ 'Autodesk Translation Framework v15.8.0.0',
/* authorisation */ '');

FILE_SCHEMA (('AUTOMOTIVE_DESIGN { 1 0 10303 214 3 1 1 }'));
ENDSEC;

DATA;
#10=MECHANICAL_DESIGN_GEOMETRIC_PRESENTATION_REPRESENTATION('',(#41,#42,
#43),#8110);
#11=SHAPE_REPRESENTATION_RELATIONSHIP('SRR','None',#8117,#12);
#12=ADVANCED_BREP_SHAPE_REPRESENTATION('',(#44,#45,#46),#8109);
#13=(
BOUNDED_CURVE()
B_SPLINE_CURVE(2,(#7767,#7768,#7769),.UNSPECIFIED.,.F.,.F.)
B_SPLINE_CURVE_WITH_KNOTS((3,3),(0.0429346332147071,0.101813103699129),
 .UNSPECIFIED.)
CURVE()
GEOMETRIC_REPRESENTATION_ITEM()
RATIONAL_B_SPLINE_CURVE((1.12499999999999,1.20845238775584,1.28571428571422))
REPRESENTATION_ITEM('')
);
#14=(
BOUNDED_CURVE()
B_SPLINE_CURVE(2,(#7796,#7797,#7798),.UNSPECIFIED.,.F.,.F.)
B_SPLINE_CURVE_WITH_KNOTS((3,3),(-0.101813103699089,-0.0429346332146902),
 .UNSPECIFIED.)
CURVE()
GEOMETRIC_REPRESENTATION_ITEM()
RATIONAL_B_SPLINE_CURVE((1.28571428571426,1.20845238775586,1.125))
REPRESENTATION_ITEM('')
);
#15=(
BOUNDED_CURVE()
B_SPLINE_CURVE(2,(#7810,#7811,#7812),.UNSPECIFIED.,.F.,.F.)
B_SPLINE_CURVE_WITH_KNOTS((3,3),(0.042934633214706,0.101813103699105),
 .UNSPECIFIED.)
CURVE()
GEOMETRIC_REPRESENTATION_ITEM()
RATIONAL_B_SPLINE_CURVE((1.12499999999999,1.20845238775582,1.28571428571418))
REPRESENTATION_ITEM('')
);
#16=(
BOUNDED_CURVE()
B_SPLINE_CURVE(2,(#7839,#7840,#7841),.UNSPECIFIED.,.F.,.F.)
B_SPLINE_CURVE_WITH_KNOTS((3,3),(-0.101813103699098,-0.0429346332146988),
 .UNSPECIFIED.)
CURVE()
GEOMETRIC_REPRESENTATION_ITEM()
RATIONAL_B_SPLINE_CURVE((1.28571428571422,1.20845238775584,1.125))
REPRESENTATION_ITEM('')
);
#17=(
BOUNDED_CURVE()
B_SPLINE_CURVE(2,(#7853,#7854,#7855),.UNSPECIFIED.,.F.,.F.)
B_SPLINE_CURVE_WITH_KNOTS((3,3),(0.0429346332146997,0.101813103699108),
 .UNSPECIFIED.)
CURVE()
GEOMETRIC_REPRESENTATION_ITEM()
RATIONAL_B_SPLINE_CURVE((1.12500000000001,1.20845238775587,1.28571428571426))
REPRESENTATION_ITEM('')
);
#18=(
BOUNDED_CURVE()
B_SPLINE_CURVE(2,(#7882,#7883,#7884),.UNSPECIFIED.,.F.,.F.)
B_SPLINE_CURVE_WITH_KNOTS((3,3),(-0.101813103699116,-0.0429346332146972),
 .UNSPECIFIED.)
CURVE()
GEOMETRIC_REPRESENTATION_ITEM()
RATIONAL_B_SPLINE_CURVE((1.2857142857143,1.20845238775589,1.12500000000001))
REPRESENTATION_ITEM('')
);
#19=(
BOUNDED_CURVE()
B_SPLINE_CURVE(2,(#7896,#7897,#7898),.UNSPECIFIED.,.F.,.F.)
B_SPLINE_CURVE_WITH_KNOTS((3,3),(0.0429346332147008,0.101813103699124),
 .UNSPECIFIED.)
CURVE()
GEOMETRIC_REPRESENTATION_ITEM()
RATIONAL_B_SPLINE_CURVE((1.125,1.20845238775587,1.28571428571427))
REPRESENTATION_ITEM('')
);
#20=(
BOUNDED_CURVE()
B_SPLINE_CURVE(2,(#7925,#7926,#7927),.UNSPECIFIED.,.F.,.F.)
B_SPLINE_CURVE_WITH_KNOTS((3,3),(-0.101813103699099,-0.0429346332146886),
 .UNSPECIFIED.)
CURVE()
GEOMETRIC_REPRESENTATION_ITEM()
RATIONAL_B_SPLINE_CURVE((1.28571428571431,1.20845238775589,1.12500000000001))
REPRESENTATION_ITEM('')
);
#21=TOROIDAL_SURFACE('',#4141,95.5,20.);
#22=TOROIDAL_SURFACE('',#4164,40.,10.);
#23=TOROIDAL_SURFACE('',#4168,113.829355962624,10.);
#24=TOROIDAL_SURFACE('',#4173,40.,10.);
#25=TOROIDAL_SURFACE('',#4199,95.5,5.);
#26=TOROIDAL_SURFACE('',#4231,13.,3.);
#27=TOROIDAL_SURFACE('',#4238,13.,3.);
#28=TOROIDAL_SURFACE('',#4245,13.,3.);
#29=TOROIDAL_SURFACE('',#4252,13.,3.);
#30=(
BOUNDED_SURFACE()
B_SPLINE_SURFACE(3,2,((#6377,#6378,#6379),(#6380,#6381,#6382),(#6383,#6384,
#6385),(#6386,#6387,#6388),(#6389,#6390,#6391),(#6392,#6393,#6394),(#6395,
#6396,#6397),(#6398,#6399,#6400),(#6401,#6402,#6403),(#6404,#6405,#6406),
(#6407,#6408,#6409),(#6410,#6411,#6412),(#6413,#6414,#6415),(#6416,#6417,
#6418),(#6419,#6420,#6421),(#6422,#6423,#6424),(#6425,#6426,#6427),(#6428,
#6429,#6430),(#6431,#6432,#6433),(#6434,#6435,#6436),(#6437,#6438,#6439),
(#6440,#6441,#6442)),.UNSPECIFIED.,.F.,.F.,.F.)
B_SPLINE_SURFACE_WITH_KNOTS((4,2,2,2,2,2,2,2,2,2,4),(3,3),(6.28318530717959,
6.36606185518476,6.44893840318993,6.5318149511951,6.61469149920027,6.78044459521061,
6.94619769122095,7.1119507872313,7.27770388324164,7.44345697925198,7.60921007526232),
(0.,1.),.UNSPECIFIED.)
GEOMETRIC_REPRESENTATION_ITEM()
RATIONAL_B_SPLINE_SURFACE(((1.,0.707106781186548,1.),(1.,0.707105582875579,
1.),(1.,0.707919449363068,1.),(1.,0.711131508898285,1.),(1.,0.713530610858562,
1.),(1.,0.719803544324115,1.),(1.,0.7236768741671,1.),(1.,0.732725119934214,
1.),(1.,0.737899440188676,1.),(1.,0.75504875233551,1.),(1.,0.768653362302193,
1.),(1.,0.798220396165209,1.),(1.,0.814171200466575,1.),(1.,0.846450761618217,
1.),(1.,0.862774713966853,1.),(1.,0.894104884903481,1.),(1.,0.909110086933619,
1.),(1.,0.93646666302966,1.),(1.,0.948818421775606,1.),(1.,0.96989302959578,
1.),(1.,0.978621704822046,1.),(1.,0.985209087869268,1.)))
REPRESENTATION_ITEM('')
SURFACE()
);
#31=(
BOUNDED_SURFACE()
B_SPLINE_SURFACE(3,2,((#6939,#6940,#6941),(#6942,#6943,#6944),(#6945,#6946,
#6947),(#6948,#6949,#6950),(#6951,#6952,#6953),(#6954,#6955,#6956),(#6957,
#6958,#6959),(#6960,#6961,#6962),(#6963,#6964,#6965),(#6966,#6967,#6968),
(#6969,#6970,#6971),(#6972,#6973,#6974),(#6975,#6976,#6977),(#6978,#6979,
#6980),(#6981,#6982,#6983),(#6984,#6985,#6986),(#6987,#6988,#6989),(#6990,
#6991,#6992),(#6993,#6994,#6995),(#6996,#6997,#6998),(#6999,#7000,#7001),
(#7002,#7003,#7004),(#7005,#7006,#7007),(#7008,#7009,#7010),(#7011,#7012,
#7013),(#7014,#7015,#7016),(#7017,#7018,#7019),(#7020,#7021,#7022),(#7023,
#7024,#7025),(#7026,#7027,#7028),(#7029,#7030,#7031),(#7032,#7033,#7034)),
 .UNSPECIFIED.,.F.,.F.,.F.)
B_SPLINE_SURFACE_WITH_KNOTS((4,2,2,2,2,2,2,2,2,2,2,2,2,2,2,4),(3,3),(-2.51324679108378E-6,
0.0105111319853524,0.0131389149816905,0.0157666979780286,0.0210222639707048,
0.026277829963381,0.0289056129597191,0.0315333959560572,0.0420445279414096,
0.0473000939340859,0.049927876930424,0.0525556599267621,0.0630667919121145,
0.0683223579047907,0.0735779238974669,0.0840890558828193),(0.,1.00000251324679),
 .UNSPECIFIED.)
GEOMETRIC_REPRESENTATION_ITEM()
RATIONAL_B_SPLINE_SURFACE(((1.,0.93085543096784,1.00000034755473),(1.,0.930848333965216,
1.00000034759041),(1.,0.928294852421321,1.00000036042546),(1.,0.922316753026966,
1.00000039047434),(1.,0.920981372735105,1.00000039718662),(1.,0.918036726104806,
1.00000041198787),(1.,0.916429510715183,1.00000042006653),(1.,0.911285080360657,
1.00000044592497),(1.,0.907406544262449,1.00000046542041),(1.,0.898864831827691,
1.00000050835527),(1.,0.89420108256069,1.00000053179758),(1.,0.886677327925276,
1.00000056961568),(1.,0.884077656857387,1.00000058268291),(1.,0.878762030766394,
1.00000060940187),(1.,0.876040566220076,1.0000006230813),(1.,0.862144972148817,
1.00000069292741),(1.,0.85010827608773,1.00000075342979),(1.,0.831182867823552,
1.00000084855823),(1.,0.824728811085005,1.00000088099951),(1.,0.814898729081029,
1.00000093041035),(1.,0.811607221378245,1.00000094695509),(1.,0.805049425988008,
1.00000097991781),(1.,0.80177707813656,1.00000099636624),(1.,0.785486022738628,
1.00000107825313),(1.,0.772665519867163,1.00000114269531),(1.,0.754622987979089,
1.00000123338598),(1.,0.748807555401021,1.00000126261721),(1.,0.737775385800308,
1.00000131807034),(1.,0.732656040171277,1.0000013438027),(1.,0.718711031006756,
1.0000014138972),(1.,0.711297928883349,1.00000145115911),(1.,0.706386003302033,
1.00000147584887)))
REPRESENTATION_ITEM('')
SURFACE()
);
#32=(
BOUNDED_SURFACE()
B_SPLINE_SURFACE(3,2,((#7056,#7057,#7058),(#7059,#7060,#7061),(#7062,#7063,
#7064),(#7065,#7066,#7067),(#7068,#7069,#7070),(#7071,#7072,#7073),(#7074,
#7075,#7076),(#7077,#7078,#7079),(#7080,#7081,#7082),(#7083,#7084,#7085),
(#7086,#7087,#7088),(#7089,#7090,#7091),(#7092,#7093,#7094),(#7095,#7096,
#7097),(#7098,#7099,#7100),(#7101,#7102,#7103),(#7104,#7105,#7106),(#7107,
#7108,#7109),(#7110,#7111,#7112),(#7113,#7114,#7115),(#7116,#7117,#7118),
(#7119,#7120,#7121),(#7122,#7123,#7124),(#7125,#7126,#7127),(#7128,#7129,
#7130),(#7131,#7132,#7133),(#7134,#7135,#7136),(#7137,#7138,#7139),(#7140,
#7141,#7142),(#7143,#7144,#7145),(#7146,#7147,#7148),(#7149,#7150,#7151)),
 .UNSPECIFIED.,.F.,.F.,.F.)
B_SPLINE_SURFACE_WITH_KNOTS((4,2,2,2,2,2,2,2,2,2,2,2,2,2,2,4),(3,3),(-2.51324679005713E-6,
0.0105111319853524,0.0131389149816905,0.0157666979780286,0.0210222639707048,
0.026277829963381,0.0289056129597191,0.0315333959560572,0.0420445279414096,
0.0473000939340859,0.049927876930424,0.0525556599267621,0.0630667919121145,
0.0683223579047907,0.0735779238974669,0.0840890558828193),(-2.51324679005346E-6,
1.),.UNSPECIFIED.)
GEOMETRIC_REPRESENTATION_ITEM()
RATIONAL_B_SPLINE_SURFACE(((1.00000034755473,0.93085543096784,1.),(1.00000034759041,
0.930848333965216,1.),(1.00000036042546,0.928294852421321,1.),(1.00000039047434,
0.922316753026966,1.),(1.00000039718662,0.920981372735105,1.),(1.00000041198787,
0.918036726104806,1.),(1.00000042006653,0.916429510715183,1.),(1.00000044592497,
0.911285080360657,1.),(1.00000046542041,0.907406544262449,1.),(1.00000050835527,
0.898864831827691,1.),(1.00000053179758,0.89420108256069,1.),(1.00000056961568,
0.886677327925276,1.),(1.00000058268291,0.884077656857387,1.),(1.00000060940187,
0.878762030766394,1.),(1.0000006230813,0.876040566220076,1.),(1.00000069292741,
0.862144972148817,1.),(1.00000075342979,0.85010827608773,1.),(1.00000084855823,
0.831182867823552,1.),(1.00000088099951,0.824728811085005,1.),(1.00000093041035,
0.814898729081029,1.),(1.00000094695509,0.811607221378245,1.),(1.00000097991781,
0.805049425988008,1.),(1.00000099636624,0.80177707813656,1.),(1.00000107825313,
0.785486022738628,1.),(1.00000114269531,0.772665519867163,1.),(1.00000123338598,
0.754622987979089,1.),(1.00000126261721,0.748807555401021,1.),(1.00000131807034,
0.737775385800308,1.),(1.0000013438027,0.732656040171277,1.),(1.0000014138972,
0.718711031006757,1.),(1.00000145115911,0.711297928883349,1.),(1.00000147584887,
0.706386003302033,1.)))
REPRESENTATION_ITEM('')
SURFACE()
);
#33=(
BOUNDED_SURFACE()
B_SPLINE_SURFACE(3,2,((#7503,#7504,#7505),(#7506,#7507,#7508),(#7509,#7510,
#7511),(#7512,#7513,#7514),(#7515,#7516,#7517),(#7518,#7519,#7520),(#7521,
#7522,#7523),(#7524,#7525,#7526),(#7527,#7528,#7529),(#7530,#7531,#7532),
(#7533,#7534,#7535),(#7536,#7537,#7538),(#7539,#7540,#7541),(#7542,#7543,
#7544),(#7545,#7546,#7547),(#7548,#7549,#7550),(#7551,#7552,#7553),(#7554,
#7555,#7556),(#7557,#7558,#7559),(#7560,#7561,#7562),(#7563,#7564,#7565),
(#7566,#7567,#7568),(#7569,#7570,#7571),(#7572,#7573,#7574),(#7575,#7576,
#7577),(#7578,#7579,#7580),(#7581,#7582,#7583),(#7584,#7585,#7586),(#7587,
#7588,#7589),(#7590,#7591,#7592)),.UNSPECIFIED.,.F.,.F.,.F.)
B_SPLINE_SURFACE_WITH_KNOTS((4,2,2,2,2,2,2,2,2,2,2,2,2,2,4),(3,3),(-3.80178505195402E-5,
0.00856102877268069,0.012841543159021,0.0149818003521912,0.0171220575453614,
0.0256830863180421,0.0278233435112123,0.0299636007043824,0.0342441150907228,
0.0428051438634035,0.0470856582497438,0.049225915442914,0.0513661726360842,
0.0599272014087649,0.0684882301814456),(-3.80178505195354E-5,1.00002328026953),
 .UNSPECIFIED.)
GEOMETRIC_REPRESENTATION_ITEM()
RATIONAL_B_SPLINE_SURFACE(((1.00000525764663,0.930851311076143,1.00000321947783),
(1.0000052567867,0.930862620904944,1.00000321895126),(1.00000538614075,
0.9291613535823,1.00000329816017),(1.00000575342438,0.924330830787235,1.00000352306337),
(1.00000590427596,0.922346827318529,1.00000361543613),(1.0000061720565,
0.91882497153038,1.0000037794094),(1.00000626844416,0.917557278854848,1.00000383843161),
(1.00000647241148,0.914874696008569,1.00000396332936),(1.00000658020598,
0.913456980266568,1.00000402933646),(1.00000714652258,0.906008771381208,
1.0000043761159),(1.00000768641004,0.898908159153245,1.00000470671166),
(1.00000845056036,0.888858036611217,1.00000517463299),(1.00000860815616,
0.886785333091254,1.00000527113552),(1.00000893072532,0.882542896052782,
1.00000546865816),(1.00000909535527,0.880377679171263,1.000005569468),(1.00000959850274,
0.873760272152749,1.00000587756632),(1.00000994626596,0.869186482355926,
1.00000609051634),(1.00001102096962,0.855051955225106,1.00000674860253),
(1.00001177938054,0.845077317467793,1.00000721300938),(1.0000129590858,
0.829561806822968,1.00000793539246),(1.0000133593373,0.824297689934629,
1.00000818048326),(1.0000139673698,0.816300832592762,1.00000855280709),
(1.00001417125508,0.81361932872366,1.00000867765461),(1.0000145777578,0.808272995575704,
1.0000089265733),(1.00001478077704,0.805602881932415,1.00000905089051),
(1.00001579318367,0.792287686750085,1.0000096708296),(1.00001659490026,
0.78174349180701,1.00001016175434),(1.00001813728868,0.76145796391272,1.00001110622355),
(1.00001887796362,0.751716590222226,1.00001155976991),(1.00001955932925,
0.742755253865187,1.0000119769987)))
REPRESENTATION_ITEM('')
SURFACE()
);
#34=(
BOUNDED_SURFACE()
B_SPLINE_SURFACE(3,2,((#7605,#7606,#7607),(#7608,#7609,#7610),(#7611,#7612,
#7613),(#7614,#7615,#7616),(#7617,#7618,#7619),(#7620,#7621,#7622),(#7623,
#7624,#7625),(#7626,#7627,#7628),(#7629,#7630,#7631),(#7632,#7633,#7634),
(#7635,#7636,#7637),(#7638,#7639,#7640),(#7641,#7642,#7643),(#7644,#7645,
#7646),(#7647,#7648,#7649),(#7650,#7651,#7652),(#7653,#7654,#7655),(#7656,
#7657,#7658),(#7659,#7660,#7661),(#7662,#7663,#7664),(#7665,#7666,#7667),
(#7668,#7669,#7670),(#7671,#7672,#7673),(#7674,#7675,#7676),(#7677,#7678,
#7679),(#7680,#7681,#7682),(#7683,#7684,#7685),(#7686,#7687,#7688),(#7689,
#7690,#7691),(#7692,#7693,#7694)),.UNSPECIFIED.,.F.,.F.,.F.)
B_SPLINE_SURFACE_WITH_KNOTS((4,2,2,2,2,2,2,2,2,2,2,2,2,2,4),(3,3),(-2.32802688887447E-5,
0.00856102877267719,0.0128415431590158,0.0149818003521851,0.0171220575453544,
0.0256830863180316,0.0278233435112009,0.0299636007043702,0.0342441150907088,
0.042805143863386,0.0470856582497246,0.0492259154428939,0.0513661726360632,
0.0599272014087404,0.0684882301814175),(-2.32802688887447E-5,1.),
 .UNSPECIFIED.)
GEOMETRIC_REPRESENTATION_ITEM()
RATIONAL_B_SPLINE_SURFACE(((1.00000321947574,0.930853982980559,1.),(1.00000321922289,
0.930859413590888,1.),(1.00000329841743,0.929158519506166,1.),(1.00000352306327,
0.924333707524053,1.),(1.00000361543603,0.922349779481707,1.),(1.00000377940929,
0.918828057585096,1.),(1.0000038384315,0.917560413103766,1.),(1.00000396332925,
0.91487793224202,1.),(1.00000402933635,0.913460270397774,1.),(1.00000437611578,
0.90601234467294,1.),(1.00000470671153,0.898912002391026,1.),(1.00000517463285,
0.888862261927634,1.),(1.00000527113537,0.886789637206247,1.),(1.00000546865801,
0.882547361453659,1.),(1.00000556946784,0.880382226888181,1.),(1.00000587756616,
0.873765071444598,1.),(1.00000609051618,0.869191455531357,1.),(1.00000674860234,
0.855057465757448,1.),(1.00000721300918,0.84508320720869,1.),(1.00000793539224,
0.829568286421314,1.),(1.00000818048303,0.824304369660682,1.),(1.00000855280686,
0.816307816337429,1.),(1.00000867765437,0.813626414411881,1.),(1.00000892657306,
0.808280284517109,1.),(1.00000905089026,0.805610272384308,1.),(1.00000967082933,
0.792295583409432,1.),(1.00001016175406,0.781751789326185,1.),(1.00001110622324,
0.761467032636832,1.),(1.00001155976959,0.751726029283368,1.),(1.00001197699837,
0.742765033613605,1.)))
REPRESENTATION_ITEM('')
SURFACE()
);
#35=CONICAL_SURFACE('',#4057,67.25,0.785398163397518);
#36=CONICAL_SURFACE('',#4061,75.3,0.785398163397462);
#37=CONICAL_SURFACE('',#4270,5.,0.785398163397442);
#38=CONICAL_SURFACE('',#4271,5.,0.785398163397438);
#39=CONICAL_SURFACE('',#4272,5.,0.785398163397458);
#40=CONICAL_SURFACE('',#4273,5.,0.785398163397485);
#41=STYLED_ITEM('',(#8127),#44);
#42=STYLED_ITEM('',(#8127),#45);
#43=STYLED_ITEM('',(#8128),#46);
#44=MANIFOLD_SOLID_BREP('\X2\5B9E4F53\X0\1',#3926);
#45=MANIFOLD_SOLID_BREP('\X2\5B9E4F53\X0\1 (1)',#3927);
#46=MANIFOLD_SOLID_BREP('\X2\5B9E4F53\X0\1 (2)',#3928);
#47=ELLIPSE('',#3981,21.3419770056727,19.9999999999994);
#48=ELLIPSE('',#3990,57.3055236711107,19.9999999999996);
#49=ELLIPSE('',#4005,14.3263809175157,4.99999999983183);
#50=ELLIPSE('',#4007,5.33549425141405,4.99999999999633);
#51=ELLIPSE('',#4089,21.3419770056706,19.9999999999976);
#52=ELLIPSE('',#4090,28.6527618356153,10.0000000000349);
#53=ELLIPSE('',#4103,5.33549425141841,5.00000000000016);
#54=ELLIPSE('',#4106,7.07106781186113,4.99999999999728);
#55=B_SPLINE_CURVE_WITH_KNOTS('',3,(#5557,#5558,#5559,#5560,#5561,#5562,
#5563,#5564,#5565,#5566),.UNSPECIFIED.,.F.,.F.,(4,2,2,2,4),(-1.21963504615497,
-1.14390970356342,-1.06818436097187,-0.99245901838032,-0.916733675788772),
 .UNSPECIFIED.);
#56=B_SPLINE_CURVE_WITH_KNOTS('',3,(#5576,#5577,#5578,#5579,#5580,#5581,
#5582,#5583,#5584,#5585),.UNSPECIFIED.,.F.,.F.,(4,2,2,2,4),(-1.21327204036646,
-1.13787170982004,-1.06247137927361,-0.985707047076803,-0.908942714879992),
 .UNSPECIFIED.);
#57=B_SPLINE_CURVE_WITH_KNOTS('',3,(#5621,#5622,#5623,#5624,#5625,#5626),
 .UNSPECIFIED.,.F.,.F.,(4,2,4),(14.4880089309426,15.2488771360556,16.5122458212568),
 .UNSPECIFIED.);
#58=B_SPLINE_CURVE_WITH_KNOTS('',3,(#5704,#5705,#5706,#5707,#5708,#5709,
#5710,#5711),.UNSPECIFIED.,.F.,.F.,(4,2,2,4),(4.55949975451206,4.86576100412537,
5.33658432340334,5.80740764268132),.UNSPECIFIED.);
#59=B_SPLINE_CURVE_WITH_KNOTS('',3,(#5858,#5859,#5860,#5861,#5862,#5863),
 .UNSPECIFIED.,.F.,.F.,(4,2,4),(9.99988494042345E-7,0.196705705770696,0.393460153981192),
 .UNSPECIFIED.);
#60=B_SPLINE_CURVE_WITH_KNOTS('',3,(#5867,#5868,#5869,#5870,#5871,#5872),
 .UNSPECIFIED.,.F.,.F.,(4,2,4),(5.49169938547006E-6,0.196693694719025,0.393332172058133),
 .UNSPECIFIED.);
#61=B_SPLINE_CURVE_WITH_KNOTS('',3,(#5928,#5929,#5930,#5931,#5932,#5933,
#5934,#5935,#5936,#5937,#5938,#5939,#5940,#5941,#5942,#5943,#5944,#5945,
#5946,#5947,#5948,#5949,#5950,#5951,#5952,#5953,#5954,#5955,#5956,#5957,
#5958,#5959,#5960,#5961,#5962,#5963,#5964,#5965,#5966,#5967,#5968,#5969,
#5970,#5971,#5972,#5973,#5974,#5975,#5976,#5977,#5978,#5979,#5980,#5981,
#5982,#5983,#5984,#5985,#5986,#5987,#5988,#5989,#5990,#5991,#5992,#5993,
#5994,#5995,#5996,#5997,#5998,#5999,#6000,#6001,#6002,#6003,#6004,#6005,
#6006,#6007,#6008,#6009,#6010,#6011,#6012,#6013,#6014,#6015,#6016,#6017,
#6018,#6019,#6020,#6021),.UNSPECIFIED.,.F.,.F.,(4,3,3,3,3,3,3,3,3,3,3,3,
3,3,3,3,3,3,3,3,3,3,3,3,3,3,3,3,3,3,3,4),(0.,0.0505738787237296,0.0879134054964615,
0.138366158568366,0.173618571116318,0.224071082089267,0.25757242605291,
0.308129325678226,0.3401563680555,0.390716400885011,0.44157759838405,0.492798762949978,
0.502491150213746,0.553719343884191,0.605196711905813,0.65688916861441,
0.662876362143153,0.714821559813294,0.769064965416789,0.823308371020284,
0.875641176700541,0.927807937875297,0.979611556982923,0.985789487402434,
1.03792304012529,1.08970676466855,1.14096449105673,1.15259325104268,1.20414876881693,
1.25534221717403,1.30607617850252,1.31811606501054),.UNSPECIFIED.);
#62=B_SPLINE_CURVE_WITH_KNOTS('',3,(#6062,#6063,#6064,#6065,#6066,#6067,
#6068,#6069),.UNSPECIFIED.,.F.,.F.,(4,2,2,4),(-10.2546275979076,-9.43707911352603,
-8.6195306291445,-8.41484708190909),.UNSPECIFIED.);
#63=B_SPLINE_CURVE_WITH_KNOTS('',3,(#6130,#6131,#6132,#6133,#6134,#6135,
#6136,#6137,#6138,#6139),.UNSPECIFIED.,.F.,.F.,(4,2,2,2,4),(-1.77563587658839,
-1.59799109548384,-1.28754531705382,-0.724277641707979,-3.36625792173333E-6),
 .UNSPECIFIED.);
#64=B_SPLINE_CURVE_WITH_KNOTS('',3,(#6143,#6144,#6145,#6146,#6147,#6148,
#6149,#6150,#6151,#6152),.UNSPECIFIED.,.F.,.F.,(4,2,2,2,4),(-0.706871965377582,
-0.419200780072482,-0.193998592873145,-0.0705243416960301,0.),
 .UNSPECIFIED.);
#65=B_SPLINE_CURVE_WITH_KNOTS('',3,(#6222,#6223,#6224,#6225,#6226,#6227),
 .UNSPECIFIED.,.F.,.F.,(4,2,4),(1.76841186176219E-6,0.0250069686967093,
0.050012137930376),.UNSPECIFIED.);
#66=B_SPLINE_CURVE_WITH_KNOTS('',3,(#6282,#6283,#6284,#6285,#6286,#6287,
#6288,#6289,#6290,#6291,#6292,#6293,#6294,#6295,#6296,#6297,#6298,#6299,
#6300,#6301,#6302,#6303,#6304,#6305,#6306,#6307,#6308,#6309,#6310,#6311,
#6312,#6313,#6314,#6315,#6316,#6317,#6318,#6319,#6320,#6321,#6322,#6323,
#6324,#6325,#6326,#6327,#6328,#6329,#6330,#6331,#6332,#6333,#6334,#6335,
#6336,#6337,#6338,#6339,#6340,#6341,#6342,#6343,#6344,#6345,#6346,#6347,
#6348,#6349,#6350,#6351,#6352,#6353,#6354,#6355,#6356,#6357,#6358,#6359,
#6360,#6361,#6362,#6363,#6364,#6365,#6366,#6367,#6368,#6369,#6370,#6371,
#6372,#6373,#6374,#6375),.UNSPECIFIED.,.F.,.F.,(4,3,3,3,3,3,3,3,3,3,3,3,
3,3,3,3,3,3,3,3,3,3,3,3,3,3,3,3,3,3,3,4),(0.,0.0505738787022925,0.0879134054964756,
0.138366158568071,0.173618571116341,0.224071082089475,0.257572426052939,
0.308129325673215,0.340156368055532,0.390716400883307,0.441577598380685,
0.492798762945405,0.502491150213778,0.553719343883783,0.605196711905708,
0.656889168614866,0.662876362143179,0.7148215598133,0.7690649654168,0.8233083710203,
0.87564117670025,0.927807937873881,0.979611556980133,0.985789487402445,
1.03792304012273,1.0897067646638,1.140964491048,1.15259325104267,1.20414876881652,
1.25534221717306,1.30607617850085,1.31811606501054),.UNSPECIFIED.);
#67=B_SPLINE_CURVE_WITH_KNOTS('',3,(#6444,#6445,#6446,#6447,#6448,#6449),
 .UNSPECIFIED.,.F.,.F.,(4,2,4),(0.,0.0250051195203791,0.0500102700891966),
 .UNSPECIFIED.);
#68=B_SPLINE_CURVE_WITH_KNOTS('',3,(#6450,#6451,#6452,#6453,#6454,#6455,
#6456,#6457,#6458,#6459),.UNSPECIFIED.,.F.,.F.,(4,2,2,2,4),(-0.315195235053304,
-0.235795233230904,-0.157669775344923,-0.0795443797189524,-1.82397995985678E-6),
 .UNSPECIFIED.);
#69=B_SPLINE_CURVE_WITH_KNOTS('',3,(#6463,#6464,#6465,#6466,#6467,#6468,
#6469,#6470,#6471,#6472),.UNSPECIFIED.,.F.,.F.,(4,2,2,2,4),(-0.304329325486468,
-0.227564993289657,-0.150800661092846,-0.0754003305464229,0.),
 .UNSPECIFIED.);
#70=B_SPLINE_CURVE_WITH_KNOTS('',3,(#6483,#6484,#6485,#6486),
 .UNSPECIFIED.,.F.,.F.,(4,4),(8.71705151280682,8.82946106134697),
 .UNSPECIFIED.);
#71=B_SPLINE_CURVE_WITH_KNOTS('',3,(#6488,#6489,#6490,#6491,#6492,#6493),
 .UNSPECIFIED.,.F.,.F.,(4,2,4),(-1.05683750798039,-0.986134671676627,-0.910902056053833),
 .UNSPECIFIED.);
#72=B_SPLINE_CURVE_WITH_KNOTS('',3,(#6506,#6507,#6508,#6509,#6510,#6511),
 .UNSPECIFIED.,.F.,.F.,(4,2,4),(-0.909297634600681,-0.834065018977886,-0.76336218267412),
 .UNSPECIFIED.);
#73=B_SPLINE_CURVE_WITH_KNOTS('',3,(#6543,#6544,#6545,#6546,#6547,#6548,
#6549,#6550,#6551,#6552,#6553,#6554,#6555,#6556,#6557,#6558),
 .UNSPECIFIED.,.F.,.F.,(4,2,2,2,2,2,2,4),(0.,0.00816357568914091,0.0122453635337114,
0.0142862574559966,0.0163271513782818,0.0244907270674227,0.0285725149119932,
0.032654301451299),.UNSPECIFIED.);
#74=B_SPLINE_CURVE_WITH_KNOTS('',3,(#6560,#6561,#6562,#6563,#6564,#6565,
#6566,#6567,#6568,#6569,#6570,#6571,#6572,#6573,#6574,#6575),
 .UNSPECIFIED.,.F.,.F.,(4,2,2,2,2,2,2,4),(-0.000377647797873505,0.00374237608366156,
0.00786240128268869,0.016102451680743,0.0181624642802565,0.0202224768797701,
0.0243425020787972,0.0325825524768514),.UNSPECIFIED.);
#75=B_SPLINE_CURVE_WITH_KNOTS('',3,(#6582,#6583,#6584,#6585,#6586,#6587,
#6588,#6589,#6590,#6591,#6592,#6593,#6594,#6595,#6596,#6597,#6598,#6599,
#6600,#6601,#6602,#6603,#6604,#6605,#6606,#6607,#6608,#6609,#6610,#6611,
#6612,#6613,#6614,#6615,#6616,#6617,#6618,#6619,#6620,#6621,#6622,#6623,
#6624,#6625,#6626,#6627,#6628,#6629,#6630,#6631,#6632,#6633,#6634,#6635,
#6636,#6637,#6638,#6639,#6640,#6641,#6642,#6643,#6644,#6645,#6646,#6647,
#6648,#6649,#6650,#6651,#6652,#6653,#6654,#6655,#6656,#6657,#6658,#6659,
#6660,#6661,#6662,#6663,#6664,#6665,#6666,#6667,#6668,#6669,#6670,#6671,
#6672,#6673,#6674,#6675,#6676,#6677,#6678,#6679,#6680,#6681,#6682,#6683,
#6684,#6685,#6686,#6687,#6688,#6689,#6690,#6691,#6692,#6693,#6694,#6695,
#6696,#6697,#6698,#6699,#6700,#6701,#6702,#6703,#6704,#6705,#6706,#6707,
#6708,#6709,#6710,#6711,#6712,#6713,#6714,#6715,#6716,#6717,#6718,#6719,
#6720,#6721,#6722,#6723,#6724,#6725,#6726,#6727,#6728,#6729,#6730,#6731,
#6732,#6733,#6734,#6735,#6736,#6737,#6738,#6739,#6740,#6741,#6742,#6743,
#6744,#6745,#6746,#6747),.UNSPECIFIED.,.F.,.F.,(4,3,3,3,3,3,3,3,3,3,3,3,
3,3,3,3,3,3,3,3,3,3,3,3,3,3,3,3,3,3,3,3,3,3,3,3,3,3,3,3,3,3,3,3,3,3,3,3,
3,3,3,3,3,3,3,4),(1.04888704028776E-17,0.00146605877610212,0.00295840955752839,
0.00446661153746721,0.00599786714585201,0.00636744191376587,0.00694145030524351,
0.00867681288155438,0.00981813296232204,0.0104121754578653,0.0118744433345446,
0.0133367112112239,0.013882900610487,0.0156326655220625,0.0174062828002798,
0.0192193728646818,0.0205395353364714,0.0208243509157305,0.0223688939006143,
0.0238016441391824,0.0242069332092335,0.0242950760683522,0.0262996873317889,
0.0277658012209739,0.0278907970129479,0.0297315164510422,0.0315420751760164,
0.033299173456335,0.0347072515262174,0.0352244895982098,0.0365562901001128,
0.0370397120473179,0.0381138105654111,0.0381779766788392,0.0388413712392331,
0.0400601170513752,0.0412433988310472,0.0416487018314609,0.042390297751235,
0.0434787417457301,0.0445356986821071,0.0451194269840826,0.0458447491473524,
0.0465838678164232,0.0468547895603935,0.0475280880432607,0.0485901521367044,
0.049180394368505,0.0501467107952058,0.051103794042266,0.0520608772893261,
0.0526043386830244,0.0531426419443998,0.0536754043959657,0.053796239865637,
0.0555316024419479),.UNSPECIFIED.);
#76=B_SPLINE_CURVE_WITH_KNOTS('',3,(#6751,#6752,#6753,#6754,#6755,#6756,
#6757,#6758,#6759,#6760,#6761,#6762,#6763,#6764,#6765,#6766,#6767,#6768,
#6769,#6770,#6771,#6772,#6773,#6774,#6775,#6776,#6777,#6778,#6779,#6780,
#6781,#6782,#6783,#6784,#6785,#6786,#6787,#6788,#6789,#6790,#6791,#6792,
#6793,#6794,#6795,#6796,#6797,#6798,#6799,#6800,#6801,#6802,#6803,#6804,
#6805,#6806,#6807,#6808,#6809,#6810,#6811,#6812,#6813,#6814,#6815,#6816,
#6817,#6818,#6819,#6820,#6821,#6822,#6823,#6824,#6825,#6826,#6827,#6828,
#6829,#6830,#6831,#6832,#6833,#6834,#6835,#6836,#6837,#6838,#6839,#6840,
#6841,#6842,#6843,#6844,#6845,#6846,#6847,#6848,#6849,#6850,#6851,#6852,
#6853,#6854,#6855,#6856,#6857,#6858,#6859,#6860,#6861,#6862,#6863,#6864,
#6865,#6866,#6867,#6868,#6869,#6870,#6871,#6872,#6873,#6874,#6875,#6876,
#6877,#6878,#6879,#6880,#6881,#6882,#6883,#6884,#6885,#6886,#6887,#6888,
#6889,#6890,#6891,#6892,#6893,#6894,#6895,#6896,#6897,#6898,#6899,#6900,
#6901,#6902,#6903,#6904,#6905,#6906,#6907,#6908,#6909,#6910,#6911,#6912,
#6913,#6914,#6915,#6916),.UNSPECIFIED.,.F.,.F.,(4,3,3,3,3,3,3,3,3,3,3,3,
3,3,3,3,3,3,3,3,3,3,3,3,3,3,3,3,3,3,3,3,3,3,3,3,3,3,3,3,3,3,3,3,3,3,3,3,
3,3,3,3,3,3,3,4),(3.46944695195361E-18,0.00143493385956693,0.00289587074156395,
0.0034773482068243,0.00499096451435292,0.00521602231023646,0.00598086799324617,
0.00638461545742134,0.00695469641364862,0.00788374463245615,0.00803201082926924,
0.00869337051706078,0.00943021593011783,0.00971764462470138,0.0104320446204729,
0.0114869157432441,0.0125725994258244,0.0131777625972982,0.0139093928272973,
0.0150949783354787,0.0163154168265375,0.0167324982976441,0.0173867410341216,
0.0184641305362176,0.0185371376777829,0.0198750559365531,0.0203553241887176,
0.0208640892409459,0.0226267970064258,0.0244229097842691,0.0262677821499186,
0.0277010391894412,0.0278187856545945,0.0298267982101194,0.0312961338614189,
0.0313909430761021,0.032825033883298,0.033231995234358,0.0347734820682432,
0.0350643553863756,0.0368786082079977,0.0386673537208698,0.0404176819034315,
0.0417281784818918,0.0422789908579761,0.0437422587733461,0.0452055266887161,
0.0458033388493641,0.0469442007921282,0.0486828748955404,0.0492596881652817,
0.0508541589512585,0.0523615556839842,0.0538530615540731,0.0553228383634211,
0.0556375713091889),.UNSPECIFIED.);
#77=B_SPLINE_CURVE_WITH_KNOTS('',3,(#7035,#7036,#7037,#7038,#7039,#7040,
#7041,#7042,#7043,#7044,#7045,#7046,#7047,#7048,#7049,#7050),
 .UNSPECIFIED.,.F.,.F.,(4,2,2,2,2,2,2,4),(0.00410875317681181,0.0141137339702886,
0.0241187147637655,0.0341236955572423,0.0391261859539807,0.0416274311523499,
0.0428780537515345,0.0441286763507191),.UNSPECIFIED.);
#78=B_SPLINE_CURVE_WITH_KNOTS('',3,(#7152,#7153,#7154,#7155,#7156,#7157,
#7158,#7159,#7160,#7161),.UNSPECIFIED.,.F.,.F.,(4,2,2,2,4),(-3.59407921456276E-5,
0.0100232025502089,0.0200823458925635,0.030141489234918,0.0402006325772726),
 .UNSPECIFIED.);
#79=B_SPLINE_CURVE_WITH_KNOTS('',3,(#7184,#7185,#7186,#7187,#7188,#7189,
#7190,#7191,#7192,#7193,#7194,#7195,#7196,#7197,#7198,#7199,#7200,#7201,
#7202,#7203,#7204,#7205),.UNSPECIFIED.,.F.,.F.,(4,2,2,2,2,2,2,2,2,2,4),
(0.,0.00677782306885604,0.0135556461377121,0.0169445576721401,0.0203334692065681,
0.0271112922754241,0.0338891153442802,0.0406669384131362,0.0440558499475642,
0.0474447614819922,0.0542225845508482),.UNSPECIFIED.);
#80=B_SPLINE_CURVE_WITH_KNOTS('',3,(#7212,#7213,#7214,#7215,#7216,#7217,
#7218,#7219,#7220,#7221,#7222,#7223,#7224,#7225,#7226,#7227,#7228,#7229,
#7230,#7231,#7232,#7233),.UNSPECIFIED.,.F.,.F.,(4,2,2,2,2,2,2,2,2,2,4),
(0.00443050874273242,0.0112631278829329,0.0146794374530332,0.0180957470231334,
0.0249283661633339,0.0317609853035344,0.0385936044437349,0.0420099140138351,
0.0454262235839353,0.0522588427241358,0.0590914618643363),.UNSPECIFIED.);
#81=B_SPLINE_CURVE_WITH_KNOTS('',3,(#7235,#7236,#7237,#7238,#7239,#7240,
#7241,#7242,#7243,#7244,#7245,#7246,#7247,#7248,#7249,#7250,#7251,#7252,
#7253,#7254,#7255,#7256,#7257,#7258,#7259,#7260,#7261,#7262,#7263,#7264,
#7265,#7266,#7267,#7268,#7269,#7270,#7271,#7272,#7273,#7274,#7275,#7276,
#7277,#7278,#7279,#7280,#7281,#7282,#7283,#7284,#7285,#7286,#7287,#7288,
#7289,#7290,#7291,#7292,#7293,#7294,#7295,#7296,#7297,#7298,#7299,#7300,
#7301,#7302,#7303,#7304,#7305,#7306,#7307,#7308,#7309,#7310,#7311,#7312,
#7313,#7314,#7315,#7316,#7317,#7318,#7319,#7320,#7321,#7322,#7323,#7324,
#7325,#7326,#7327,#7328,#7329,#7330,#7331,#7332,#7333,#7334,#7335,#7336,
#7337,#7338,#7339,#7340,#7341,#7342,#7343,#7344,#7345,#7346,#7347,#7348,
#7349,#7350,#7351,#7352,#7353,#7354,#7355,#7356,#7357,#7358,#7359,#7360,
#7361,#7362,#7363,#7364,#7365,#7366,#7367,#7368,#7369,#7370,#7371,#7372,
#7373,#7374,#7375,#7376,#7377,#7378,#7379,#7380,#7381,#7382),
 .UNSPECIFIED.,.F.,.F.,(4,3,3,3,3,3,3,3,3,3,3,3,3,3,3,3,3,3,3,3,3,3,3,3,
3,3,3,3,3,3,3,3,3,3,3,3,3,3,3,3,3,3,3,3,3,3,3,3,3,4),(0.0141275014709264,
0.0157909501557688,0.0174784928992793,0.0191783075150214,0.020894802328494,
0.0219298161239341,0.0237456173715053,0.0255745723606112,0.0274086398285605,
0.0292466069160135,0.0297321516022357,0.0315551483843336,0.0316827354718111,
0.0327229570311655,0.0336333193413865,0.0353930561085227,0.0371618796493849,
0.0375344870805373,0.0392998065181953,0.0410665530282525,0.0428314760178075,
0.0445903579792049,0.0453368225588389,0.0470005941999231,0.0486525159539545,
0.0492379902979897,0.0508102198514445,0.0511885741675652,0.0523166658065076,
0.0531391580371406,0.0547524945757087,0.0563538873513966,0.0579467002767608,
0.059522950726954,0.0609414935154422,0.0624030259488741,0.0628920773850176,
0.0637958741619634,0.0646963698046527,0.064842661254593,0.0665145700680646,
0.0681764066876228,0.0687438289937438,0.0703510981144364,0.0719428228685995,
0.0726449967328946,0.0737490225164071,0.0748505048204856,0.0759500680690813,
0.0765461644720454),.UNSPECIFIED.);
#82=B_SPLINE_CURVE_WITH_KNOTS('',3,(#7384,#7385,#7386,#7387,#7388,#7389,
#7390,#7391,#7392,#7393,#7394,#7395,#7396,#7397,#7398,#7399,#7400,#7401,
#7402,#7403,#7404,#7405,#7406,#7407,#7408,#7409,#7410,#7411,#7412,#7413,
#7414,#7415,#7416,#7417,#7418,#7419,#7420,#7421,#7422,#7423,#7424,#7425,
#7426,#7427,#7428,#7429,#7430,#7431,#7432,#7433,#7434,#7435,#7436,#7437,
#7438,#7439,#7440,#7441,#7442,#7443,#7444,#7445,#7446,#7447,#7448,#7449,
#7450,#7451,#7452,#7453,#7454,#7455,#7456,#7457,#7458,#7459,#7460,#7461,
#7462,#7463,#7464,#7465,#7466,#7467,#7468,#7469,#7470,#7471,#7472,#7473,
#7474,#7475,#7476,#7477,#7478,#7479,#7480,#7481,#7482,#7483,#7484,#7485,
#7486,#7487,#7488,#7489,#7490,#7491,#7492,#7493,#7494,#7495,#7496,#7497,
#7498),.UNSPECIFIED.,.F.,.F.,(4,3,3,3,3,3,3,3,3,3,3,3,3,3,3,3,3,3,3,3,3,
3,3,3,3,3,3,3,3,3,3,3,3,3,3,3,3,3,4),(0.,0.00284028644735371,0.00574314743192896,
0.00771352490247167,0.00777686397979096,0.0110634035593009,0.0115818540436447,
0.0116652959696864,0.0129543837699508,0.0135217419934242,0.0136095119646342,
0.0154672684052005,0.0155537279595819,0.0180668661796403,0.0206764625813142,
0.023286058982988,0.0233305919393729,0.0252481860574475,0.027212381870273,
0.0272190239292683,0.0302518364728134,0.0311074559191638,0.03114551394698,
0.0346096211575207,0.0381245482483684,0.0388843198989547,0.0390227366785327,
0.0427727518888502,0.0429632071961603,0.0447169678837979,0.0449330382222532,
0.0466611838787456,0.0469015624604555,0.050669805159496,0.0544380478585365,
0.0547600791620191,0.0578790525421851,0.0609138739226301,0.0622148923740884),
 .UNSPECIFIED.);
#83=B_SPLINE_CURVE_WITH_KNOTS('',3,(#7772,#7773,#7774,#7775,#7776,#7777,
#7778,#7779,#7780,#7781),.UNSPECIFIED.,.F.,.F.,(4,2,2,2,4),(0.446525357799588,
0.559527794827474,0.672133674581101,0.783724986499669,0.894175093153671),
 .UNSPECIFIED.);
#84=B_SPLINE_CURVE_WITH_KNOTS('',3,(#7785,#7786,#7787,#7788,#7789,#7790,
#7791,#7792,#7793,#7794),.UNSPECIFIED.,.F.,.F.,(4,2,2,2,4),(0.894175093153666,
1.00462519980767,1.11621651172624,1.22882239147986,1.34182482850775),
 .UNSPECIFIED.);
#85=B_SPLINE_CURVE_WITH_KNOTS('',3,(#7815,#7816,#7817,#7818,#7819,#7820,
#7821,#7822,#7823,#7824),.UNSPECIFIED.,.F.,.F.,(4,2,2,2,4),(0.446525357799587,
0.559527794827474,0.6721336745811,0.783724986499668,0.89417509315367),
 .UNSPECIFIED.);
#86=B_SPLINE_CURVE_WITH_KNOTS('',3,(#7828,#7829,#7830,#7831,#7832,#7833,
#7834,#7835,#7836,#7837),.UNSPECIFIED.,.F.,.F.,(4,2,2,2,4),(0.894175093153668,
1.00462519980767,1.11621651172624,1.22882239147986,1.34182482850775),
 .UNSPECIFIED.);
#87=B_SPLINE_CURVE_WITH_KNOTS('',3,(#7858,#7859,#7860,#7861,#7862,#7863,
#7864,#7865,#7866,#7867),.UNSPECIFIED.,.F.,.F.,(4,2,2,2,4),(0.446525357799587,
0.559527794827473,0.672133674581098,0.783724986499666,0.894175093153668),
 .UNSPECIFIED.);
#88=B_SPLINE_CURVE_WITH_KNOTS('',3,(#7871,#7872,#7873,#7874,#7875,#7876,
#7877,#7878,#7879,#7880),.UNSPECIFIED.,.F.,.F.,(4,2,2,2,4),(0.894175093153667,
1.00462519980767,1.11621651172624,1.22882239147986,1.34182482850775),
 .UNSPECIFIED.);
#89=B_SPLINE_CURVE_WITH_KNOTS('',3,(#7901,#7902,#7903,#7904,#7905,#7906,
#7907,#7908,#7909,#7910),.UNSPECIFIED.,.F.,.F.,(4,2,2,2,4),(0.446525357799587,
0.559527794827473,0.672133674581099,0.783724986499667,0.894175093153669),
 .UNSPECIFIED.);
#90=B_SPLINE_CURVE_WITH_KNOTS('',3,(#7914,#7915,#7916,#7917,#7918,#7919,
#7920,#7921,#7922,#7923),.UNSPECIFIED.,.F.,.F.,(4,2,2,2,4),(0.894175093153665,
1.00462519980767,1.11621651172624,1.22882239147986,1.34182482850774),
 .UNSPECIFIED.);
#91=SPHERICAL_SURFACE('',#3974,20.);
#92=SPHERICAL_SURFACE('',#4011,5.);
#93=SPHERICAL_SURFACE('',#4137,20.);
#94=SPHERICAL_SURFACE('',#4145,20.);
#95=SPHERICAL_SURFACE('',#4197,5.);
#96=SPHERICAL_SURFACE('',#4201,5.);
#97=FACE_BOUND('',#472,.T.);
#98=FACE_BOUND('',#473,.T.);
#99=FACE_BOUND('',#479,.T.);
#100=FACE_BOUND('',#490,.T.);
#101=FACE_BOUND('',#493,.T.);
#102=FACE_BOUND('',#494,.T.);
#103=FACE_BOUND('',#522,.T.);
#104=FACE_BOUND('',#525,.T.);
#105=FACE_BOUND('',#526,.T.);
#106=FACE_BOUND('',#527,.T.);
#107=FACE_BOUND('',#544,.T.);
#108=FACE_BOUND('',#545,.T.);
#109=FACE_BOUND('',#556,.T.);
#110=FACE_BOUND('',#557,.T.);
#111=FACE_BOUND('',#618,.T.);
#112=FACE_BOUND('',#644,.T.);
#113=FACE_BOUND('',#645,.T.);
#114=FACE_BOUND('',#646,.T.);
#115=FACE_BOUND('',#647,.T.);
#116=FACE_BOUND('',#672,.T.);
#117=FACE_BOUND('',#673,.T.);
#118=FACE_BOUND('',#674,.T.);
#119=FACE_BOUND('',#701,.T.);
#120=FACE_BOUND('',#702,.T.);
#121=FACE_BOUND('',#703,.T.);
#122=FACE_BOUND('',#704,.T.);
#123=FACE_BOUND('',#705,.T.);
#124=FACE_BOUND('',#706,.T.);
#125=FACE_BOUND('',#707,.T.);
#126=FACE_BOUND('',#708,.T.);
#127=FACE_BOUND('',#710,.T.);
#128=FACE_BOUND('',#711,.T.);
#129=FACE_BOUND('',#712,.T.);
#130=FACE_BOUND('',#713,.T.);
#131=FACE_BOUND('',#714,.T.);
#132=FACE_BOUND('',#715,.T.);
#133=FACE_BOUND('',#716,.T.);
#134=FACE_BOUND('',#717,.T.);
#135=FACE_BOUND('',#718,.T.);
#136=PLANE('',#3969);
#137=PLANE('',#3970);
#138=PLANE('',#3982);
#139=PLANE('',#3983);
#140=PLANE('',#3984);
#141=PLANE('',#3985);
#142=PLANE('',#3991);
#143=PLANE('',#3994);
#144=PLANE('',#3995);
#145=PLANE('',#3996);
#146=PLANE('',#3997);
#147=PLANE('',#3998);
#148=PLANE('',#3999);
#149=PLANE('',#4006);
#150=PLANE('',#4017);
#151=PLANE('',#4020);
#152=PLANE('',#4021);
#153=PLANE('',#4022);
#154=PLANE('',#4023);
#155=PLANE('',#4024);
#156=PLANE('',#4025);
#157=PLANE('',#4026);
#158=PLANE('',#4027);
#159=PLANE('',#4028);
#160=PLANE('',#4029);
#161=PLANE('',#4030);
#162=PLANE('',#4032);
#163=PLANE('',#4033);
#164=PLANE('',#4035);
#165=PLANE('',#4036);
#166=PLANE('',#4039);
#167=PLANE('',#4041);
#168=PLANE('',#4042);
#169=PLANE('',#4043);
#170=PLANE('',#4044);
#171=PLANE('',#4045);
#172=PLANE('',#4046);
#173=PLANE('',#4047);
#174=PLANE('',#4076);
#175=PLANE('',#4079);
#176=PLANE('',#4082);
#177=PLANE('',#4084);
#178=PLANE('',#4086);
#179=PLANE('',#4088);
#180=PLANE('',#4093);
#181=PLANE('',#4094);
#182=PLANE('',#4096);
#183=PLANE('',#4100);
#184=PLANE('',#4102);
#185=PLANE('',#4113);
#186=PLANE('',#4120);
#187=PLANE('',#4122);
#188=PLANE('',#4123);
#189=PLANE('',#4124);
#190=PLANE('',#4125);
#191=PLANE('',#4126);
#192=PLANE('',#4127);
#193=PLANE('',#4128);
#194=PLANE('',#4129);
#195=PLANE('',#4130);
#196=PLANE('',#4131);
#197=PLANE('',#4151);
#198=PLANE('',#4152);
#199=PLANE('',#4180);
#200=PLANE('',#4183);
#201=PLANE('',#4184);
#202=PLANE('',#4185);
#203=PLANE('',#4205);
#204=PLANE('',#4206);
#205=PLANE('',#4210);
#206=PLANE('',#4215);
#207=PLANE('',#4220);
#208=PLANE('',#4225);
#209=PLANE('',#4230);
#210=PLANE('',#4233);
#211=PLANE('',#4237);
#212=PLANE('',#4240);
#213=PLANE('',#4244);
#214=PLANE('',#4247);
#215=PLANE('',#4251);
#216=PLANE('',#4254);
#217=PLANE('',#4255);
#218=PLANE('',#4256);
#219=PLANE('',#4258);
#220=PLANE('',#4259);
#221=PLANE('',#4260);
#222=PLANE('',#4263);
#223=PLANE('',#4264);
#224=PLANE('',#4267);
#225=PLANE('',#4268);
#226=PLANE('',#4269);
#227=PLANE('',#4274);
#228=PLANE('',#4283);
#229=PLANE('',#4284);
#230=PLANE('',#4285);
#231=PLANE('',#4286);
#232=PLANE('',#4287);
#233=PLANE('',#4288);
#234=PLANE('',#4289);
#235=PLANE('',#4290);
#236=PLANE('',#4291);
#237=PLANE('',#4292);
#238=PLANE('',#4317);
#239=PLANE('',#4321);
#240=PLANE('',#4325);
#241=PLANE('',#4329);
#242=PLANE('',#4333);
#243=PLANE('',#4334);
#244=FACE_OUTER_BOUND('',#462,.T.);
#245=FACE_OUTER_BOUND('',#463,.T.);
#246=FACE_OUTER_BOUND('',#464,.T.);
#247=FACE_OUTER_BOUND('',#465,.T.);
#248=FACE_OUTER_BOUND('',#466,.T.);
#249=FACE_OUTER_BOUND('',#467,.T.);
#250=FACE_OUTER_BOUND('',#468,.T.);
#251=FACE_OUTER_BOUND('',#469,.T.);
#252=FACE_OUTER_BOUND('',#470,.T.);
#253=FACE_OUTER_BOUND('',#471,.T.);
#254=FACE_OUTER_BOUND('',#474,.T.);
#255=FACE_OUTER_BOUND('',#475,.T.);
#256=FACE_OUTER_BOUND('',#476,.T.);
#257=FACE_OUTER_BOUND('',#477,.T.);
#258=FACE_OUTER_BOUND('',#478,.T.);
#259=FACE_OUTER_BOUND('',#480,.T.);
#260=FACE_OUTER_BOUND('',#481,.T.);
#261=FACE_OUTER_BOUND('',#482,.T.);
#262=FACE_OUTER_BOUND('',#483,.T.);
#263=FACE_OUTER_BOUND('',#484,.T.);
#264=FACE_OUTER_BOUND('',#485,.T.);
#265=FACE_OUTER_BOUND('',#486,.T.);
#266=FACE_OUTER_BOUND('',#487,.T.);
#267=FACE_OUTER_BOUND('',#488,.T.);
#268=FACE_OUTER_BOUND('',#489,.T.);
#269=FACE_OUTER_BOUND('',#491,.T.);
#270=FACE_OUTER_BOUND('',#492,.T.);
#271=FACE_OUTER_BOUND('',#495,.T.);
#272=FACE_OUTER_BOUND('',#496,.T.);
#273=FACE_OUTER_BOUND('',#497,.T.);
#274=FACE_OUTER_BOUND('',#498,.T.);
#275=FACE_OUTER_BOUND('',#499,.T.);
#276=FACE_OUTER_BOUND('',#500,.T.);
#277=FACE_OUTER_BOUND('',#501,.T.);
#278=FACE_OUTER_BOUND('',#502,.T.);
#279=FACE_OUTER_BOUND('',#503,.T.);
#280=FACE_OUTER_BOUND('',#504,.T.);
#281=FACE_OUTER_BOUND('',#505,.T.);
#282=FACE_OUTER_BOUND('',#506,.T.);
#283=FACE_OUTER_BOUND('',#507,.T.);
#284=FACE_OUTER_BOUND('',#508,.T.);
#285=FACE_OUTER_BOUND('',#509,.T.);
#286=FACE_OUTER_BOUND('',#510,.T.);
#287=FACE_OUTER_BOUND('',#511,.T.);
#288=FACE_OUTER_BOUND('',#512,.T.);
#289=FACE_OUTER_BOUND('',#513,.T.);
#290=FACE_OUTER_BOUND('',#514,.T.);
#291=FACE_OUTER_BOUND('',#515,.T.);
#292=FACE_OUTER_BOUND('',#516,.T.);
#293=FACE_OUTER_BOUND('',#517,.T.);
#294=FACE_OUTER_BOUND('',#518,.T.);
#295=FACE_OUTER_BOUND('',#519,.T.);
#296=FACE_OUTER_BOUND('',#520,.T.);
#297=FACE_OUTER_BOUND('',#521,.T.);
#298=FACE_OUTER_BOUND('',#523,.T.);
#299=FACE_OUTER_BOUND('',#524,.T.);
#300=FACE_OUTER_BOUND('',#528,.T.);
#301=FACE_OUTER_BOUND('',#529,.T.);
#302=FACE_OUTER_BOUND('',#530,.T.);
#303=FACE_OUTER_BOUND('',#531,.T.);
#304=FACE_OUTER_BOUND('',#532,.T.);
#305=FACE_OUTER_BOUND('',#533,.T.);
#306=FACE_OUTER_BOUND('',#534,.T.);
#307=FACE_OUTER_BOUND('',#535,.T.);
#308=FACE_OUTER_BOUND('',#536,.T.);
#309=FACE_OUTER_BOUND('',#537,.T.);
#310=FACE_OUTER_BOUND('',#538,.T.);
#311=FACE_OUTER_BOUND('',#539,.T.);
#312=FACE_OUTER_BOUND('',#540,.T.);
#313=FACE_OUTER_BOUND('',#541,.T.);
#314=FACE_OUTER_BOUND('',#542,.T.);
#315=FACE_OUTER_BOUND('',#543,.T.);
#316=FACE_OUTER_BOUND('',#546,.T.);
#317=FACE_OUTER_BOUND('',#547,.T.);
#318=FACE_OUTER_BOUND('',#548,.T.);
#319=FACE_OUTER_BOUND('',#549,.T.);
#320=FACE_OUTER_BOUND('',#550,.T.);
#321=FACE_OUTER_BOUND('',#551,.T.);
#322=FACE_OUTER_BOUND('',#552,.T.);
#323=FACE_OUTER_BOUND('',#553,.T.);
#324=FACE_OUTER_BOUND('',#554,.T.);
#325=FACE_OUTER_BOUND('',#555,.T.);
#326=FACE_OUTER_BOUND('',#558,.T.);
#327=FACE_OUTER_BOUND('',#559,.T.);
#328=FACE_OUTER_BOUND('',#560,.T.);
#329=FACE_OUTER_BOUND('',#561,.T.);
#330=FACE_OUTER_BOUND('',#562,.T.);
#331=FACE_OUTER_BOUND('',#563,.T.);
#332=FACE_OUTER_BOUND('',#564,.T.);
#333=FACE_OUTER_BOUND('',#565,.T.);
#334=FACE_OUTER_BOUND('',#566,.T.);
#335=FACE_OUTER_BOUND('',#567,.T.);
#336=FACE_OUTER_BOUND('',#568,.T.);
#337=FACE_OUTER_BOUND('',#569,.T.);
#338=FACE_OUTER_BOUND('',#570,.T.);
#339=FACE_OUTER_BOUND('',#571,.T.);
#340=FACE_OUTER_BOUND('',#572,.T.);
#341=FACE_OUTER_BOUND('',#573,.T.);
#342=FACE_OUTER_BOUND('',#574,.T.);
#343=FACE_OUTER_BOUND('',#575,.T.);
#344=FACE_OUTER_BOUND('',#576,.T.);
#345=FACE_OUTER_BOUND('',#577,.T.);
#346=FACE_OUTER_BOUND('',#578,.T.);
#347=FACE_OUTER_BOUND('',#579,.T.);
#348=FACE_OUTER_BOUND('',#580,.T.);
#349=FACE_OUTER_BOUND('',#581,.T.);
#350=FACE_OUTER_BOUND('',#582,.T.);
#351=FACE_OUTER_BOUND('',#583,.T.);
#352=FACE_OUTER_BOUND('',#584,.T.);
#353=FACE_OUTER_BOUND('',#585,.T.);
#354=FACE_OUTER_BOUND('',#586,.T.);
#355=FACE_OUTER_BOUND('',#587,.T.);
#356=FACE_OUTER_BOUND('',#588,.T.);
#357=FACE_OUTER_BOUND('',#589,.T.);
#358=FACE_OUTER_BOUND('',#590,.T.);
#359=FACE_OUTER_BOUND('',#591,.T.);
#360=FACE_OUTER_BOUND('',#592,.T.);
#361=FACE_OUTER_BOUND('',#593,.T.);
#362=FACE_OUTER_BOUND('',#594,.T.);
#363=FACE_OUTER_BOUND('',#595,.T.);
#364=FACE_OUTER_BOUND('',#596,.T.);
#365=FACE_OUTER_BOUND('',#597,.T.);
#366=FACE_OUTER_BOUND('',#598,.T.);
#367=FACE_OUTER_BOUND('',#599,.T.);
#368=FACE_OUTER_BOUND('',#600,.T.);
#369=FACE_OUTER_BOUND('',#601,.T.);
#370=FACE_OUTER_BOUND('',#602,.T.);
#371=FACE_OUTER_BOUND('',#603,.T.);
#372=FACE_OUTER_BOUND('',#604,.T.);
#373=FACE_OUTER_BOUND('',#605,.T.);
#374=FACE_OUTER_BOUND('',#606,.T.);
#375=FACE_OUTER_BOUND('',#607,.T.);
#376=FACE_OUTER_BOUND('',#608,.T.);
#377=FACE_OUTER_BOUND('',#609,.T.);
#378=FACE_OUTER_BOUND('',#610,.T.);
#379=FACE_OUTER_BOUND('',#611,.T.);
#380=FACE_OUTER_BOUND('',#612,.T.);
#381=FACE_OUTER_BOUND('',#613,.T.);
#382=FACE_OUTER_BOUND('',#614,.T.);
#383=FACE_OUTER_BOUND('',#615,.T.);
#384=FACE_OUTER_BOUND('',#616,.T.);
#385=FACE_OUTER_BOUND('',#617,.T.);
#386=FACE_OUTER_BOUND('',#619,.T.);
#387=FACE_OUTER_BOUND('',#620,.T.);
#388=FACE_OUTER_BOUND('',#621,.T.);
#389=FACE_OUTER_BOUND('',#622,.T.);
#390=FACE_OUTER_BOUND('',#623,.T.);
#391=FACE_OUTER_BOUND('',#624,.T.);
#392=FACE_OUTER_BOUND('',#625,.T.);
#393=FACE_OUTER_BOUND('',#626,.T.);
#394=FACE_OUTER_BOUND('',#627,.T.);
#395=FACE_OUTER_BOUND('',#628,.T.);
#396=FACE_OUTER_BOUND('',#629,.T.);
#397=FACE_OUTER_BOUND('',#630,.T.);
#398=FACE_OUTER_BOUND('',#631,.T.);
#399=FACE_OUTER_BOUND('',#632,.T.);
#400=FACE_OUTER_BOUND('',#633,.T.);
#401=FACE_OUTER_BOUND('',#634,.T.);
#402=FACE_OUTER_BOUND('',#635,.T.);
#403=FACE_OUTER_BOUND('',#636,.T.);
#404=FACE_OUTER_BOUND('',#637,.T.);
#405=FACE_OUTER_BOUND('',#638,.T.);
#406=FACE_OUTER_BOUND('',#639,.T.);
#407=FACE_OUTER_BOUND('',#640,.T.);
#408=FACE_OUTER_BOUND('',#641,.T.);
#409=FACE_OUTER_BOUND('',#642,.T.);
#410=FACE_OUTER_BOUND('',#643,.T.);
#411=FACE_OUTER_BOUND('',#648,.T.);
#412=FACE_OUTER_BOUND('',#649,.T.);
#413=FACE_OUTER_BOUND('',#650,.T.);
#414=FACE_OUTER_BOUND('',#651,.T.);
#415=FACE_OUTER_BOUND('',#652,.T.);
#416=FACE_OUTER_BOUND('',#653,.T.);
#417=FACE_OUTER_BOUND('',#654,.T.);
#418=FACE_OUTER_BOUND('',#655,.T.);
#419=FACE_OUTER_BOUND('',#656,.T.);
#420=FACE_OUTER_BOUND('',#657,.T.);
#421=FACE_OUTER_BOUND('',#658,.T.);
#422=FACE_OUTER_BOUND('',#659,.T.);
#423=FACE_OUTER_BOUND('',#660,.T.);
#424=FACE_OUTER_BOUND('',#661,.T.);
#425=FACE_OUTER_BOUND('',#662,.T.);
#426=FACE_OUTER_BOUND('',#663,.T.);
#427=FACE_OUTER_BOUND('',#664,.T.);
#428=FACE_OUTER_BOUND('',#665,.T.);
#429=FACE_OUTER_BOUND('',#666,.T.);
#430=FACE_OUTER_BOUND('',#667,.T.);
#431=FACE_OUTER_BOUND('',#668,.T.);
#432=FACE_OUTER_BOUND('',#669,.T.);
#433=FACE_OUTER_BOUND('',#670,.T.);
#434=FACE_OUTER_BOUND('',#671,.T.);
#435=FACE_OUTER_BOUND('',#675,.T.);
#436=FACE_OUTER_BOUND('',#676,.T.);
#437=FACE_OUTER_BOUND('',#677,.T.);
#438=FACE_OUTER_BOUND('',#678,.T.);
#439=FACE_OUTER_BOUND('',#679,.T.);
#440=FACE_OUTER_BOUND('',#680,.T.);
#441=FACE_OUTER_BOUND('',#681,.T.);
#442=FACE_OUTER_BOUND('',#682,.T.);
#443=FACE_OUTER_BOUND('',#683,.T.);
#444=FACE_OUTER_BOUND('',#684,.T.);
#445=FACE_OUTER_BOUND('',#685,.T.);
#446=FACE_OUTER_BOUND('',#686,.T.);
#447=FACE_OUTER_BOUND('',#687,.T.);
#448=FACE_OUTER_BOUND('',#688,.T.);
#449=FACE_OUTER_BOUND('',#689,.T.);
#450=FACE_OUTER_BOUND('',#690,.T.);
#451=FACE_OUTER_BOUND('',#691,.T.);
#452=FACE_OUTER_BOUND('',#692,.T.);
#453=FACE_OUTER_BOUND('',#693,.T.);
#454=FACE_OUTER_BOUND('',#694,.T.);
#455=FACE_OUTER_BOUND('',#695,.T.);
#456=FACE_OUTER_BOUND('',#696,.T.);
#457=FACE_OUTER_BOUND('',#697,.T.);
#458=FACE_OUTER_BOUND('',#698,.T.);
#459=FACE_OUTER_BOUND('',#699,.T.);
#460=FACE_OUTER_BOUND('',#700,.T.);
#461=FACE_OUTER_BOUND('',#709,.T.);
#462=EDGE_LOOP('',(#2496,#2497,#2498,#2499));
#463=EDGE_LOOP('',(#2500,#2501,#2502,#2503));
#464=EDGE_LOOP('',(#2504,#2505,#2506,#2507));
#465=EDGE_LOOP('',(#2508,#2509,#2510,#2511));
#466=EDGE_LOOP('',(#2512,#2513,#2514,#2515));
#467=EDGE_LOOP('',(#2516,#2517,#2518,#2519));
#468=EDGE_LOOP('',(#2520,#2521,#2522,#2523));
#469=EDGE_LOOP('',(#2524,#2525,#2526,#2527));
#470=EDGE_LOOP('',(#2528,#2529,#2530,#2531));
#471=EDGE_LOOP('',(#2532,#2533,#2534,#2535,#2536,#2537,#2538,#2539));
#472=EDGE_LOOP('',(#2540));
#473=EDGE_LOOP('',(#2541));
#474=EDGE_LOOP('',(#2542,#2543,#2544,#2545));
#475=EDGE_LOOP('',(#2546,#2547,#2548,#2549));
#476=EDGE_LOOP('',(#2550,#2551,#2552,#2553,#2554,#2555));
#477=EDGE_LOOP('',(#2556,#2557,#2558,#2559,#2560,#2561,#2562));
#478=EDGE_LOOP('',(#2563,#2564,#2565,#2566));
#479=EDGE_LOOP('',(#2567));
#480=EDGE_LOOP('',(#2568,#2569,#2570,#2571,#2572));
#481=EDGE_LOOP('',(#2573,#2574,#2575,#2576));
#482=EDGE_LOOP('',(#2577,#2578,#2579,#2580,#2581,#2582));
#483=EDGE_LOOP('',(#2583,#2584,#2585,#2586));
#484=EDGE_LOOP('',(#2587,#2588,#2589,#2590,#2591,#2592,#2593));
#485=EDGE_LOOP('',(#2594,#2595,#2596,#2597,#2598,#2599,#2600,#2601));
#486=EDGE_LOOP('',(#2602,#2603,#2604,#2605,#2606));
#487=EDGE_LOOP('',(#2607,#2608,#2609,#2610));
#488=EDGE_LOOP('',(#2611,#2612,#2613,#2614));
#489=EDGE_LOOP('',(#2615,#2616,#2617,#2618));
#490=EDGE_LOOP('',(#2619));
#491=EDGE_LOOP('',(#2620,#2621,#2622,#2623,#2624));
#492=EDGE_LOOP('',(#2625,#2626,#2627,#2628,#2629,#2630,#2631,#2632,#2633,
#2634,#2635,#2636));
#493=EDGE_LOOP('',(#2637));
#494=EDGE_LOOP('',(#2638));
#495=EDGE_LOOP('',(#2639,#2640,#2641,#2642,#2643,#2644));
#496=EDGE_LOOP('',(#2645,#2646,#2647,#2648));
#497=EDGE_LOOP('',(#2649,#2650,#2651,#2652,#2653,#2654,#2655));
#498=EDGE_LOOP('',(#2656,#2657,#2658,#2659,#2660,#2661,#2662,#2663,#2664));
#499=EDGE_LOOP('',(#2665,#2666,#2667,#2668));
#500=EDGE_LOOP('',(#2669,#2670,#2671));
#501=EDGE_LOOP('',(#2672,#2673,#2674,#2675));
#502=EDGE_LOOP('',(#2676,#2677,#2678,#2679,#2680,#2681));
#503=EDGE_LOOP('',(#2682,#2683,#2684,#2685,#2686,#2687,#2688,#2689,#2690,
#2691));
#504=EDGE_LOOP('',(#2692,#2693,#2694,#2695,#2696));
#505=EDGE_LOOP('',(#2697,#2698,#2699,#2700,#2701));
#506=EDGE_LOOP('',(#2702,#2703,#2704,#2705,#2706));
#507=EDGE_LOOP('',(#2707,#2708,#2709,#2710));
#508=EDGE_LOOP('',(#2711,#2712,#2713,#2714));
#509=EDGE_LOOP('',(#2715,#2716,#2717,#2718));
#510=EDGE_LOOP('',(#2719,#2720,#2721,#2722));
#511=EDGE_LOOP('',(#2723,#2724,#2725,#2726,#2727,#2728,#2729,#2730));
#512=EDGE_LOOP('',(#2731,#2732,#2733,#2734));
#513=EDGE_LOOP('',(#2735,#2736,#2737,#2738,#2739));
#514=EDGE_LOOP('',(#2740,#2741,#2742,#2743,#2744,#2745,#2746));
#515=EDGE_LOOP('',(#2747,#2748,#2749,#2750));
#516=EDGE_LOOP('',(#2751,#2752,#2753,#2754,#2755,#2756,#2757));
#517=EDGE_LOOP('',(#2758,#2759,#2760,#2761));
#518=EDGE_LOOP('',(#2762,#2763,#2764,#2765));
#519=EDGE_LOOP('',(#2766,#2767,#2768,#2769));
#520=EDGE_LOOP('',(#2770,#2771,#2772,#2773));
#521=EDGE_LOOP('',(#2774));
#522=EDGE_LOOP('',(#2775));
#523=EDGE_LOOP('',(#2776,#2777,#2778,#2779));
#524=EDGE_LOOP('',(#2780,#2781,#2782,#2783,#2784,#2785,#2786,#2787,#2788,
#2789,#2790,#2791,#2792,#2793,#2794,#2795));
#525=EDGE_LOOP('',(#2796));
#526=EDGE_LOOP('',(#2797));
#527=EDGE_LOOP('',(#2798));
#528=EDGE_LOOP('',(#2799,#2800,#2801,#2802,#2803,#2804,#2805,#2806));
#529=EDGE_LOOP('',(#2807,#2808,#2809,#2810,#2811,#2812,#2813,#2814));
#530=EDGE_LOOP('',(#2815,#2816,#2817,#2818));
#531=EDGE_LOOP('',(#2819));
#532=EDGE_LOOP('',(#2820));
#533=EDGE_LOOP('',(#2821));
#534=EDGE_LOOP('',(#2822,#2823,#2824,#2825));
#535=EDGE_LOOP('',(#2826,#2827,#2828,#2829));
#536=EDGE_LOOP('',(#2830,#2831,#2832,#2833));
#537=EDGE_LOOP('',(#2834,#2835,#2836,#2837,#2838));
#538=EDGE_LOOP('',(#2839,#2840,#2841,#2842,#2843,#2844,#2845,#2846));
#539=EDGE_LOOP('',(#2847,#2848,#2849,#2850,#2851));
#540=EDGE_LOOP('',(#2852,#2853,#2854,#2855));
#541=EDGE_LOOP('',(#2856,#2857,#2858,#2859));
#542=EDGE_LOOP('',(#2860,#2861,#2862,#2863));
#543=EDGE_LOOP('',(#2864,#2865,#2866,#2867,#2868,#2869,#2870,#2871));
#544=EDGE_LOOP('',(#2872));
#545=EDGE_LOOP('',(#2873));
#546=EDGE_LOOP('',(#2874,#2875,#2876,#2877));
#547=EDGE_LOOP('',(#2878,#2879,#2880,#2881));
#548=EDGE_LOOP('',(#2882,#2883,#2884,#2885,#2886,#2887,#2888));
#549=EDGE_LOOP('',(#2889,#2890,#2891,#2892,#2893,#2894));
#550=EDGE_LOOP('',(#2895,#2896,#2897,#2898));
#551=EDGE_LOOP('',(#2899,#2900,#2901,#2902,#2903,#2904));
#552=EDGE_LOOP('',(#2905,#2906,#2907,#2908));
#553=EDGE_LOOP('',(#2909,#2910,#2911,#2912));
#554=EDGE_LOOP('',(#2913,#2914,#2915,#2916,#2917,#2918,#2919,#2920,#2921,
#2922,#2923,#2924,#2925));
#555=EDGE_LOOP('',(#2926,#2927,#2928,#2929,#2930,#2931,#2932,#2933,#2934));
#556=EDGE_LOOP('',(#2935));
#557=EDGE_LOOP('',(#2936));
#558=EDGE_LOOP('',(#2937,#2938,#2939,#2940,#2941,#2942,#2943,#2944));
#559=EDGE_LOOP('',(#2945,#2946,#2947,#2948,#2949,#2950,#2951,#2952));
#560=EDGE_LOOP('',(#2953,#2954,#2955,#2956));
#561=EDGE_LOOP('',(#2957,#2958,#2959,#2960,#2961,#2962));
#562=EDGE_LOOP('',(#2963,#2964,#2965,#2966));
#563=EDGE_LOOP('',(#2967,#2968,#2969,#2970));
#564=EDGE_LOOP('',(#2971,#2972,#2973,#2974,#2975,#2976,#2977,#2978,#2979,
#2980,#2981,#2982,#2983,#2984,#2985,#2986));
#565=EDGE_LOOP('',(#2987,#2988,#2989,#2990,#2991));
#566=EDGE_LOOP('',(#2992,#2993,#2994,#2995,#2996));
#567=EDGE_LOOP('',(#2997,#2998,#2999,#3000));
#568=EDGE_LOOP('',(#3001,#3002,#3003,#3004));
#569=EDGE_LOOP('',(#3005,#3006,#3007,#3008));
#570=EDGE_LOOP('',(#3009,#3010,#3011,#3012));
#571=EDGE_LOOP('',(#3013,#3014,#3015,#3016));
#572=EDGE_LOOP('',(#3017,#3018,#3019,#3020));
#573=EDGE_LOOP('',(#3021,#3022,#3023,#3024));
#574=EDGE_LOOP('',(#3025,#3026,#3027,#3028));
#575=EDGE_LOOP('',(#3029,#3030,#3031,#3032));
#576=EDGE_LOOP('',(#3033,#3034,#3035,#3036));
#577=EDGE_LOOP('',(#3037,#3038,#3039,#3040,#3041,#3042));
#578=EDGE_LOOP('',(#3043,#3044,#3045,#3046,#3047,#3048,#3049));
#579=EDGE_LOOP('',(#3050,#3051,#3052,#3053,#3054,#3055));
#580=EDGE_LOOP('',(#3056,#3057,#3058,#3059));
#581=EDGE_LOOP('',(#3060,#3061,#3062,#3063,#3064,#3065));
#582=EDGE_LOOP('',(#3066,#3067,#3068,#3069));
#583=EDGE_LOOP('',(#3070,#3071,#3072,#3073,#3074));
#584=EDGE_LOOP('',(#3075,#3076,#3077,#3078,#3079,#3080,#3081,#3082,#3083,
#3084,#3085,#3086));
#585=EDGE_LOOP('',(#3087,#3088,#3089,#3090,#3091,#3092));
#586=EDGE_LOOP('',(#3093,#3094,#3095,#3096));
#587=EDGE_LOOP('',(#3097,#3098,#3099,#3100));
#588=EDGE_LOOP('',(#3101,#3102,#3103,#3104,#3105,#3106));
#589=EDGE_LOOP('',(#3107,#3108,#3109,#3110));
#590=EDGE_LOOP('',(#3111,#3112,#3113,#3114));
#591=EDGE_LOOP('',(#3115,#3116,#3117,#3118));
#592=EDGE_LOOP('',(#3119,#3120,#3121,#3122));
#593=EDGE_LOOP('',(#3123,#3124,#3125,#3126));
#594=EDGE_LOOP('',(#3127,#3128,#3129,#3130));
#595=EDGE_LOOP('',(#3131,#3132,#3133,#3134,#3135));
#596=EDGE_LOOP('',(#3136,#3137,#3138,#3139,#3140,#3141));
#597=EDGE_LOOP('',(#3142,#3143,#3144,#3145));
#598=EDGE_LOOP('',(#3146,#3147,#3148,#3149,#3150));
#599=EDGE_LOOP('',(#3151,#3152,#3153,#3154));
#600=EDGE_LOOP('',(#3155,#3156,#3157,#3158));
#601=EDGE_LOOP('',(#3159,#3160,#3161,#3162));
#602=EDGE_LOOP('',(#3163,#3164,#3165,#3166,#3167,#3168));
#603=EDGE_LOOP('',(#3169,#3170,#3171,#3172));
#604=EDGE_LOOP('',(#3173,#3174,#3175,#3176,#3177,#3178));
#605=EDGE_LOOP('',(#3179,#3180,#3181,#3182));
#606=EDGE_LOOP('',(#3183,#3184,#3185,#3186));
#607=EDGE_LOOP('',(#3187,#3188,#3189,#3190));
#608=EDGE_LOOP('',(#3191,#3192,#3193,#3194));
#609=EDGE_LOOP('',(#3195,#3196,#3197,#3198));
#610=EDGE_LOOP('',(#3199,#3200,#3201,#3202,#3203,#3204));
#611=EDGE_LOOP('',(#3205,#3206,#3207));
#612=EDGE_LOOP('',(#3208,#3209,#3210,#3211));
#613=EDGE_LOOP('',(#3212,#3213,#3214));
#614=EDGE_LOOP('',(#3215,#3216,#3217,#3218));
#615=EDGE_LOOP('',(#3219,#3220,#3221,#3222));
#616=EDGE_LOOP('',(#3223,#3224,#3225,#3226,#3227,#3228,#3229,#3230,#3231));
#617=EDGE_LOOP('',(#3232));
#618=EDGE_LOOP('',(#3233));
#619=EDGE_LOOP('',(#3234,#3235,#3236,#3237));
#620=EDGE_LOOP('',(#3238,#3239,#3240,#3241));
#621=EDGE_LOOP('',(#3242,#3243,#3244,#3245));
#622=EDGE_LOOP('',(#3246,#3247,#3248,#3249));
#623=EDGE_LOOP('',(#3250,#3251,#3252,#3253));
#624=EDGE_LOOP('',(#3254,#3255,#3256,#3257));
#625=EDGE_LOOP('',(#3258,#3259,#3260,#3261));
#626=EDGE_LOOP('',(#3262,#3263,#3264,#3265));
#627=EDGE_LOOP('',(#3266,#3267,#3268,#3269));
#628=EDGE_LOOP('',(#3270,#3271,#3272,#3273,#3274,#3275));
#629=EDGE_LOOP('',(#3276,#3277,#3278,#3279));
#630=EDGE_LOOP('',(#3280,#3281,#3282,#3283,#3284,#3285));
#631=EDGE_LOOP('',(#3286,#3287,#3288,#3289));
#632=EDGE_LOOP('',(#3290,#3291,#3292,#3293,#3294,#3295));
#633=EDGE_LOOP('',(#3296,#3297,#3298,#3299));
#634=EDGE_LOOP('',(#3300,#3301,#3302,#3303,#3304,#3305));
#635=EDGE_LOOP('',(#3306,#3307,#3308,#3309));
#636=EDGE_LOOP('',(#3310,#3311,#3312,#3313,#3314,#3315));
#637=EDGE_LOOP('',(#3316,#3317,#3318,#3319));
#638=EDGE_LOOP('',(#3320,#3321,#3322,#3323,#3324,#3325));
#639=EDGE_LOOP('',(#3326,#3327,#3328,#3329));
#640=EDGE_LOOP('',(#3330,#3331,#3332,#3333,#3334,#3335));
#641=EDGE_LOOP('',(#3336,#3337,#3338,#3339));
#642=EDGE_LOOP('',(#3340,#3341,#3342,#3343,#3344,#3345));
#643=EDGE_LOOP('',(#3346));
#644=EDGE_LOOP('',(#3347,#3348,#3349,#3350));
#645=EDGE_LOOP('',(#3351,#3352,#3353,#3354));
#646=EDGE_LOOP('',(#3355,#3356,#3357,#3358));
#647=EDGE_LOOP('',(#3359,#3360,#3361,#3362));
#648=EDGE_LOOP('',(#3363,#3364,#3365,#3366,#3367));
#649=EDGE_LOOP('',(#3368,#3369,#3370,#3371,#3372,#3373));
#650=EDGE_LOOP('',(#3374,#3375,#3376,#3377,#3378,#3379));
#651=EDGE_LOOP('',(#3380,#3381,#3382,#3383,#3384,#3385,#3386,#3387));
#652=EDGE_LOOP('',(#3388,#3389,#3390,#3391,#3392,#3393));
#653=EDGE_LOOP('',(#3394,#3395,#3396,#3397));
#654=EDGE_LOOP('',(#3398,#3399,#3400,#3401,#3402,#3403));
#655=EDGE_LOOP('',(#3404,#3405,#3406,#3407));
#656=EDGE_LOOP('',(#3408,#3409,#3410,#3411,#3412,#3413,#3414,#3415,#3416,
#3417,#3418,#3419,#3420));
#657=EDGE_LOOP('',(#3421,#3422,#3423,#3424,#3425));
#658=EDGE_LOOP('',(#3426,#3427,#3428,#3429));
#659=EDGE_LOOP('',(#3430,#3431,#3432,#3433));
#660=EDGE_LOOP('',(#3434,#3435,#3436,#3437));
#661=EDGE_LOOP('',(#3438,#3439,#3440,#3441));
#662=EDGE_LOOP('',(#3442,#3443,#3444,#3445));
#663=EDGE_LOOP('',(#3446,#3447,#3448,#3449));
#664=EDGE_LOOP('',(#3450,#3451,#3452,#3453));
#665=EDGE_LOOP('',(#3454,#3455,#3456,#3457));
#666=EDGE_LOOP('',(#3458,#3459,#3460,#3461));
#667=EDGE_LOOP('',(#3462,#3463,#3464,#3465));
#668=EDGE_LOOP('',(#3466,#3467,#3468,#3469));
#669=EDGE_LOOP('',(#3470,#3471,#3472,#3473));
#670=EDGE_LOOP('',(#3474,#3475,#3476,#3477));
#671=EDGE_LOOP('',(#3478,#3479,#3480,#3481,#3482,#3483,#3484,#3485,#3486,
#3487,#3488,#3489,#3490,#3491,#3492,#3493));
#672=EDGE_LOOP('',(#3494));
#673=EDGE_LOOP('',(#3495));
#674=EDGE_LOOP('',(#3496));
#675=EDGE_LOOP('',(#3497,#3498,#3499,#3500));
#676=EDGE_LOOP('',(#3501));
#677=EDGE_LOOP('',(#3502));
#678=EDGE_LOOP('',(#3503));
#679=EDGE_LOOP('',(#3504,#3505,#3506,#3507));
#680=EDGE_LOOP('',(#3508,#3509,#3510,#3511));
#681=EDGE_LOOP('',(#3512,#3513,#3514,#3515));
#682=EDGE_LOOP('',(#3516,#3517,#3518,#3519));
#683=EDGE_LOOP('',(#3520,#3521,#3522,#3523));
#684=EDGE_LOOP('',(#3524,#3525,#3526,#3527));
#685=EDGE_LOOP('',(#3528,#3529,#3530,#3531));
#686=EDGE_LOOP('',(#3532,#3533,#3534,#3535));
#687=EDGE_LOOP('',(#3536,#3537,#3538,#3539));
#688=EDGE_LOOP('',(#3540,#3541,#3542,#3543));
#689=EDGE_LOOP('',(#3544,#3545,#3546,#3547));
#690=EDGE_LOOP('',(#3548,#3549,#3550,#3551));
#691=EDGE_LOOP('',(#3552,#3553,#3554,#3555));
#692=EDGE_LOOP('',(#3556,#3557,#3558,#3559));
#693=EDGE_LOOP('',(#3560,#3561,#3562,#3563));
#694=EDGE_LOOP('',(#3564,#3565,#3566,#3567));
#695=EDGE_LOOP('',(#3568,#3569,#3570,#3571));
#696=EDGE_LOOP('',(#3572,#3573,#3574,#3575));
#697=EDGE_LOOP('',(#3576,#3577,#3578,#3579));
#698=EDGE_LOOP('',(#3580,#3581,#3582,#3583));
#699=EDGE_LOOP('',(#3584,#3585,#3586,#3587));
#700=EDGE_LOOP('',(#3588,#3589,#3590,#3591,#3592,#3593,#3594,#3595));
#701=EDGE_LOOP('',(#3596));
#702=EDGE_LOOP('',(#3597));
#703=EDGE_LOOP('',(#3598));
#704=EDGE_LOOP('',(#3599));
#705=EDGE_LOOP('',(#3600));
#706=EDGE_LOOP('',(#3601));
#707=EDGE_LOOP('',(#3602));
#708=EDGE_LOOP('',(#3603));
#709=EDGE_LOOP('',(#3604,#3605,#3606,#3607,#3608,#3609,#3610,#3611));
#710=EDGE_LOOP('',(#3612));
#711=EDGE_LOOP('',(#3613));
#712=EDGE_LOOP('',(#3614));
#713=EDGE_LOOP('',(#3615));
#714=EDGE_LOOP('',(#3616));
#715=EDGE_LOOP('',(#3617));
#716=EDGE_LOOP('',(#3618));
#717=EDGE_LOOP('',(#3619));
#718=EDGE_LOOP('',(#3620,#3621,#3622,#3623));
#719=LINE('',#5468,#1059);
#720=LINE('',#5474,#1060);
#721=LINE('',#5480,#1061);
#722=LINE('',#5486,#1062);
#723=LINE('',#5492,#1063);
#724=LINE('',#5498,#1064);
#725=LINE('',#5505,#1065);
#726=LINE('',#5508,#1066);
#727=LINE('',#5513,#1067);
#728=LINE('',#5520,#1068);
#729=LINE('',#5523,#1069);
#730=LINE('',#5526,#1070);
#731=LINE('',#5528,#1071);
#732=LINE('',#5530,#1072);
#733=LINE('',#5532,#1073);
#734=LINE('',#5533,#1074);
#735=LINE('',#5534,#1075);
#736=LINE('',#5538,#1076);
#737=LINE('',#5540,#1077);
#738=LINE('',#5542,#1078);
#739=LINE('',#5543,#1079);
#740=LINE('',#5549,#1080);
#741=LINE('',#5552,#1081);
#742=LINE('',#5574,#1082);
#743=LINE('',#5589,#1083);
#744=LINE('',#5593,#1084);
#745=LINE('',#5594,#1085);
#746=LINE('',#5595,#1086);
#747=LINE('',#5598,#1087);
#748=LINE('',#5600,#1088);
#749=LINE('',#5602,#1089);
#750=LINE('',#5603,#1090);
#751=LINE('',#5607,#1091);
#752=LINE('',#5609,#1092);
#753=LINE('',#5611,#1093);
#754=LINE('',#5612,#1094);
#755=LINE('',#5614,#1095);
#756=LINE('',#5627,#1096);
#757=LINE('',#5630,#1097);
#758=LINE('',#5632,#1098);
#759=LINE('',#5634,#1099);
#760=LINE('',#5635,#1100);
#761=LINE('',#5639,#1101);
#762=LINE('',#5643,#1102);
#763=LINE('',#5645,#1103);
#764=LINE('',#5647,#1104);
#765=LINE('',#5648,#1105);
#766=LINE('',#5652,#1106);
#767=LINE('',#5653,#1107);
#768=LINE('',#5654,#1108);
#769=LINE('',#5658,#1109);
#770=LINE('',#5660,#1110);
#771=LINE('',#5662,#1111);
#772=LINE('',#5663,#1112);
#773=LINE('',#5667,#1113);
#774=LINE('',#5669,#1114);
#775=LINE('',#5671,#1115);
#776=LINE('',#5673,#1116);
#777=LINE('',#5674,#1117);
#778=LINE('',#5678,#1118);
#779=LINE('',#5679,#1119);
#780=LINE('',#5680,#1120);
#781=LINE('',#5682,#1121);
#782=LINE('',#5684,#1122);
#783=LINE('',#5686,#1123);
#784=LINE('',#5688,#1124);
#785=LINE('',#5690,#1125);
#786=LINE('',#5692,#1126);
#787=LINE('',#5693,#1127);
#788=LINE('',#5695,#1128);
#789=LINE('',#5703,#1129);
#790=LINE('',#5715,#1130);
#791=LINE('',#5716,#1131);
#792=LINE('',#5719,#1132);
#793=LINE('',#5721,#1133);
#794=LINE('',#5722,#1134);
#795=LINE('',#5733,#1135);
#796=LINE('',#5738,#1136);
#797=LINE('',#5739,#1137);
#798=LINE('',#5741,#1138);
#799=LINE('',#5743,#1139);
#800=LINE('',#5747,#1140);
#801=LINE('',#5750,#1141);
#802=LINE('',#5751,#1142);
#803=LINE('',#5753,#1143);
#804=LINE('',#5754,#1144);
#805=LINE('',#5756,#1145);
#806=LINE('',#5757,#1146);
#807=LINE('',#5760,#1147);
#808=LINE('',#5762,#1148);
#809=LINE('',#5763,#1149);
#810=LINE('',#5766,#1150);
#811=LINE('',#5768,#1151);
#812=LINE('',#5769,#1152);
#813=LINE('',#5771,#1153);
#814=LINE('',#5774,#1154);
#815=LINE('',#5776,#1155);
#816=LINE('',#5777,#1156);
#817=LINE('',#5779,#1157);
#818=LINE('',#5781,#1158);
#819=LINE('',#5783,#1159);
#820=LINE('',#5784,#1160);
#821=LINE('',#5786,#1161);
#822=LINE('',#5787,#1162);
#823=LINE('',#5791,#1163);
#824=LINE('',#5793,#1164);
#825=LINE('',#5796,#1165);
#826=LINE('',#5797,#1166);
#827=LINE('',#5799,#1167);
#828=LINE('',#5803,#1168);
#829=LINE('',#5804,#1169);
#830=LINE('',#5806,#1170);
#831=LINE('',#5809,#1171);
#832=LINE('',#5810,#1172);
#833=LINE('',#5812,#1173);
#834=LINE('',#5828,#1174);
#835=LINE('',#5834,#1175);
#836=LINE('',#5840,#1176);
#837=LINE('',#5848,#1177);
#838=LINE('',#5854,#1178);
#839=LINE('',#5876,#1179);
#840=LINE('',#5881,#1180);
#841=LINE('',#5886,#1181);
#842=LINE('',#5892,#1182);
#843=LINE('',#5897,#1183);
#844=LINE('',#5899,#1184);
#845=LINE('',#5903,#1185);
#846=LINE('',#5907,#1186);
#847=LINE('',#5909,#1187);
#848=LINE('',#5910,#1188);
#849=LINE('',#5914,#1189);
#850=LINE('',#5916,#1190);
#851=LINE('',#5918,#1191);
#852=LINE('',#5919,#1192);
#853=LINE('',#5923,#1193);
#854=LINE('',#5927,#1194);
#855=LINE('',#6024,#1195);
#856=LINE('',#6026,#1196);
#857=LINE('',#6028,#1197);
#858=LINE('',#6030,#1198);
#859=LINE('',#6033,#1199);
#860=LINE('',#6037,#1200);
#861=LINE('',#6039,#1201);
#862=LINE('',#6041,#1202);
#863=LINE('',#6045,#1203);
#864=LINE('',#6046,#1204);
#865=LINE('',#6048,#1205);
#866=LINE('',#6052,#1206);
#867=LINE('',#6056,#1207);
#868=LINE('',#6059,#1208);
#869=LINE('',#6073,#1209);
#870=LINE('',#6075,#1210);
#871=LINE('',#6077,#1211);
#872=LINE('',#6078,#1212);
#873=LINE('',#6082,#1213);
#874=LINE('',#6084,#1214);
#875=LINE('',#6086,#1215);
#876=LINE('',#6088,#1216);
#877=LINE('',#6090,#1217);
#878=LINE('',#6092,#1218);
#879=LINE('',#6094,#1219);
#880=LINE('',#6096,#1220);
#881=LINE('',#6098,#1221);
#882=LINE('',#6100,#1222);
#883=LINE('',#6102,#1223);
#884=LINE('',#6104,#1224);
#885=LINE('',#6109,#1225);
#886=LINE('',#6111,#1226);
#887=LINE('',#6115,#1227);
#888=LINE('',#6117,#1228);
#889=LINE('',#6119,#1229);
#890=LINE('',#6123,#1230);
#891=LINE('',#6126,#1231);
#892=LINE('',#6128,#1232);
#893=LINE('',#6153,#1233);
#894=LINE('',#6157,#1234);
#895=LINE('',#6159,#1235);
#896=LINE('',#6161,#1236);
#897=LINE('',#6163,#1237);
#898=LINE('',#6165,#1238);
#899=LINE('',#6167,#1239);
#900=LINE('',#6170,#1240);
#901=LINE('',#6180,#1241);
#902=LINE('',#6182,#1242);
#903=LINE('',#6183,#1243);
#904=LINE('',#6185,#1244);
#905=LINE('',#6186,#1245);
#906=LINE('',#6189,#1246);
#907=LINE('',#6191,#1247);
#908=LINE('',#6195,#1248);
#909=LINE('',#6203,#1249);
#910=LINE('',#6207,#1250);
#911=LINE('',#6208,#1251);
#912=LINE('',#6210,#1252);
#913=LINE('',#6213,#1253);
#914=LINE('',#6215,#1254);
#915=LINE('',#6217,#1255);
#916=LINE('',#6220,#1256);
#917=LINE('',#6228,#1257);
#918=LINE('',#6231,#1258);
#919=LINE('',#6233,#1259);
#920=LINE('',#6234,#1260);
#921=LINE('',#6237,#1261);
#922=LINE('',#6239,#1262);
#923=LINE('',#6240,#1263);
#924=LINE('',#6242,#1264);
#925=LINE('',#6243,#1265);
#926=LINE('',#6246,#1266);
#927=LINE('',#6248,#1267);
#928=LINE('',#6249,#1268);
#929=LINE('',#6252,#1269);
#930=LINE('',#6254,#1270);
#931=LINE('',#6255,#1271);
#932=LINE('',#6257,#1272);
#933=LINE('',#6258,#1273);
#934=LINE('',#6261,#1274);
#935=LINE('',#6263,#1275);
#936=LINE('',#6264,#1276);
#937=LINE('',#6267,#1277);
#938=LINE('',#6269,#1278);
#939=LINE('',#6270,#1279);
#940=LINE('',#6273,#1280);
#941=LINE('',#6274,#1281);
#942=LINE('',#6280,#1282);
#943=LINE('',#6376,#1283);
#944=LINE('',#6474,#1284);
#945=LINE('',#6477,#1285);
#946=LINE('',#6518,#1286);
#947=LINE('',#6520,#1287);
#948=LINE('',#6521,#1288);
#949=LINE('',#6525,#1289);
#950=LINE('',#6530,#1290);
#951=LINE('',#6533,#1291);
#952=LINE('',#6535,#1292);
#953=LINE('',#6537,#1293);
#954=LINE('',#6539,#1294);
#955=LINE('',#6576,#1295);
#956=LINE('',#6577,#1296);
#957=LINE('',#6581,#1297);
#958=LINE('',#6918,#1298);
#959=LINE('',#6922,#1299);
#960=LINE('',#6927,#1300);
#961=LINE('',#6934,#1301);
#962=LINE('',#7053,#1302);
#963=LINE('',#7164,#1303);
#964=LINE('',#7165,#1304);
#965=LINE('',#7168,#1305);
#966=LINE('',#7171,#1306);
#967=LINE('',#7174,#1307);
#968=LINE('',#7176,#1308);
#969=LINE('',#7177,#1309);
#970=LINE('',#7180,#1310);
#971=LINE('',#7181,#1311);
#972=LINE('',#7207,#1312);
#973=LINE('',#7211,#1313);
#974=LINE('',#7596,#1314);
#975=LINE('',#7700,#1315);
#976=LINE('',#7704,#1316);
#977=LINE('',#7708,#1317);
#978=LINE('',#7711,#1318);
#979=LINE('',#7715,#1319);
#980=LINE('',#7719,#1320);
#981=LINE('',#7723,#1321);
#982=LINE('',#7726,#1322);
#983=LINE('',#7730,#1323);
#984=LINE('',#7734,#1324);
#985=LINE('',#7738,#1325);
#986=LINE('',#7741,#1326);
#987=LINE('',#7745,#1327);
#988=LINE('',#7749,#1328);
#989=LINE('',#7753,#1329);
#990=LINE('',#7756,#1330);
#991=LINE('',#7760,#1331);
#992=LINE('',#7764,#1332);
#993=LINE('',#7771,#1333);
#994=LINE('',#7799,#1334);
#995=LINE('',#7803,#1335);
#996=LINE('',#7807,#1336);
#997=LINE('',#7814,#1337);
#998=LINE('',#7842,#1338);
#999=LINE('',#7846,#1339);
#1000=LINE('',#7850,#1340);
#1001=LINE('',#7857,#1341);
#1002=LINE('',#7885,#1342);
#1003=LINE('',#7889,#1343);
#1004=LINE('',#7893,#1344);
#1005=LINE('',#7900,#1345);
#1006=LINE('',#7928,#1346);
#1007=LINE('',#7931,#1347);
#1008=LINE('',#7932,#1348);
#1009=LINE('',#7934,#1349);
#1010=LINE('',#7935,#1350);
#1011=LINE('',#7937,#1351);
#1012=LINE('',#7938,#1352);
#1013=LINE('',#7941,#1353);
#1014=LINE('',#7942,#1354);
#1015=LINE('',#7944,#1355);
#1016=LINE('',#7945,#1356);
#1017=LINE('',#7949,#1357);
#1018=LINE('',#7953,#1358);
#1019=LINE('',#7954,#1359);
#1020=LINE('',#7959,#1360);
#1021=LINE('',#7962,#1361);
#1022=LINE('',#7963,#1362);
#1023=LINE('',#7987,#1363);
#1024=LINE('',#7989,#1364);
#1025=LINE('',#7991,#1365);
#1026=LINE('',#7992,#1366);
#1027=LINE('',#7995,#1367);
#1028=LINE('',#7997,#1368);
#1029=LINE('',#7998,#1369);
#1030=LINE('',#8001,#1370);
#1031=LINE('',#8003,#1371);
#1032=LINE('',#8004,#1372);
#1033=LINE('',#8006,#1373);
#1034=LINE('',#8007,#1374);
#1035=LINE('',#8013,#1375);
#1036=LINE('',#8019,#1376);
#1037=LINE('',#8025,#1377);
#1038=LINE('',#8031,#1378);
#1039=LINE('',#8037,#1379);
#1040=LINE('',#8043,#1380);
#1041=LINE('',#8049,#1381);
#1042=LINE('',#8055,#1382);
#1043=LINE('',#8060,#1383);
#1044=LINE('',#8062,#1384);
#1045=LINE('',#8064,#1385);
#1046=LINE('',#8065,#1386);
#1047=LINE('',#8071,#1387);
#1048=LINE('',#8074,#1388);
#1049=LINE('',#8076,#1389);
#1050=LINE('',#8077,#1390);
#1051=LINE('',#8083,#1391);
#1052=LINE('',#8086,#1392);
#1053=LINE('',#8088,#1393);
#1054=LINE('',#8089,#1394);
#1055=LINE('',#8095,#1395);
#1056=LINE('',#8098,#1396);
#1057=LINE('',#8100,#1397);
#1058=LINE('',#8101,#1398);
#1059=VECTOR('',#4341,3.15);
#1060=VECTOR('',#4348,3.15);
#1061=VECTOR('',#4355,3.15);
#1062=VECTOR('',#4362,9.00000000000001);
#1063=VECTOR('',#4369,5.50000000000001);
#1064=VECTOR('',#4376,2.29534568996304);
#1065=VECTOR('',#4383,1000.);
#1066=VECTOR('',#4386,1000.);
#1067=VECTOR('',#4391,2.29534568996301);
#1068=VECTOR('',#4398,1000.);
#1069=VECTOR('',#4401,1000.);
#1070=VECTOR('',#4404,1000.);
#1071=VECTOR('',#4405,1000.);
#1072=VECTOR('',#4406,1000.);
#1073=VECTOR('',#4407,1000.);
#1074=VECTOR('',#4408,1000.);
#1075=VECTOR('',#4409,1000.);
#1076=VECTOR('',#4412,1000.);
#1077=VECTOR('',#4413,1000.);
#1078=VECTOR('',#4414,1000.);
#1079=VECTOR('',#4415,1000.);
#1080=VECTOR('',#4420,1000.);
#1081=VECTOR('',#4423,1000.);
#1082=VECTOR('',#4436,1000.);
#1083=VECTOR('',#4441,1000.);
#1084=VECTOR('',#4444,1000.);
#1085=VECTOR('',#4445,1000.);
#1086=VECTOR('',#4446,1000.);
#1087=VECTOR('',#4449,1000.);
#1088=VECTOR('',#4450,1000.);
#1089=VECTOR('',#4451,1000.);
#1090=VECTOR('',#4452,1000.);
#1091=VECTOR('',#4455,1000.);
#1092=VECTOR('',#4456,1000.);
#1093=VECTOR('',#4457,1000.);
#1094=VECTOR('',#4458,1000.);
#1095=VECTOR('',#4461,1000.);
#1096=VECTOR('',#4472,1000.);
#1097=VECTOR('',#4475,1000.);
#1098=VECTOR('',#4476,1000.);
#1099=VECTOR('',#4477,1000.);
#1100=VECTOR('',#4478,1000.);
#1101=VECTOR('',#4483,1000.);
#1102=VECTOR('',#4486,1000.);
#1103=VECTOR('',#4487,1000.);
#1104=VECTOR('',#4488,1000.);
#1105=VECTOR('',#4489,1000.);
#1106=VECTOR('',#4492,1000.);
#1107=VECTOR('',#4493,1000.);
#1108=VECTOR('',#4494,1000.);
#1109=VECTOR('',#4497,1000.);
#1110=VECTOR('',#4498,1000.);
#1111=VECTOR('',#4499,1000.);
#1112=VECTOR('',#4500,1000.);
#1113=VECTOR('',#4503,1000.);
#1114=VECTOR('',#4504,1000.);
#1115=VECTOR('',#4505,1000.);
#1116=VECTOR('',#4506,1000.);
#1117=VECTOR('',#4507,1000.);
#1118=VECTOR('',#4510,1000.);
#1119=VECTOR('',#4511,1000.);
#1120=VECTOR('',#4512,1000.);
#1121=VECTOR('',#4513,1000.);
#1122=VECTOR('',#4514,1000.);
#1123=VECTOR('',#4515,1000.);
#1124=VECTOR('',#4516,1000.);
#1125=VECTOR('',#4517,1000.);
#1126=VECTOR('',#4518,1000.);
#1127=VECTOR('',#4519,1000.);
#1128=VECTOR('',#4522,1000.);
#1129=VECTOR('',#4535,1000.);
#1130=VECTOR('',#4538,1000.);
#1131=VECTOR('',#4539,1000.);
#1132=VECTOR('',#4542,1000.);
#1133=VECTOR('',#4543,1000.);
#1134=VECTOR('',#4544,1000.);
#1135=VECTOR('',#4561,1000.);
#1136=VECTOR('',#4566,1000.);
#1137=VECTOR('',#4567,1000.);
#1138=VECTOR('',#4568,1000.);
#1139=VECTOR('',#4569,1000.);
#1140=VECTOR('',#4572,1000.);
#1141=VECTOR('',#4577,1000.);
#1142=VECTOR('',#4578,1000.);
#1143=VECTOR('',#4581,1000.);
#1144=VECTOR('',#4582,1000.);
#1145=VECTOR('',#4585,1000.);
#1146=VECTOR('',#4586,1000.);
#1147=VECTOR('',#4589,1000.);
#1148=VECTOR('',#4590,1000.);
#1149=VECTOR('',#4591,1000.);
#1150=VECTOR('',#4594,1000.);
#1151=VECTOR('',#4595,1000.);
#1152=VECTOR('',#4596,1000.);
#1153=VECTOR('',#4599,1000.);
#1154=VECTOR('',#4602,1000.);
#1155=VECTOR('',#4603,1000.);
#1156=VECTOR('',#4604,1000.);
#1157=VECTOR('',#4607,1000.);
#1158=VECTOR('',#4608,1000.);
#1159=VECTOR('',#4609,1000.);
#1160=VECTOR('',#4610,1000.);
#1161=VECTOR('',#4613,1000.);
#1162=VECTOR('',#4614,1000.);
#1163=VECTOR('',#4619,1000.);
#1164=VECTOR('',#4620,1000.);
#1165=VECTOR('',#4623,1000.);
#1166=VECTOR('',#4624,1000.);
#1167=VECTOR('',#4627,1000.);
#1168=VECTOR('',#4630,1000.);
#1169=VECTOR('',#4631,1000.);
#1170=VECTOR('',#4632,1000.);
#1171=VECTOR('',#4637,1000.);
#1172=VECTOR('',#4638,1000.);
#1173=VECTOR('',#4641,1000.);
#1174=VECTOR('',#4668,3.15);
#1175=VECTOR('',#4675,3.15);
#1176=VECTOR('',#4682,3.15);
#1177=VECTOR('',#4691,67.25);
#1178=VECTOR('',#4698,75.3);
#1179=VECTOR('',#4707,67.75);
#1180=VECTOR('',#4714,75.3);
#1181=VECTOR('',#4719,1.6);
#1182=VECTOR('',#4726,1.6);
#1183=VECTOR('',#4731,1000.);
#1184=VECTOR('',#4732,1000.);
#1185=VECTOR('',#4735,1000.);
#1186=VECTOR('',#4738,1000.);
#1187=VECTOR('',#4739,1000.);
#1188=VECTOR('',#4740,1000.);
#1189=VECTOR('',#4743,1000.);
#1190=VECTOR('',#4744,1000.);
#1191=VECTOR('',#4745,1000.);
#1192=VECTOR('',#4746,1000.);
#1193=VECTOR('',#4749,1000.);
#1194=VECTOR('',#4752,1000.);
#1195=VECTOR('',#4755,1000.);
#1196=VECTOR('',#4756,1000.);
#1197=VECTOR('',#4757,1000.);
#1198=VECTOR('',#4758,1000.);
#1199=VECTOR('',#4761,1000.);
#1200=VECTOR('',#4764,1000.);
#1201=VECTOR('',#4765,1000.);
#1202=VECTOR('',#4766,1000.);
#1203=VECTOR('',#4769,1000.);
#1204=VECTOR('',#4770,1000.);
#1205=VECTOR('',#4773,1000.);
#1206=VECTOR('',#4778,1000.);
#1207=VECTOR('',#4781,1000.);
#1208=VECTOR('',#4784,1000.);
#1209=VECTOR('',#4791,1000.);
#1210=VECTOR('',#4792,1000.);
#1211=VECTOR('',#4793,1000.);
#1212=VECTOR('',#4794,1000.);
#1213=VECTOR('',#4797,1000.);
#1214=VECTOR('',#4798,1000.);
#1215=VECTOR('',#4799,1000.);
#1216=VECTOR('',#4800,1000.);
#1217=VECTOR('',#4801,1000.);
#1218=VECTOR('',#4802,1000.);
#1219=VECTOR('',#4803,1000.);
#1220=VECTOR('',#4804,1000.);
#1221=VECTOR('',#4805,1000.);
#1222=VECTOR('',#4806,1000.);
#1223=VECTOR('',#4807,1000.);
#1224=VECTOR('',#4808,1000.);
#1225=VECTOR('',#4813,1000.);
#1226=VECTOR('',#4814,1000.);
#1227=VECTOR('',#4817,1000.);
#1228=VECTOR('',#4818,1000.);
#1229=VECTOR('',#4819,1000.);
#1230=VECTOR('',#4822,1000.);
#1231=VECTOR('',#4827,1000.);
#1232=VECTOR('',#4828,1000.);
#1233=VECTOR('',#4831,1000.);
#1234=VECTOR('',#4834,1000.);
#1235=VECTOR('',#4835,1000.);
#1236=VECTOR('',#4836,1000.);
#1237=VECTOR('',#4837,1000.);
#1238=VECTOR('',#4838,1000.);
#1239=VECTOR('',#4839,1000.);
#1240=VECTOR('',#4842,1000.);
#1241=VECTOR('',#4857,1000.);
#1242=VECTOR('',#4860,1000.);
#1243=VECTOR('',#4861,1000.);
#1244=VECTOR('',#4864,1000.);
#1245=VECTOR('',#4865,1000.);
#1246=VECTOR('',#4868,1000.);
#1247=VECTOR('',#4869,1000.);
#1248=VECTOR('',#4872,1000.);
#1249=VECTOR('',#4879,1000.);
#1250=VECTOR('',#4882,1000.);
#1251=VECTOR('',#4883,1000.);
#1252=VECTOR('',#4884,1000.);
#1253=VECTOR('',#4887,1000.);
#1254=VECTOR('',#4890,1000.);
#1255=VECTOR('',#4891,1000.);
#1256=VECTOR('',#4896,1000.);
#1257=VECTOR('',#4897,1000.);
#1258=VECTOR('',#4900,1000.);
#1259=VECTOR('',#4901,1000.);
#1260=VECTOR('',#4902,1000.);
#1261=VECTOR('',#4905,1000.);
#1262=VECTOR('',#4906,1000.);
#1263=VECTOR('',#4907,1000.);
#1264=VECTOR('',#4910,1000.);
#1265=VECTOR('',#4911,1000.);
#1266=VECTOR('',#4914,1000.);
#1267=VECTOR('',#4915,1000.);
#1268=VECTOR('',#4916,1000.);
#1269=VECTOR('',#4919,1000.);
#1270=VECTOR('',#4920,1000.);
#1271=VECTOR('',#4921,1000.);
#1272=VECTOR('',#4924,1000.);
#1273=VECTOR('',#4925,1000.);
#1274=VECTOR('',#4928,1000.);
#1275=VECTOR('',#4929,1000.);
#1276=VECTOR('',#4930,1000.);
#1277=VECTOR('',#4933,1000.);
#1278=VECTOR('',#4934,1000.);
#1279=VECTOR('',#4935,1000.);
#1280=VECTOR('',#4938,1000.);
#1281=VECTOR('',#4939,1000.);
#1282=VECTOR('',#4944,1000.);
#1283=VECTOR('',#4945,1000.);
#1284=VECTOR('',#4950,1000.);
#1285=VECTOR('',#4953,1000.);
#1286=VECTOR('',#4984,1000.);
#1287=VECTOR('',#4985,1000.);
#1288=VECTOR('',#4986,1000.);
#1289=VECTOR('',#4989,1000.);
#1290=VECTOR('',#4994,1000.);
#1291=VECTOR('',#4997,1000.);
#1292=VECTOR('',#4998,1000.);
#1293=VECTOR('',#4999,1000.);
#1294=VECTOR('',#5000,1000.);
#1295=VECTOR('',#5005,1000.);
#1296=VECTOR('',#5006,1000.);
#1297=VECTOR('',#5009,1000.);
#1298=VECTOR('',#5014,1000.);
#1299=VECTOR('',#5021,1000.);
#1300=VECTOR('',#5028,1000.);
#1301=VECTOR('',#5039,1000.);
#1302=VECTOR('',#5052,1000.);
#1303=VECTOR('',#5059,1000.);
#1304=VECTOR('',#5060,1000.);
#1305=VECTOR('',#5063,1000.);
#1306=VECTOR('',#5068,1000.);
#1307=VECTOR('',#5071,1000.);
#1308=VECTOR('',#5072,1000.);
#1309=VECTOR('',#5073,1000.);
#1310=VECTOR('',#5076,1000.);
#1311=VECTOR('',#5077,1000.);
#1312=VECTOR('',#5080,1000.);
#1313=VECTOR('',#5083,1000.);
#1314=VECTOR('',#5102,1000.);
#1315=VECTOR('',#5125,1000.);
#1316=VECTOR('',#5128,1000.);
#1317=VECTOR('',#5133,1000.);
#1318=VECTOR('',#5136,1000.);
#1319=VECTOR('',#5139,1000.);
#1320=VECTOR('',#5142,1000.);
#1321=VECTOR('',#5147,1000.);
#1322=VECTOR('',#5150,1000.);
#1323=VECTOR('',#5153,1000.);
#1324=VECTOR('',#5156,1000.);
#1325=VECTOR('',#5161,1000.);
#1326=VECTOR('',#5164,1000.);
#1327=VECTOR('',#5167,1000.);
#1328=VECTOR('',#5170,1000.);
#1329=VECTOR('',#5175,1000.);
#1330=VECTOR('',#5178,1000.);
#1331=VECTOR('',#5181,1000.);
#1332=VECTOR('',#5184,1000.);
#1333=VECTOR('',#5189,1000.);
#1334=VECTOR('',#5196,1000.);
#1335=VECTOR('',#5199,1000.);
#1336=VECTOR('',#5202,1000.);
#1337=VECTOR('',#5207,1000.);
#1338=VECTOR('',#5214,1000.);
#1339=VECTOR('',#5217,1000.);
#1340=VECTOR('',#5220,1000.);
#1341=VECTOR('',#5225,1000.);
#1342=VECTOR('',#5232,1000.);
#1343=VECTOR('',#5235,1000.);
#1344=VECTOR('',#5238,1000.);
#1345=VECTOR('',#5243,1000.);
#1346=VECTOR('',#5250,1000.);
#1347=VECTOR('',#5255,1000.);
#1348=VECTOR('',#5256,1000.);
#1349=VECTOR('',#5259,1000.);
#1350=VECTOR('',#5260,1000.);
#1351=VECTOR('',#5263,1000.);
#1352=VECTOR('',#5264,1000.);
#1353=VECTOR('',#5267,1000.);
#1354=VECTOR('',#5268,1000.);
#1355=VECTOR('',#5269,1000.);
#1356=VECTOR('',#5270,1000.);
#1357=VECTOR('',#5273,1000.);
#1358=VECTOR('',#5280,1000.);
#1359=VECTOR('',#5281,1000.);
#1360=VECTOR('',#5286,1000.);
#1361=VECTOR('',#5291,1000.);
#1362=VECTOR('',#5292,1000.);
#1363=VECTOR('',#5335,10.);
#1364=VECTOR('',#5336,10.);
#1365=VECTOR('',#5337,10.);
#1366=VECTOR('',#5338,10.);
#1367=VECTOR('',#5341,10.);
#1368=VECTOR('',#5342,10.);
#1369=VECTOR('',#5343,10.);
#1370=VECTOR('',#5346,10.);
#1371=VECTOR('',#5347,10.);
#1372=VECTOR('',#5348,10.);
#1373=VECTOR('',#5351,10.);
#1374=VECTOR('',#5352,10.);
#1375=VECTOR('',#5359,1.25);
#1376=VECTOR('',#5366,1.6);
#1377=VECTOR('',#5373,1.25);
#1378=VECTOR('',#5380,1.6);
#1379=VECTOR('',#5387,1.6);
#1380=VECTOR('',#5394,1.25);
#1381=VECTOR('',#5401,1.25);
#1382=VECTOR('',#5408,1.6);
#1383=VECTOR('',#5413,10.);
#1384=VECTOR('',#5414,10.);
#1385=VECTOR('',#5415,10.);
#1386=VECTOR('',#5416,10.);
#1387=VECTOR('',#5423,10.);
#1388=VECTOR('',#5426,10.);
#1389=VECTOR('',#5427,10.);
#1390=VECTOR('',#5428,10.);
#1391=VECTOR('',#5435,10.);
#1392=VECTOR('',#5438,10.);
#1393=VECTOR('',#5439,10.);
#1394=VECTOR('',#5440,10.);
#1395=VECTOR('',#5447,10.);
#1396=VECTOR('',#5450,10.);
#1397=VECTOR('',#5451,10.);
#1398=VECTOR('',#5452,10.);
#1399=CIRCLE('',#3943,3.15);
#1400=CIRCLE('',#3944,3.15);
#1401=CIRCLE('',#3946,3.15);
#1402=CIRCLE('',#3947,3.15);
#1403=CIRCLE('',#3949,3.15);
#1404=CIRCLE('',#3950,3.15);
#1405=CIRCLE('',#3952,9.00000000000001);
#1406=CIRCLE('',#3953,9.00000000000001);
#1407=CIRCLE('',#3955,5.50000000000001);
#1408=CIRCLE('',#3956,5.50000000000001);
#1409=CIRCLE('',#3958,2.29534568996304);
#1410=CIRCLE('',#3959,2.29534568996304);
#1411=CIRCLE('',#3961,15.);
#1412=CIRCLE('',#3962,15.);
#1413=CIRCLE('',#3964,2.29534568996301);
#1414=CIRCLE('',#3965,2.29534568996301);
#1415=CIRCLE('',#3967,15.);
#1416=CIRCLE('',#3968,15.);
#1417=CIRCLE('',#3972,20.);
#1418=CIRCLE('',#3973,20.);
#1419=CIRCLE('',#3975,19.3649167310371);
#1420=CIRCLE('',#3976,19.3649167310371);
#1421=CIRCLE('',#3977,20.);
#1422=CIRCLE('',#3978,20.);
#1423=CIRCLE('',#3980,20.);
#1424=CIRCLE('',#3986,20.);
#1425=CIRCLE('',#3987,20.);
#1426=CIRCLE('',#3993,50.);
#1427=CIRCLE('',#4000,5.);
#1428=CIRCLE('',#4001,5.);
#1429=CIRCLE('',#4003,5.);
#1430=CIRCLE('',#4009,5.);
#1431=CIRCLE('',#4010,5.);
#1432=CIRCLE('',#4012,5.);
#1433=CIRCLE('',#4015,35.);
#1434=CIRCLE('',#4016,35.);
#1435=CIRCLE('',#4018,2.);
#1436=CIRCLE('',#4019,2.);
#1437=CIRCLE('',#4031,3.);
#1438=CIRCLE('',#4034,3.);
#1439=CIRCLE('',#4049,3.15);
#1440=CIRCLE('',#4050,3.15);
#1441=CIRCLE('',#4052,3.15);
#1442=CIRCLE('',#4053,3.15);
#1443=CIRCLE('',#4055,3.15);
#1444=CIRCLE('',#4056,3.15);
#1445=CIRCLE('',#4058,67.75);
#1446=CIRCLE('',#4059,67.75);
#1447=CIRCLE('',#4060,67.25);
#1448=CIRCLE('',#4062,75.3);
#1449=CIRCLE('',#4063,75.8);
#1450=CIRCLE('',#4064,75.5);
#1451=CIRCLE('',#4065,75.8);
#1452=CIRCLE('',#4067,67.75);
#1453=CIRCLE('',#4069,75.3);
#1454=CIRCLE('',#4071,1.6);
#1455=CIRCLE('',#4072,1.6);
#1456=CIRCLE('',#4074,1.6);
#1457=CIRCLE('',#4075,1.6);
#1458=CIRCLE('',#4077,15.);
#1459=CIRCLE('',#4078,15.);
#1460=CIRCLE('',#4081,20.);
#1461=CIRCLE('',#4083,40.);
#1462=CIRCLE('',#4085,40.);
#1463=CIRCLE('',#4087,123.829355962624);
#1464=CIRCLE('',#4092,50.);
#1465=CIRCLE('',#4095,45.);
#1466=CIRCLE('',#4097,45.);
#1467=CIRCLE('',#4098,15.);
#1468=CIRCLE('',#4099,15.);
#1469=CIRCLE('',#4101,90.5);
#1470=CIRCLE('',#4105,5.);
#1471=CIRCLE('',#4108,35.);
#1472=CIRCLE('',#4109,35.);
#1473=CIRCLE('',#4110,35.);
#1474=CIRCLE('',#4114,2.);
#1475=CIRCLE('',#4115,2.);
#1476=CIRCLE('',#4116,90.5);
#1477=CIRCLE('',#4117,2.);
#1478=CIRCLE('',#4118,2.);
#1479=CIRCLE('',#4119,95.5);
#1480=CIRCLE('',#4121,20.);
#1481=CIRCLE('',#4133,20.);
#1482=CIRCLE('',#4134,10.);
#1483=CIRCLE('',#4136,20.);
#1484=CIRCLE('',#4138,20.);
#1485=CIRCLE('',#4139,19.3649167310371);
#1486=CIRCLE('',#4140,20.);
#1487=CIRCLE('',#4142,20.);
#1488=CIRCLE('',#4143,90.5);
#1489=CIRCLE('',#4144,75.5);
#1490=CIRCLE('',#4146,19.3649167310371);
#1491=CIRCLE('',#4147,17.9834207626246);
#1492=CIRCLE('',#4148,20.);
#1493=CIRCLE('',#4150,123.829355962624);
#1494=CIRCLE('',#4153,2.);
#1495=CIRCLE('',#4154,2.);
#1496=CIRCLE('',#4155,2.);
#1497=CIRCLE('',#4156,2.);
#1498=CIRCLE('',#4159,30.);
#1499=CIRCLE('',#4161,30.);
#1500=CIRCLE('',#4163,10.);
#1501=CIRCLE('',#4165,10.);
#1502=CIRCLE('',#4167,10.);
#1503=CIRCLE('',#4169,113.829355962624);
#1504=CIRCLE('',#4170,10.);
#1505=CIRCLE('',#4172,10.);
#1506=CIRCLE('',#4174,10.);
#1507=CIRCLE('',#4176,20.);
#1508=CIRCLE('',#4179,20.);
#1509=CIRCLE('',#4182,95.5);
#1510=CIRCLE('',#4187,90.5);
#1511=CIRCLE('',#4191,5.);
#1512=CIRCLE('',#4193,5.);
#1513=CIRCLE('',#4194,5.);
#1514=CIRCLE('',#4196,5.);
#1515=CIRCLE('',#4198,5.);
#1516=CIRCLE('',#4200,5.);
#1517=CIRCLE('',#4202,5.);
#1518=CIRCLE('',#4204,5.);
#1519=CIRCLE('',#4208,10.);
#1520=CIRCLE('',#4209,10.);
#1521=CIRCLE('',#4211,6.00000000000006);
#1522=CIRCLE('',#4213,10.);
#1523=CIRCLE('',#4214,10.);
#1524=CIRCLE('',#4216,5.9999999999999);
#1525=CIRCLE('',#4218,10.);
#1526=CIRCLE('',#4219,10.);
#1527=CIRCLE('',#4221,6.0000000000001);
#1528=CIRCLE('',#4223,10.);
#1529=CIRCLE('',#4224,10.);
#1530=CIRCLE('',#4226,6.0000000000001);
#1531=CIRCLE('',#4228,5.);
#1532=CIRCLE('',#4229,5.);
#1533=CIRCLE('',#4232,13.);
#1534=CIRCLE('',#4235,5.);
#1535=CIRCLE('',#4236,5.);
#1536=CIRCLE('',#4239,13.);
#1537=CIRCLE('',#4242,5.);
#1538=CIRCLE('',#4243,5.);
#1539=CIRCLE('',#4246,13.);
#1540=CIRCLE('',#4249,5.);
#1541=CIRCLE('',#4250,5.);
#1542=CIRCLE('',#4253,13.);
#1543=CIRCLE('',#4261,2.);
#1544=CIRCLE('',#4262,2.);
#1545=CIRCLE('',#4265,2.);
#1546=CIRCLE('',#4266,2.);
#1547=CIRCLE('',#4294,1.25);
#1548=CIRCLE('',#4295,1.25);
#1549=CIRCLE('',#4297,1.6);
#1550=CIRCLE('',#4298,1.6);
#1551=CIRCLE('',#4300,1.25);
#1552=CIRCLE('',#4301,1.25);
#1553=CIRCLE('',#4303,1.6);
#1554=CIRCLE('',#4304,1.6);
#1555=CIRCLE('',#4306,1.6);
#1556=CIRCLE('',#4307,1.6);
#1557=CIRCLE('',#4309,1.25);
#1558=CIRCLE('',#4310,1.25);
#1559=CIRCLE('',#4312,1.25);
#1560=CIRCLE('',#4313,1.25);
#1561=CIRCLE('',#4315,1.6);
#1562=CIRCLE('',#4316,1.6);
#1563=CIRCLE('',#4319,3.00000000000001);
#1564=CIRCLE('',#4320,3.00000000000001);
#1565=CIRCLE('',#4323,3.);
#1566=CIRCLE('',#4324,3.);
#1567=CIRCLE('',#4327,3.);
#1568=CIRCLE('',#4328,3.);
#1569=CIRCLE('',#4331,3.);
#1570=CIRCLE('',#4332,3.);
#1571=VERTEX_POINT('',#5465);
#1572=VERTEX_POINT('',#5467);
#1573=VERTEX_POINT('',#5471);
#1574=VERTEX_POINT('',#5473);
#1575=VERTEX_POINT('',#5477);
#1576=VERTEX_POINT('',#5479);
#1577=VERTEX_POINT('',#5483);
#1578=VERTEX_POINT('',#5485);
#1579=VERTEX_POINT('',#5489);
#1580=VERTEX_POINT('',#5491);
#1581=VERTEX_POINT('',#5495);
#1582=VERTEX_POINT('',#5497);
#1583=VERTEX_POINT('',#5501);
#1584=VERTEX_POINT('',#5502);
#1585=VERTEX_POINT('',#5504);
#1586=VERTEX_POINT('',#5506);
#1587=VERTEX_POINT('',#5510);
#1588=VERTEX_POINT('',#5512);
#1589=VERTEX_POINT('',#5516);
#1590=VERTEX_POINT('',#5517);
#1591=VERTEX_POINT('',#5519);
#1592=VERTEX_POINT('',#5521);
#1593=VERTEX_POINT('',#5525);
#1594=VERTEX_POINT('',#5527);
#1595=VERTEX_POINT('',#5529);
#1596=VERTEX_POINT('',#5531);
#1597=VERTEX_POINT('',#5536);
#1598=VERTEX_POINT('',#5537);
#1599=VERTEX_POINT('',#5539);
#1600=VERTEX_POINT('',#5541);
#1601=VERTEX_POINT('',#5545);
#1602=VERTEX_POINT('',#5546);
#1603=VERTEX_POINT('',#5548);
#1604=VERTEX_POINT('',#5550);
#1605=VERTEX_POINT('',#5554);
#1606=VERTEX_POINT('',#5556);
#1607=VERTEX_POINT('',#5567);
#1608=VERTEX_POINT('',#5569);
#1609=VERTEX_POINT('',#5573);
#1610=VERTEX_POINT('',#5575);
#1611=VERTEX_POINT('',#5587);
#1612=VERTEX_POINT('',#5591);
#1613=VERTEX_POINT('',#5592);
#1614=VERTEX_POINT('',#5597);
#1615=VERTEX_POINT('',#5599);
#1616=VERTEX_POINT('',#5601);
#1617=VERTEX_POINT('',#5605);
#1618=VERTEX_POINT('',#5606);
#1619=VERTEX_POINT('',#5608);
#1620=VERTEX_POINT('',#5610);
#1621=VERTEX_POINT('',#5619);
#1622=VERTEX_POINT('',#5629);
#1623=VERTEX_POINT('',#5631);
#1624=VERTEX_POINT('',#5633);
#1625=VERTEX_POINT('',#5637);
#1626=VERTEX_POINT('',#5641);
#1627=VERTEX_POINT('',#5642);
#1628=VERTEX_POINT('',#5644);
#1629=VERTEX_POINT('',#5646);
#1630=VERTEX_POINT('',#5650);
#1631=VERTEX_POINT('',#5651);
#1632=VERTEX_POINT('',#5656);
#1633=VERTEX_POINT('',#5657);
#1634=VERTEX_POINT('',#5659);
#1635=VERTEX_POINT('',#5661);
#1636=VERTEX_POINT('',#5665);
#1637=VERTEX_POINT('',#5666);
#1638=VERTEX_POINT('',#5668);
#1639=VERTEX_POINT('',#5670);
#1640=VERTEX_POINT('',#5672);
#1641=VERTEX_POINT('',#5676);
#1642=VERTEX_POINT('',#5677);
#1643=VERTEX_POINT('',#5681);
#1644=VERTEX_POINT('',#5683);
#1645=VERTEX_POINT('',#5685);
#1646=VERTEX_POINT('',#5687);
#1647=VERTEX_POINT('',#5689);
#1648=VERTEX_POINT('',#5691);
#1649=VERTEX_POINT('',#5701);
#1650=VERTEX_POINT('',#5713);
#1651=VERTEX_POINT('',#5714);
#1652=VERTEX_POINT('',#5718);
#1653=VERTEX_POINT('',#5720);
#1654=VERTEX_POINT('',#5730);
#1655=VERTEX_POINT('',#5732);
#1656=VERTEX_POINT('',#5736);
#1657=VERTEX_POINT('',#5737);
#1658=VERTEX_POINT('',#5740);
#1659=VERTEX_POINT('',#5742);
#1660=VERTEX_POINT('',#5744);
#1661=VERTEX_POINT('',#5746);
#1662=VERTEX_POINT('',#5759);
#1663=VERTEX_POINT('',#5761);
#1664=VERTEX_POINT('',#5765);
#1665=VERTEX_POINT('',#5767);
#1666=VERTEX_POINT('',#5773);
#1667=VERTEX_POINT('',#5775);
#1668=VERTEX_POINT('',#5780);
#1669=VERTEX_POINT('',#5782);
#1670=VERTEX_POINT('',#5790);
#1671=VERTEX_POINT('',#5792);
#1672=VERTEX_POINT('',#5794);
#1673=VERTEX_POINT('',#5801);
#1674=VERTEX_POINT('',#5802);
#1675=VERTEX_POINT('',#5805);
#1676=VERTEX_POINT('',#5825);
#1677=VERTEX_POINT('',#5827);
#1678=VERTEX_POINT('',#5831);
#1679=VERTEX_POINT('',#5833);
#1680=VERTEX_POINT('',#5837);
#1681=VERTEX_POINT('',#5839);
#1682=VERTEX_POINT('',#5843);
#1683=VERTEX_POINT('',#5844);
#1684=VERTEX_POINT('',#5847);
#1685=VERTEX_POINT('',#5851);
#1686=VERTEX_POINT('',#5853);
#1687=VERTEX_POINT('',#5855);
#1688=VERTEX_POINT('',#5857);
#1689=VERTEX_POINT('',#5864);
#1690=VERTEX_POINT('',#5866);
#1691=VERTEX_POINT('',#5875);
#1692=VERTEX_POINT('',#5879);
#1693=VERTEX_POINT('',#5883);
#1694=VERTEX_POINT('',#5885);
#1695=VERTEX_POINT('',#5889);
#1696=VERTEX_POINT('',#5891);
#1697=VERTEX_POINT('',#5895);
#1698=VERTEX_POINT('',#5896);
#1699=VERTEX_POINT('',#5898);
#1700=VERTEX_POINT('',#5900);
#1701=VERTEX_POINT('',#5902);
#1702=VERTEX_POINT('',#5904);
#1703=VERTEX_POINT('',#5906);
#1704=VERTEX_POINT('',#5908);
#1705=VERTEX_POINT('',#5912);
#1706=VERTEX_POINT('',#5913);
#1707=VERTEX_POINT('',#5915);
#1708=VERTEX_POINT('',#5917);
#1709=VERTEX_POINT('',#5921);
#1710=VERTEX_POINT('',#5922);
#1711=VERTEX_POINT('',#5924);
#1712=VERTEX_POINT('',#5926);
#1713=VERTEX_POINT('',#6023);
#1714=VERTEX_POINT('',#6025);
#1715=VERTEX_POINT('',#6027);
#1716=VERTEX_POINT('',#6029);
#1717=VERTEX_POINT('',#6031);
#1718=VERTEX_POINT('',#6035);
#1719=VERTEX_POINT('',#6036);
#1720=VERTEX_POINT('',#6038);
#1721=VERTEX_POINT('',#6040);
#1722=VERTEX_POINT('',#6042);
#1723=VERTEX_POINT('',#6044);
#1724=VERTEX_POINT('',#6051);
#1725=VERTEX_POINT('',#6053);
#1726=VERTEX_POINT('',#6055);
#1727=VERTEX_POINT('',#6057);
#1728=VERTEX_POINT('',#6071);
#1729=VERTEX_POINT('',#6072);
#1730=VERTEX_POINT('',#6074);
#1731=VERTEX_POINT('',#6076);
#1732=VERTEX_POINT('',#6080);
#1733=VERTEX_POINT('',#6081);
#1734=VERTEX_POINT('',#6083);
#1735=VERTEX_POINT('',#6085);
#1736=VERTEX_POINT('',#6087);
#1737=VERTEX_POINT('',#6089);
#1738=VERTEX_POINT('',#6091);
#1739=VERTEX_POINT('',#6093);
#1740=VERTEX_POINT('',#6095);
#1741=VERTEX_POINT('',#6097);
#1742=VERTEX_POINT('',#6099);
#1743=VERTEX_POINT('',#6101);
#1744=VERTEX_POINT('',#6103);
#1745=VERTEX_POINT('',#6107);
#1746=VERTEX_POINT('',#6108);
#1747=VERTEX_POINT('',#6110);
#1748=VERTEX_POINT('',#6112);
#1749=VERTEX_POINT('',#6114);
#1750=VERTEX_POINT('',#6116);
#1751=VERTEX_POINT('',#6118);
#1752=VERTEX_POINT('',#6120);
#1753=VERTEX_POINT('',#6122);
#1754=VERTEX_POINT('',#6127);
#1755=VERTEX_POINT('',#6129);
#1756=VERTEX_POINT('',#6140);
#1757=VERTEX_POINT('',#6142);
#1758=VERTEX_POINT('',#6155);
#1759=VERTEX_POINT('',#6156);
#1760=VERTEX_POINT('',#6158);
#1761=VERTEX_POINT('',#6160);
#1762=VERTEX_POINT('',#6162);
#1763=VERTEX_POINT('',#6164);
#1764=VERTEX_POINT('',#6166);
#1765=VERTEX_POINT('',#6168);
#1766=VERTEX_POINT('',#6175);
#1767=VERTEX_POINT('',#6178);
#1768=VERTEX_POINT('',#6188);
#1769=VERTEX_POINT('',#6190);
#1770=VERTEX_POINT('',#6192);
#1771=VERTEX_POINT('',#6194);
#1772=VERTEX_POINT('',#6196);
#1773=VERTEX_POINT('',#6198);
#1774=VERTEX_POINT('',#6200);
#1775=VERTEX_POINT('',#6202);
#1776=VERTEX_POINT('',#6204);
#1777=VERTEX_POINT('',#6206);
#1778=VERTEX_POINT('',#6209);
#1779=VERTEX_POINT('',#6211);
#1780=VERTEX_POINT('',#6216);
#1781=VERTEX_POINT('',#6221);
#1782=VERTEX_POINT('',#6230);
#1783=VERTEX_POINT('',#6232);
#1784=VERTEX_POINT('',#6236);
#1785=VERTEX_POINT('',#6238);
#1786=VERTEX_POINT('',#6245);
#1787=VERTEX_POINT('',#6247);
#1788=VERTEX_POINT('',#6251);
#1789=VERTEX_POINT('',#6253);
#1790=VERTEX_POINT('',#6260);
#1791=VERTEX_POINT('',#6262);
#1792=VERTEX_POINT('',#6266);
#1793=VERTEX_POINT('',#6268);
#1794=VERTEX_POINT('',#6272);
#1795=VERTEX_POINT('',#6276);
#1796=VERTEX_POINT('',#6277);
#1797=VERTEX_POINT('',#6279);
#1798=VERTEX_POINT('',#6281);
#1799=VERTEX_POINT('',#6443);
#1800=VERTEX_POINT('',#6462);
#1801=VERTEX_POINT('',#6473);
#1802=VERTEX_POINT('',#6475);
#1803=VERTEX_POINT('',#6479);
#1804=VERTEX_POINT('',#6480);
#1805=VERTEX_POINT('',#6482);
#1806=VERTEX_POINT('',#6487);
#1807=VERTEX_POINT('',#6497);
#1808=VERTEX_POINT('',#6498);
#1809=VERTEX_POINT('',#6503);
#1810=VERTEX_POINT('',#6505);
#1811=VERTEX_POINT('',#6517);
#1812=VERTEX_POINT('',#6519);
#1813=VERTEX_POINT('',#6523);
#1814=VERTEX_POINT('',#6524);
#1815=VERTEX_POINT('',#6527);
#1816=VERTEX_POINT('',#6529);
#1817=VERTEX_POINT('',#6531);
#1818=VERTEX_POINT('',#6534);
#1819=VERTEX_POINT('',#6536);
#1820=VERTEX_POINT('',#6538);
#1821=VERTEX_POINT('',#6542);
#1822=VERTEX_POINT('',#6559);
#1823=VERTEX_POINT('',#6579);
#1824=VERTEX_POINT('',#6580);
#1825=VERTEX_POINT('',#6750);
#1826=VERTEX_POINT('',#6917);
#1827=VERTEX_POINT('',#6926);
#1828=VERTEX_POINT('',#6930);
#1829=VERTEX_POINT('',#7163);
#1830=VERTEX_POINT('',#7167);
#1831=VERTEX_POINT('',#7173);
#1832=VERTEX_POINT('',#7175);
#1833=VERTEX_POINT('',#7179);
#1834=VERTEX_POINT('',#7183);
#1835=VERTEX_POINT('',#7206);
#1836=VERTEX_POINT('',#7208);
#1837=VERTEX_POINT('',#7210);
#1838=VERTEX_POINT('',#7698);
#1839=VERTEX_POINT('',#7699);
#1840=VERTEX_POINT('',#7701);
#1841=VERTEX_POINT('',#7703);
#1842=VERTEX_POINT('',#7707);
#1843=VERTEX_POINT('',#7709);
#1844=VERTEX_POINT('',#7713);
#1845=VERTEX_POINT('',#7714);
#1846=VERTEX_POINT('',#7716);
#1847=VERTEX_POINT('',#7718);
#1848=VERTEX_POINT('',#7722);
#1849=VERTEX_POINT('',#7724);
#1850=VERTEX_POINT('',#7728);
#1851=VERTEX_POINT('',#7729);
#1852=VERTEX_POINT('',#7731);
#1853=VERTEX_POINT('',#7733);
#1854=VERTEX_POINT('',#7737);
#1855=VERTEX_POINT('',#7739);
#1856=VERTEX_POINT('',#7743);
#1857=VERTEX_POINT('',#7744);
#1858=VERTEX_POINT('',#7746);
#1859=VERTEX_POINT('',#7748);
#1860=VERTEX_POINT('',#7752);
#1861=VERTEX_POINT('',#7754);
#1862=VERTEX_POINT('',#7758);
#1863=VERTEX_POINT('',#7759);
#1864=VERTEX_POINT('',#7761);
#1865=VERTEX_POINT('',#7763);
#1866=VERTEX_POINT('',#7770);
#1867=VERTEX_POINT('',#7783);
#1868=VERTEX_POINT('',#7801);
#1869=VERTEX_POINT('',#7802);
#1870=VERTEX_POINT('',#7804);
#1871=VERTEX_POINT('',#7806);
#1872=VERTEX_POINT('',#7813);
#1873=VERTEX_POINT('',#7826);
#1874=VERTEX_POINT('',#7844);
#1875=VERTEX_POINT('',#7845);
#1876=VERTEX_POINT('',#7847);
#1877=VERTEX_POINT('',#7849);
#1878=VERTEX_POINT('',#7856);
#1879=VERTEX_POINT('',#7869);
#1880=VERTEX_POINT('',#7887);
#1881=VERTEX_POINT('',#7888);
#1882=VERTEX_POINT('',#7890);
#1883=VERTEX_POINT('',#7892);
#1884=VERTEX_POINT('',#7899);
#1885=VERTEX_POINT('',#7912);
#1886=VERTEX_POINT('',#7940);
#1887=VERTEX_POINT('',#7943);
#1888=VERTEX_POINT('',#7947);
#1889=VERTEX_POINT('',#7948);
#1890=VERTEX_POINT('',#7956);
#1891=VERTEX_POINT('',#7958);
#1892=VERTEX_POINT('',#7985);
#1893=VERTEX_POINT('',#7986);
#1894=VERTEX_POINT('',#7988);
#1895=VERTEX_POINT('',#7990);
#1896=VERTEX_POINT('',#7994);
#1897=VERTEX_POINT('',#7996);
#1898=VERTEX_POINT('',#8000);
#1899=VERTEX_POINT('',#8002);
#1900=VERTEX_POINT('',#8010);
#1901=VERTEX_POINT('',#8012);
#1902=VERTEX_POINT('',#8016);
#1903=VERTEX_POINT('',#8018);
#1904=VERTEX_POINT('',#8022);
#1905=VERTEX_POINT('',#8024);
#1906=VERTEX_POINT('',#8028);
#1907=VERTEX_POINT('',#8030);
#1908=VERTEX_POINT('',#8034);
#1909=VERTEX_POINT('',#8036);
#1910=VERTEX_POINT('',#8040);
#1911=VERTEX_POINT('',#8042);
#1912=VERTEX_POINT('',#8046);
#1913=VERTEX_POINT('',#8048);
#1914=VERTEX_POINT('',#8052);
#1915=VERTEX_POINT('',#8054);
#1916=VERTEX_POINT('',#8058);
#1917=VERTEX_POINT('',#8059);
#1918=VERTEX_POINT('',#8061);
#1919=VERTEX_POINT('',#8063);
#1920=VERTEX_POINT('',#8067);
#1921=VERTEX_POINT('',#8069);
#1922=VERTEX_POINT('',#8073);
#1923=VERTEX_POINT('',#8075);
#1924=VERTEX_POINT('',#8079);
#1925=VERTEX_POINT('',#8081);
#1926=VERTEX_POINT('',#8085);
#1927=VERTEX_POINT('',#8087);
#1928=VERTEX_POINT('',#8091);
#1929=VERTEX_POINT('',#8093);
#1930=VERTEX_POINT('',#8097);
#1931=VERTEX_POINT('',#8099);
#1932=EDGE_CURVE('',#1571,#1571,#1399,.T.);
#1933=EDGE_CURVE('',#1571,#1572,#719,.T.);
#1934=EDGE_CURVE('',#1572,#1572,#1400,.T.);
#1935=EDGE_CURVE('',#1573,#1573,#1401,.T.);
#1936=EDGE_CURVE('',#1573,#1574,#720,.T.);
#1937=EDGE_CURVE('',#1574,#1574,#1402,.T.);
#1938=EDGE_CURVE('',#1575,#1575,#1403,.T.);
#1939=EDGE_CURVE('',#1575,#1576,#721,.T.);
#1940=EDGE_CURVE('',#1576,#1576,#1404,.T.);
#1941=EDGE_CURVE('',#1577,#1577,#1405,.T.);
#1942=EDGE_CURVE('',#1577,#1578,#722,.T.);
#1943=EDGE_CURVE('',#1578,#1578,#1406,.T.);
#1944=EDGE_CURVE('',#1579,#1579,#1407,.T.);
#1945=EDGE_CURVE('',#1579,#1580,#723,.T.);
#1946=EDGE_CURVE('',#1580,#1580,#1408,.T.);
#1947=EDGE_CURVE('',#1581,#1581,#1409,.T.);
#1948=EDGE_CURVE('',#1581,#1582,#724,.T.);
#1949=EDGE_CURVE('',#1582,#1582,#1410,.T.);
#1950=EDGE_CURVE('',#1583,#1584,#1411,.T.);
#1951=EDGE_CURVE('',#1583,#1585,#725,.T.);
#1952=EDGE_CURVE('',#1585,#1586,#1412,.T.);
#1953=EDGE_CURVE('',#1586,#1584,#726,.T.);
#1954=EDGE_CURVE('',#1587,#1587,#1413,.T.);
#1955=EDGE_CURVE('',#1587,#1588,#727,.T.);
#1956=EDGE_CURVE('',#1588,#1588,#1414,.T.);
#1957=EDGE_CURVE('',#1589,#1590,#1415,.T.);
#1958=EDGE_CURVE('',#1589,#1591,#728,.T.);
#1959=EDGE_CURVE('',#1591,#1592,#1416,.T.);
#1960=EDGE_CURVE('',#1592,#1590,#729,.T.);
#1961=EDGE_CURVE('',#1593,#1585,#730,.T.);
#1962=EDGE_CURVE('',#1594,#1593,#731,.T.);
#1963=EDGE_CURVE('',#1594,#1595,#732,.T.);
#1964=EDGE_CURVE('',#1595,#1596,#733,.T.);
#1965=EDGE_CURVE('',#1592,#1596,#734,.T.);
#1966=EDGE_CURVE('',#1586,#1591,#735,.T.);
#1967=EDGE_CURVE('',#1597,#1598,#736,.T.);
#1968=EDGE_CURVE('',#1599,#1597,#737,.T.);
#1969=EDGE_CURVE('',#1599,#1600,#738,.T.);
#1970=EDGE_CURVE('',#1600,#1598,#739,.T.);
#1971=EDGE_CURVE('',#1601,#1602,#1417,.T.);
#1972=EDGE_CURVE('',#1601,#1603,#740,.T.);
#1973=EDGE_CURVE('',#1604,#1603,#1418,.T.);
#1974=EDGE_CURVE('',#1602,#1604,#741,.T.);
#1975=EDGE_CURVE('',#1603,#1605,#1419,.T.);
#1976=EDGE_CURVE('',#1605,#1606,#55,.T.);
#1977=EDGE_CURVE('',#1606,#1607,#1420,.T.);
#1978=EDGE_CURVE('',#1608,#1607,#1421,.T.);
#1979=EDGE_CURVE('',#1604,#1608,#1422,.T.);
#1980=EDGE_CURVE('',#1607,#1609,#742,.T.);
#1981=EDGE_CURVE('',#1609,#1610,#56,.T.);
#1982=EDGE_CURVE('',#1610,#1600,#1423,.T.);
#1983=EDGE_CURVE('',#1611,#1599,#47,.T.);
#1984=EDGE_CURVE('',#1608,#1611,#743,.T.);
#1985=EDGE_CURVE('',#1612,#1613,#744,.T.);
#1986=EDGE_CURVE('',#1612,#1602,#745,.T.);
#1987=EDGE_CURVE('',#1604,#1613,#746,.T.);
#1988=EDGE_CURVE('',#1614,#1608,#747,.T.);
#1989=EDGE_CURVE('',#1611,#1615,#748,.T.);
#1990=EDGE_CURVE('',#1615,#1616,#749,.T.);
#1991=EDGE_CURVE('',#1614,#1616,#750,.T.);
#1992=EDGE_CURVE('',#1617,#1618,#751,.T.);
#1993=EDGE_CURVE('',#1617,#1619,#752,.T.);
#1994=EDGE_CURVE('',#1619,#1620,#753,.T.);
#1995=EDGE_CURVE('',#1618,#1620,#754,.T.);
#1996=EDGE_CURVE('',#1617,#1612,#755,.T.);
#1997=EDGE_CURVE('',#1613,#1614,#1424,.T.);
#1998=EDGE_CURVE('',#1616,#1619,#1425,.T.);
#1999=EDGE_CURVE('',#1621,#1615,#48,.T.);
#2000=EDGE_CURVE('',#1621,#1595,#57,.T.);
#2001=EDGE_CURVE('',#1620,#1594,#756,.T.);
#2002=EDGE_CURVE('',#1597,#1622,#757,.T.);
#2003=EDGE_CURVE('',#1623,#1622,#758,.T.);
#2004=EDGE_CURVE('',#1624,#1623,#759,.T.);
#2005=EDGE_CURVE('',#1624,#1621,#760,.T.);
#2006=EDGE_CURVE('',#1596,#1625,#1426,.T.);
#2007=EDGE_CURVE('',#1625,#1624,#761,.T.);
#2008=EDGE_CURVE('',#1626,#1627,#762,.T.);
#2009=EDGE_CURVE('',#1627,#1628,#763,.T.);
#2010=EDGE_CURVE('',#1629,#1628,#764,.T.);
#2011=EDGE_CURVE('',#1629,#1626,#765,.T.);
#2012=EDGE_CURVE('',#1630,#1631,#766,.T.);
#2013=EDGE_CURVE('',#1631,#1626,#767,.T.);
#2014=EDGE_CURVE('',#1630,#1629,#768,.T.);
#2015=EDGE_CURVE('',#1632,#1633,#769,.T.);
#2016=EDGE_CURVE('',#1632,#1634,#770,.T.);
#2017=EDGE_CURVE('',#1635,#1634,#771,.T.);
#2018=EDGE_CURVE('',#1633,#1635,#772,.T.);
#2019=EDGE_CURVE('',#1636,#1637,#773,.T.);
#2020=EDGE_CURVE('',#1636,#1638,#774,.T.);
#2021=EDGE_CURVE('',#1639,#1638,#775,.T.);
#2022=EDGE_CURVE('',#1640,#1639,#776,.T.);
#2023=EDGE_CURVE('',#1637,#1640,#777,.T.);
#2024=EDGE_CURVE('',#1641,#1642,#778,.T.);
#2025=EDGE_CURVE('',#1641,#1583,#779,.T.);
#2026=EDGE_CURVE('',#1584,#1589,#780,.T.);
#2027=EDGE_CURVE('',#1590,#1643,#781,.T.);
#2028=EDGE_CURVE('',#1644,#1643,#782,.T.);
#2029=EDGE_CURVE('',#1645,#1644,#783,.T.);
#2030=EDGE_CURVE('',#1645,#1646,#784,.T.);
#2031=EDGE_CURVE('',#1646,#1647,#785,.T.);
#2032=EDGE_CURVE('',#1647,#1648,#786,.T.);
#2033=EDGE_CURVE('',#1642,#1648,#787,.T.);
#2034=EDGE_CURVE('',#1641,#1632,#788,.T.);
#2035=EDGE_CURVE('',#1638,#1642,#1427,.T.);
#2036=EDGE_CURVE('',#1634,#1636,#1428,.T.);
#2037=EDGE_CURVE('',#1635,#1637,#1429,.T.);
#2038=EDGE_CURVE('',#1649,#1639,#49,.T.);
#2039=EDGE_CURVE('',#1648,#1645,#789,.T.);
#2040=EDGE_CURVE('',#1649,#1644,#58,.T.);
#2041=EDGE_CURVE('',#1650,#1651,#790,.T.);
#2042=EDGE_CURVE('',#1631,#1650,#791,.T.);
#2043=EDGE_CURVE('',#1640,#1630,#50,.T.);
#2044=EDGE_CURVE('',#1652,#1649,#792,.T.);
#2045=EDGE_CURVE('',#1653,#1652,#793,.T.);
#2046=EDGE_CURVE('',#1651,#1653,#794,.T.);
#2047=EDGE_CURVE('',#1628,#1633,#1430,.T.);
#2048=EDGE_CURVE('',#1635,#1629,#1431,.T.);
#2049=EDGE_CURVE('',#1637,#1629,#1432,.T.);
#2050=EDGE_CURVE('',#1643,#1654,#1433,.T.);
#2051=EDGE_CURVE('',#1654,#1655,#795,.T.);
#2052=EDGE_CURVE('',#1655,#1652,#1434,.T.);
#2053=EDGE_CURVE('',#1656,#1657,#796,.T.);
#2054=EDGE_CURVE('',#1656,#1627,#797,.T.);
#2055=EDGE_CURVE('',#1650,#1658,#798,.T.);
#2056=EDGE_CURVE('',#1659,#1658,#799,.T.);
#2057=EDGE_CURVE('',#1659,#1660,#1435,.T.);
#2058=EDGE_CURVE('',#1661,#1660,#800,.T.);
#2059=EDGE_CURVE('',#1661,#1657,#1436,.T.);
#2060=EDGE_CURVE('',#1598,#1658,#801,.T.);
#2061=EDGE_CURVE('',#1610,#1659,#802,.T.);
#2062=EDGE_CURVE('',#1656,#1601,#803,.T.);
#2063=EDGE_CURVE('',#1657,#1605,#804,.T.);
#2064=EDGE_CURVE('',#1660,#1609,#805,.T.);
#2065=EDGE_CURVE('',#1606,#1661,#806,.T.);
#2066=EDGE_CURVE('',#1662,#1624,#807,.T.);
#2067=EDGE_CURVE('',#1662,#1663,#808,.T.);
#2068=EDGE_CURVE('',#1663,#1625,#809,.T.);
#2069=EDGE_CURVE('',#1664,#1622,#810,.T.);
#2070=EDGE_CURVE('',#1664,#1665,#811,.T.);
#2071=EDGE_CURVE('',#1665,#1623,#812,.T.);
#2072=EDGE_CURVE('',#1665,#1662,#813,.T.);
#2073=EDGE_CURVE('',#1654,#1666,#814,.T.);
#2074=EDGE_CURVE('',#1666,#1667,#815,.T.);
#2075=EDGE_CURVE('',#1655,#1667,#816,.T.);
#2076=EDGE_CURVE('',#1666,#1663,#817,.T.);
#2077=EDGE_CURVE('',#1664,#1668,#818,.T.);
#2078=EDGE_CURVE('',#1669,#1668,#819,.T.);
#2079=EDGE_CURVE('',#1667,#1669,#820,.T.);
#2080=EDGE_CURVE('',#1668,#1651,#821,.T.);
#2081=EDGE_CURVE('',#1653,#1669,#822,.T.);
#2082=EDGE_CURVE('',#1593,#1670,#823,.T.);
#2083=EDGE_CURVE('',#1671,#1670,#824,.T.);
#2084=EDGE_CURVE('',#1671,#1672,#1437,.T.);
#2085=EDGE_CURVE('',#1646,#1672,#825,.T.);
#2086=EDGE_CURVE('',#1645,#1594,#826,.T.);
#2087=EDGE_CURVE('',#1648,#1620,#827,.T.);
#2088=EDGE_CURVE('',#1673,#1674,#828,.T.);
#2089=EDGE_CURVE('',#1673,#1618,#829,.T.);
#2090=EDGE_CURVE('',#1647,#1675,#830,.T.);
#2091=EDGE_CURVE('',#1675,#1674,#1438,.T.);
#2092=EDGE_CURVE('',#1673,#1670,#831,.T.);
#2093=EDGE_CURVE('',#1674,#1671,#832,.T.);
#2094=EDGE_CURVE('',#1672,#1675,#833,.T.);
#2095=EDGE_CURVE('',#1676,#1676,#1439,.T.);
#2096=EDGE_CURVE('',#1676,#1677,#834,.T.);
#2097=EDGE_CURVE('',#1677,#1677,#1440,.T.);
#2098=EDGE_CURVE('',#1678,#1678,#1441,.T.);
#2099=EDGE_CURVE('',#1678,#1679,#835,.T.);
#2100=EDGE_CURVE('',#1679,#1679,#1442,.T.);
#2101=EDGE_CURVE('',#1680,#1680,#1443,.T.);
#2102=EDGE_CURVE('',#1680,#1681,#836,.T.);
#2103=EDGE_CURVE('',#1681,#1681,#1444,.T.);
#2104=EDGE_CURVE('',#1682,#1683,#1445,.T.);
#2105=EDGE_CURVE('',#1683,#1682,#1446,.T.);
#2106=EDGE_CURVE('',#1683,#1684,#837,.T.);
#2107=EDGE_CURVE('',#1684,#1684,#1447,.T.);
#2108=EDGE_CURVE('',#1685,#1685,#1448,.T.);
#2109=EDGE_CURVE('',#1685,#1686,#838,.T.);
#2110=EDGE_CURVE('',#1687,#1686,#1449,.T.);
#2111=EDGE_CURVE('',#1688,#1687,#59,.T.);
#2112=EDGE_CURVE('',#1689,#1688,#1450,.T.);
#2113=EDGE_CURVE('',#1690,#1689,#60,.T.);
#2114=EDGE_CURVE('',#1686,#1690,#1451,.T.);
#2115=EDGE_CURVE('',#1682,#1691,#839,.T.);
#2116=EDGE_CURVE('',#1691,#1691,#1452,.T.);
#2117=EDGE_CURVE('',#1692,#1692,#1453,.T.);
#2118=EDGE_CURVE('',#1692,#1685,#840,.T.);
#2119=EDGE_CURVE('',#1693,#1693,#1454,.T.);
#2120=EDGE_CURVE('',#1693,#1694,#841,.T.);
#2121=EDGE_CURVE('',#1694,#1694,#1455,.T.);
#2122=EDGE_CURVE('',#1695,#1695,#1456,.T.);
#2123=EDGE_CURVE('',#1695,#1696,#842,.T.);
#2124=EDGE_CURVE('',#1696,#1696,#1457,.T.);
#2125=EDGE_CURVE('',#1697,#1698,#843,.T.);
#2126=EDGE_CURVE('',#1697,#1699,#844,.T.);
#2127=EDGE_CURVE('',#1700,#1699,#1458,.T.);
#2128=EDGE_CURVE('',#1700,#1701,#845,.T.);
#2129=EDGE_CURVE('',#1702,#1701,#1459,.T.);
#2130=EDGE_CURVE('',#1702,#1703,#846,.T.);
#2131=EDGE_CURVE('',#1703,#1704,#847,.T.);
#2132=EDGE_CURVE('',#1704,#1698,#848,.T.);
#2133=EDGE_CURVE('',#1705,#1706,#849,.T.);
#2134=EDGE_CURVE('',#1705,#1707,#850,.T.);
#2135=EDGE_CURVE('',#1707,#1708,#851,.T.);
#2136=EDGE_CURVE('',#1708,#1706,#852,.T.);
#2137=EDGE_CURVE('',#1709,#1710,#853,.T.);
#2138=EDGE_CURVE('',#1710,#1711,#1460,.T.);
#2139=EDGE_CURVE('',#1712,#1711,#854,.T.);
#2140=EDGE_CURVE('',#1712,#1709,#61,.T.);
#2141=EDGE_CURVE('',#1713,#1711,#855,.T.);
#2142=EDGE_CURVE('',#1714,#1713,#856,.T.);
#2143=EDGE_CURVE('',#1714,#1715,#857,.T.);
#2144=EDGE_CURVE('',#1715,#1716,#858,.T.);
#2145=EDGE_CURVE('',#1716,#1717,#1461,.T.);
#2146=EDGE_CURVE('',#1717,#1712,#859,.T.);
#2147=EDGE_CURVE('',#1718,#1719,#860,.T.);
#2148=EDGE_CURVE('',#1719,#1720,#861,.T.);
#2149=EDGE_CURVE('',#1721,#1720,#862,.T.);
#2150=EDGE_CURVE('',#1721,#1722,#1462,.T.);
#2151=EDGE_CURVE('',#1722,#1723,#863,.T.);
#2152=EDGE_CURVE('',#1718,#1723,#864,.T.);
#2153=EDGE_CURVE('',#1719,#1713,#865,.T.);
#2154=EDGE_CURVE('',#1714,#1718,#1463,.T.);
#2155=EDGE_CURVE('',#1705,#1724,#866,.T.);
#2156=EDGE_CURVE('',#1706,#1725,#51,.T.);
#2157=EDGE_CURVE('',#1725,#1726,#867,.T.);
#2158=EDGE_CURVE('',#1726,#1727,#52,.T.);
#2159=EDGE_CURVE('',#1727,#1724,#868,.T.);
#2160=EDGE_CURVE('',#1703,#1724,#1464,.T.);
#2161=EDGE_CURVE('',#1704,#1727,#62,.T.);
#2162=EDGE_CURVE('',#1728,#1729,#869,.T.);
#2163=EDGE_CURVE('',#1728,#1730,#870,.T.);
#2164=EDGE_CURVE('',#1731,#1730,#871,.T.);
#2165=EDGE_CURVE('',#1729,#1731,#872,.T.);
#2166=EDGE_CURVE('',#1732,#1733,#873,.T.);
#2167=EDGE_CURVE('',#1733,#1734,#874,.T.);
#2168=EDGE_CURVE('',#1735,#1734,#875,.T.);
#2169=EDGE_CURVE('',#1736,#1735,#876,.T.);
#2170=EDGE_CURVE('',#1737,#1736,#877,.T.);
#2171=EDGE_CURVE('',#1738,#1737,#878,.T.);
#2172=EDGE_CURVE('',#1738,#1739,#879,.T.);
#2173=EDGE_CURVE('',#1740,#1739,#880,.T.);
#2174=EDGE_CURVE('',#1740,#1741,#881,.T.);
#2175=EDGE_CURVE('',#1742,#1741,#882,.T.);
#2176=EDGE_CURVE('',#1742,#1743,#883,.T.);
#2177=EDGE_CURVE('',#1744,#1743,#884,.T.);
#2178=EDGE_CURVE('',#1744,#1732,#1465,.T.);
#2179=EDGE_CURVE('',#1745,#1746,#885,.T.);
#2180=EDGE_CURVE('',#1747,#1745,#886,.T.);
#2181=EDGE_CURVE('',#1747,#1748,#1466,.T.);
#2182=EDGE_CURVE('',#1748,#1749,#887,.T.);
#2183=EDGE_CURVE('',#1750,#1749,#888,.T.);
#2184=EDGE_CURVE('',#1751,#1750,#889,.T.);
#2185=EDGE_CURVE('',#1751,#1752,#1467,.T.);
#2186=EDGE_CURVE('',#1753,#1752,#890,.T.);
#2187=EDGE_CURVE('',#1753,#1746,#1468,.T.);
#2188=EDGE_CURVE('',#1745,#1733,#891,.T.);
#2189=EDGE_CURVE('',#1732,#1754,#892,.T.);
#2190=EDGE_CURVE('',#1754,#1755,#63,.T.);
#2191=EDGE_CURVE('',#1756,#1755,#1469,.T.);
#2192=EDGE_CURVE('',#1756,#1757,#64,.T.);
#2193=EDGE_CURVE('',#1747,#1757,#893,.T.);
#2194=EDGE_CURVE('',#1758,#1759,#894,.T.);
#2195=EDGE_CURVE('',#1758,#1760,#895,.T.);
#2196=EDGE_CURVE('',#1761,#1760,#896,.T.);
#2197=EDGE_CURVE('',#1762,#1761,#897,.T.);
#2198=EDGE_CURVE('',#1763,#1762,#898,.T.);
#2199=EDGE_CURVE('',#1764,#1763,#899,.T.);
#2200=EDGE_CURVE('',#1765,#1764,#53,.T.);
#2201=EDGE_CURVE('',#1765,#1759,#900,.T.);
#2202=EDGE_CURVE('',#1729,#1734,#1470,.T.);
#2203=EDGE_CURVE('',#1735,#1731,#54,.T.);
#2204=EDGE_CURVE('',#1750,#1766,#1471,.T.);
#2205=EDGE_CURVE('',#1749,#1763,#1472,.T.);
#2206=EDGE_CURVE('',#1762,#1767,#1473,.T.);
#2207=EDGE_CURVE('',#1767,#1766,#901,.T.);
#2208=EDGE_CURVE('',#1702,#1751,#902,.T.);
#2209=EDGE_CURVE('',#1752,#1701,#903,.T.);
#2210=EDGE_CURVE('',#1700,#1753,#904,.T.);
#2211=EDGE_CURVE('',#1746,#1699,#905,.T.);
#2212=EDGE_CURVE('',#1768,#1728,#906,.T.);
#2213=EDGE_CURVE('',#1769,#1768,#907,.T.);
#2214=EDGE_CURVE('',#1769,#1770,#1474,.T.);
#2215=EDGE_CURVE('',#1771,#1770,#908,.T.);
#2216=EDGE_CURVE('',#1771,#1772,#1475,.T.);
#2217=EDGE_CURVE('',#1773,#1772,#1476,.T.);
#2218=EDGE_CURVE('',#1773,#1774,#1477,.T.);
#2219=EDGE_CURVE('',#1775,#1774,#909,.T.);
#2220=EDGE_CURVE('',#1775,#1776,#1478,.T.);
#2221=EDGE_CURVE('',#1777,#1776,#910,.T.);
#2222=EDGE_CURVE('',#1758,#1777,#911,.T.);
#2223=EDGE_CURVE('',#1778,#1759,#912,.T.);
#2224=EDGE_CURVE('',#1779,#1778,#1479,.T.);
#2225=EDGE_CURVE('',#1730,#1779,#913,.T.);
#2226=EDGE_CURVE('',#1707,#1777,#914,.T.);
#2227=EDGE_CURVE('',#1776,#1780,#915,.T.);
#2228=EDGE_CURVE('',#1708,#1780,#1480,.T.);
#2229=EDGE_CURVE('',#1768,#1710,#916,.T.);
#2230=EDGE_CURVE('',#1781,#1709,#65,.T.);
#2231=EDGE_CURVE('',#1781,#1769,#917,.T.);
#2232=EDGE_CURVE('',#1766,#1782,#918,.T.);
#2233=EDGE_CURVE('',#1767,#1783,#919,.T.);
#2234=EDGE_CURVE('',#1783,#1782,#920,.T.);
#2235=EDGE_CURVE('',#1782,#1784,#921,.T.);
#2236=EDGE_CURVE('',#1785,#1783,#922,.T.);
#2237=EDGE_CURVE('',#1784,#1785,#923,.T.);
#2238=EDGE_CURVE('',#1784,#1760,#924,.T.);
#2239=EDGE_CURVE('',#1761,#1785,#925,.T.);
#2240=EDGE_CURVE('',#1697,#1786,#926,.T.);
#2241=EDGE_CURVE('',#1787,#1698,#927,.T.);
#2242=EDGE_CURVE('',#1786,#1787,#928,.T.);
#2243=EDGE_CURVE('',#1788,#1720,#929,.T.);
#2244=EDGE_CURVE('',#1789,#1788,#930,.T.);
#2245=EDGE_CURVE('',#1789,#1721,#931,.T.);
#2246=EDGE_CURVE('',#1788,#1786,#932,.T.);
#2247=EDGE_CURVE('',#1787,#1789,#933,.T.);
#2248=EDGE_CURVE('',#1790,#1742,#934,.T.);
#2249=EDGE_CURVE('',#1790,#1791,#935,.T.);
#2250=EDGE_CURVE('',#1791,#1743,#936,.T.);
#2251=EDGE_CURVE('',#1737,#1792,#937,.T.);
#2252=EDGE_CURVE('',#1736,#1793,#938,.T.);
#2253=EDGE_CURVE('',#1792,#1793,#939,.T.);
#2254=EDGE_CURVE('',#1794,#1791,#940,.T.);
#2255=EDGE_CURVE('',#1744,#1794,#941,.T.);
#2256=EDGE_CURVE('',#1795,#1796,#1481,.T.);
#2257=EDGE_CURVE('',#1796,#1797,#942,.T.);
#2258=EDGE_CURVE('',#1798,#1797,#66,.T.);
#2259=EDGE_CURVE('',#1795,#1798,#943,.T.);
#2260=EDGE_CURVE('',#1797,#1799,#67,.T.);
#2261=EDGE_CURVE('',#1799,#1781,#68,.T.);
#2262=EDGE_CURVE('',#1798,#1712,#1482,.T.);
#2263=EDGE_CURVE('',#1780,#1800,#69,.T.);
#2264=EDGE_CURVE('',#1800,#1801,#944,.T.);
#2265=EDGE_CURVE('',#1801,#1802,#1483,.T.);
#2266=EDGE_CURVE('',#1725,#1802,#945,.T.);
#2267=EDGE_CURVE('',#1803,#1804,#1484,.T.);
#2268=EDGE_CURVE('',#1803,#1805,#70,.T.);
#2269=EDGE_CURVE('',#1805,#1806,#71,.T.);
#2270=EDGE_CURVE('',#1806,#1796,#1485,.T.);
#2271=EDGE_CURVE('',#1795,#1804,#1486,.T.);
#2272=EDGE_CURVE('',#1807,#1808,#1487,.T.);
#2273=EDGE_CURVE('',#1807,#1803,#1488,.T.);
#2274=EDGE_CURVE('',#1808,#1804,#1489,.T.);
#2275=EDGE_CURVE('',#1801,#1809,#1490,.T.);
#2276=EDGE_CURVE('',#1809,#1810,#72,.T.);
#2277=EDGE_CURVE('',#1810,#1807,#1491,.T.);
#2278=EDGE_CURVE('',#1802,#1808,#1492,.T.);
#2279=EDGE_CURVE('',#1723,#1715,#1493,.T.);
#2280=EDGE_CURVE('',#1802,#1811,#946,.T.);
#2281=EDGE_CURVE('',#1811,#1812,#947,.T.);
#2282=EDGE_CURVE('',#1812,#1726,#948,.T.);
#2283=EDGE_CURVE('',#1813,#1814,#949,.T.);
#2284=EDGE_CURVE('',#1813,#1740,#1494,.T.);
#2285=EDGE_CURVE('',#1739,#1815,#1495,.T.);
#2286=EDGE_CURVE('',#1816,#1815,#950,.T.);
#2287=EDGE_CURVE('',#1816,#1817,#1496,.T.);
#2288=EDGE_CURVE('',#1817,#1795,#951,.T.);
#2289=EDGE_CURVE('',#1798,#1818,#952,.T.);
#2290=EDGE_CURVE('',#1818,#1819,#953,.T.);
#2291=EDGE_CURVE('',#1819,#1820,#954,.T.);
#2292=EDGE_CURVE('',#1820,#1814,#1497,.T.);
#2293=EDGE_CURVE('',#1821,#1689,#73,.T.);
#2294=EDGE_CURVE('',#1688,#1822,#74,.T.);
#2295=EDGE_CURVE('',#1822,#1808,#955,.T.);
#2296=EDGE_CURVE('',#1804,#1821,#956,.T.);
#2297=EDGE_CURVE('',#1823,#1824,#957,.T.);
#2298=EDGE_CURVE('',#1823,#1819,#75,.T.);
#2299=EDGE_CURVE('',#1818,#1824,#1498,.T.);
#2300=EDGE_CURVE('',#1811,#1825,#76,.T.);
#2301=EDGE_CURVE('',#1826,#1825,#958,.T.);
#2302=EDGE_CURVE('',#1826,#1812,#1499,.T.);
#2303=EDGE_CURVE('',#1721,#1812,#1500,.T.);
#2304=EDGE_CURVE('',#1698,#1721,#959,.T.);
#2305=EDGE_CURVE('',#1722,#1826,#1501,.T.);
#2306=EDGE_CURVE('',#1827,#1826,#960,.T.);
#2307=EDGE_CURVE('',#1723,#1827,#1502,.T.);
#2308=EDGE_CURVE('',#1828,#1827,#1503,.T.);
#2309=EDGE_CURVE('',#1715,#1828,#1504,.T.);
#2310=EDGE_CURVE('',#1824,#1828,#961,.T.);
#2311=EDGE_CURVE('',#1716,#1824,#1505,.T.);
#2312=EDGE_CURVE('',#1717,#1818,#1506,.T.);
#2313=EDGE_CURVE('',#1690,#1823,#77,.T.);
#2314=EDGE_CURVE('',#1819,#1821,#1507,.T.);
#2315=EDGE_CURVE('',#1820,#1817,#962,.T.);
#2316=EDGE_CURVE('',#1811,#1822,#1508,.T.);
#2317=EDGE_CURVE('',#1825,#1687,#78,.T.);
#2318=EDGE_CURVE('',#1829,#1778,#963,.T.);
#2319=EDGE_CURVE('',#1829,#1765,#964,.T.);
#2320=EDGE_CURVE('',#1830,#1779,#965,.T.);
#2321=EDGE_CURVE('',#1830,#1829,#1509,.T.);
#2322=EDGE_CURVE('',#1731,#1830,#966,.T.);
#2323=EDGE_CURVE('',#1764,#1831,#967,.T.);
#2324=EDGE_CURVE('',#1832,#1748,#968,.T.);
#2325=EDGE_CURVE('',#1831,#1832,#969,.T.);
#2326=EDGE_CURVE('',#1833,#1735,#970,.T.);
#2327=EDGE_CURVE('',#1793,#1833,#971,.T.);
#2328=EDGE_CURVE('',#1834,#1755,#79,.T.);
#2329=EDGE_CURVE('',#1835,#1834,#972,.T.);
#2330=EDGE_CURVE('',#1836,#1835,#1510,.T.);
#2331=EDGE_CURVE('',#1837,#1836,#973,.T.);
#2332=EDGE_CURVE('',#1756,#1837,#80,.T.);
#2333=EDGE_CURVE('',#1754,#1794,#81,.T.);
#2334=EDGE_CURVE('',#1832,#1757,#82,.T.);
#2335=EDGE_CURVE('',#1833,#1830,#1511,.T.);
#2336=EDGE_CURVE('',#1829,#1831,#1512,.T.);
#2337=EDGE_CURVE('',#1794,#1834,#1513,.T.);
#2338=EDGE_CURVE('',#1833,#1835,#1514,.T.);
#2339=EDGE_CURVE('',#1793,#1791,#974,.T.);
#2340=EDGE_CURVE('',#1830,#1835,#1515,.T.);
#2341=EDGE_CURVE('',#1829,#1836,#1516,.T.);
#2342=EDGE_CURVE('',#1831,#1836,#1517,.T.);
#2343=EDGE_CURVE('',#1832,#1837,#1518,.T.);
#2344=EDGE_CURVE('',#1838,#1839,#975,.T.);
#2345=EDGE_CURVE('',#1839,#1840,#1519,.T.);
#2346=EDGE_CURVE('',#1841,#1840,#976,.T.);
#2347=EDGE_CURVE('',#1838,#1841,#1520,.T.);
#2348=EDGE_CURVE('',#1842,#1841,#977,.T.);
#2349=EDGE_CURVE('',#1842,#1843,#1521,.T.);
#2350=EDGE_CURVE('',#1843,#1838,#978,.T.);
#2351=EDGE_CURVE('',#1844,#1845,#979,.T.);
#2352=EDGE_CURVE('',#1845,#1846,#1522,.T.);
#2353=EDGE_CURVE('',#1847,#1846,#980,.T.);
#2354=EDGE_CURVE('',#1844,#1847,#1523,.T.);
#2355=EDGE_CURVE('',#1848,#1847,#981,.T.);
#2356=EDGE_CURVE('',#1848,#1849,#1524,.T.);
#2357=EDGE_CURVE('',#1849,#1844,#982,.T.);
#2358=EDGE_CURVE('',#1850,#1851,#983,.T.);
#2359=EDGE_CURVE('',#1851,#1852,#1525,.T.);
#2360=EDGE_CURVE('',#1853,#1852,#984,.T.);
#2361=EDGE_CURVE('',#1850,#1853,#1526,.T.);
#2362=EDGE_CURVE('',#1854,#1853,#985,.T.);
#2363=EDGE_CURVE('',#1854,#1855,#1527,.T.);
#2364=EDGE_CURVE('',#1855,#1850,#986,.T.);
#2365=EDGE_CURVE('',#1856,#1857,#987,.T.);
#2366=EDGE_CURVE('',#1857,#1858,#1528,.T.);
#2367=EDGE_CURVE('',#1859,#1858,#988,.T.);
#2368=EDGE_CURVE('',#1856,#1859,#1529,.T.);
#2369=EDGE_CURVE('',#1860,#1859,#989,.T.);
#2370=EDGE_CURVE('',#1860,#1861,#1530,.T.);
#2371=EDGE_CURVE('',#1861,#1856,#990,.T.);
#2372=EDGE_CURVE('',#1862,#1863,#991,.T.);
#2373=EDGE_CURVE('',#1862,#1864,#1531,.T.);
#2374=EDGE_CURVE('',#1864,#1865,#992,.T.);
#2375=EDGE_CURVE('',#1863,#1865,#1532,.T.);
#2376=EDGE_CURVE('',#1843,#1862,#13,.T.);
#2377=EDGE_CURVE('',#1863,#1866,#993,.T.);
#2378=EDGE_CURVE('',#1866,#1839,#83,.T.);
#2379=EDGE_CURVE('',#1867,#1866,#1533,.T.);
#2380=EDGE_CURVE('',#1840,#1867,#84,.T.);
#2381=EDGE_CURVE('',#1864,#1842,#14,.T.);
#2382=EDGE_CURVE('',#1865,#1867,#994,.T.);
#2383=EDGE_CURVE('',#1868,#1869,#995,.T.);
#2384=EDGE_CURVE('',#1868,#1870,#1534,.T.);
#2385=EDGE_CURVE('',#1870,#1871,#996,.T.);
#2386=EDGE_CURVE('',#1869,#1871,#1535,.T.);
#2387=EDGE_CURVE('',#1849,#1868,#15,.T.);
#2388=EDGE_CURVE('',#1869,#1872,#997,.T.);
#2389=EDGE_CURVE('',#1872,#1845,#85,.T.);
#2390=EDGE_CURVE('',#1873,#1872,#1536,.T.);
#2391=EDGE_CURVE('',#1846,#1873,#86,.T.);
#2392=EDGE_CURVE('',#1870,#1848,#16,.T.);
#2393=EDGE_CURVE('',#1871,#1873,#998,.T.);
#2394=EDGE_CURVE('',#1874,#1875,#999,.T.);
#2395=EDGE_CURVE('',#1874,#1876,#1537,.T.);
#2396=EDGE_CURVE('',#1876,#1877,#1000,.T.);
#2397=EDGE_CURVE('',#1875,#1877,#1538,.T.);
#2398=EDGE_CURVE('',#1855,#1874,#17,.T.);
#2399=EDGE_CURVE('',#1875,#1878,#1001,.T.);
#2400=EDGE_CURVE('',#1878,#1851,#87,.T.);
#2401=EDGE_CURVE('',#1879,#1878,#1539,.T.);
#2402=EDGE_CURVE('',#1852,#1879,#88,.T.);
#2403=EDGE_CURVE('',#1876,#1854,#18,.T.);
#2404=EDGE_CURVE('',#1877,#1879,#1002,.T.);
#2405=EDGE_CURVE('',#1880,#1881,#1003,.T.);
#2406=EDGE_CURVE('',#1880,#1882,#1540,.T.);
#2407=EDGE_CURVE('',#1882,#1883,#1004,.T.);
#2408=EDGE_CURVE('',#1881,#1883,#1541,.T.);
#2409=EDGE_CURVE('',#1861,#1880,#19,.T.);
#2410=EDGE_CURVE('',#1881,#1884,#1005,.T.);
#2411=EDGE_CURVE('',#1884,#1857,#89,.T.);
#2412=EDGE_CURVE('',#1885,#1884,#1542,.T.);
#2413=EDGE_CURVE('',#1858,#1885,#90,.T.);
#2414=EDGE_CURVE('',#1882,#1860,#20,.T.);
#2415=EDGE_CURVE('',#1883,#1885,#1006,.T.);
#2416=EDGE_CURVE('',#1774,#1809,#1007,.T.);
#2417=EDGE_CURVE('',#1800,#1775,#1008,.T.);
#2418=EDGE_CURVE('',#1772,#1805,#1009,.T.);
#2419=EDGE_CURVE('',#1810,#1773,#1010,.T.);
#2420=EDGE_CURVE('',#1770,#1799,#1011,.T.);
#2421=EDGE_CURVE('',#1806,#1771,#1012,.T.);
#2422=EDGE_CURVE('',#1886,#1790,#1013,.T.);
#2423=EDGE_CURVE('',#1886,#1820,#1014,.T.);
#2424=EDGE_CURVE('',#1817,#1887,#1015,.T.);
#2425=EDGE_CURVE('',#1792,#1887,#1016,.T.);
#2426=EDGE_CURVE('',#1888,#1889,#1017,.T.);
#2427=EDGE_CURVE('',#1889,#1738,#1543,.T.);
#2428=EDGE_CURVE('',#1887,#1888,#1544,.T.);
#2429=EDGE_CURVE('',#1815,#1889,#1018,.T.);
#2430=EDGE_CURVE('',#1888,#1816,#1019,.T.);
#2431=EDGE_CURVE('',#1741,#1890,#1545,.T.);
#2432=EDGE_CURVE('',#1890,#1891,#1020,.T.);
#2433=EDGE_CURVE('',#1891,#1886,#1546,.T.);
#2434=EDGE_CURVE('',#1890,#1813,#1021,.T.);
#2435=EDGE_CURVE('',#1814,#1891,#1022,.T.);
#2436=EDGE_CURVE('',#1892,#1893,#1023,.T.);
#2437=EDGE_CURVE('',#1892,#1894,#1024,.T.);
#2438=EDGE_CURVE('',#1895,#1894,#1025,.T.);
#2439=EDGE_CURVE('',#1893,#1895,#1026,.T.);
#2440=EDGE_CURVE('',#1893,#1896,#1027,.T.);
#2441=EDGE_CURVE('',#1897,#1895,#1028,.T.);
#2442=EDGE_CURVE('',#1896,#1897,#1029,.T.);
#2443=EDGE_CURVE('',#1896,#1898,#1030,.T.);
#2444=EDGE_CURVE('',#1899,#1897,#1031,.T.);
#2445=EDGE_CURVE('',#1898,#1899,#1032,.T.);
#2446=EDGE_CURVE('',#1898,#1892,#1033,.T.);
#2447=EDGE_CURVE('',#1894,#1899,#1034,.T.);
#2448=EDGE_CURVE('',#1900,#1900,#1547,.T.);
#2449=EDGE_CURVE('',#1900,#1901,#1035,.T.);
#2450=EDGE_CURVE('',#1901,#1901,#1548,.T.);
#2451=EDGE_CURVE('',#1902,#1902,#1549,.T.);
#2452=EDGE_CURVE('',#1902,#1903,#1036,.T.);
#2453=EDGE_CURVE('',#1903,#1903,#1550,.T.);
#2454=EDGE_CURVE('',#1904,#1904,#1551,.T.);
#2455=EDGE_CURVE('',#1904,#1905,#1037,.T.);
#2456=EDGE_CURVE('',#1905,#1905,#1552,.T.);
#2457=EDGE_CURVE('',#1906,#1906,#1553,.T.);
#2458=EDGE_CURVE('',#1906,#1907,#1038,.T.);
#2459=EDGE_CURVE('',#1907,#1907,#1554,.T.);
#2460=EDGE_CURVE('',#1908,#1908,#1555,.T.);
#2461=EDGE_CURVE('',#1908,#1909,#1039,.T.);
#2462=EDGE_CURVE('',#1909,#1909,#1556,.T.);
#2463=EDGE_CURVE('',#1910,#1910,#1557,.T.);
#2464=EDGE_CURVE('',#1910,#1911,#1040,.T.);
#2465=EDGE_CURVE('',#1911,#1911,#1558,.T.);
#2466=EDGE_CURVE('',#1912,#1912,#1559,.T.);
#2467=EDGE_CURVE('',#1912,#1913,#1041,.T.);
#2468=EDGE_CURVE('',#1913,#1913,#1560,.T.);
#2469=EDGE_CURVE('',#1914,#1914,#1561,.T.);
#2470=EDGE_CURVE('',#1914,#1915,#1042,.T.);
#2471=EDGE_CURVE('',#1915,#1915,#1562,.T.);
#2472=EDGE_CURVE('',#1916,#1917,#1043,.T.);
#2473=EDGE_CURVE('',#1917,#1918,#1044,.T.);
#2474=EDGE_CURVE('',#1919,#1918,#1045,.T.);
#2475=EDGE_CURVE('',#1916,#1919,#1046,.T.);
#2476=EDGE_CURVE('',#1920,#1916,#1563,.T.);
#2477=EDGE_CURVE('',#1921,#1919,#1564,.T.);
#2478=EDGE_CURVE('',#1920,#1921,#1047,.T.);
#2479=EDGE_CURVE('',#1922,#1920,#1048,.T.);
#2480=EDGE_CURVE('',#1923,#1921,#1049,.T.);
#2481=EDGE_CURVE('',#1922,#1923,#1050,.T.);
#2482=EDGE_CURVE('',#1924,#1922,#1565,.T.);
#2483=EDGE_CURVE('',#1925,#1923,#1566,.T.);
#2484=EDGE_CURVE('',#1924,#1925,#1051,.T.);
#2485=EDGE_CURVE('',#1926,#1924,#1052,.T.);
#2486=EDGE_CURVE('',#1927,#1925,#1053,.T.);
#2487=EDGE_CURVE('',#1926,#1927,#1054,.T.);
#2488=EDGE_CURVE('',#1928,#1926,#1567,.T.);
#2489=EDGE_CURVE('',#1929,#1927,#1568,.T.);
#2490=EDGE_CURVE('',#1928,#1929,#1055,.T.);
#2491=EDGE_CURVE('',#1930,#1928,#1056,.T.);
#2492=EDGE_CURVE('',#1931,#1929,#1057,.T.);
#2493=EDGE_CURVE('',#1930,#1931,#1058,.T.);
#2494=EDGE_CURVE('',#1917,#1930,#1569,.T.);
#2495=EDGE_CURVE('',#1918,#1931,#1570,.T.);
#2496=ORIENTED_EDGE('',*,*,#1932,.F.);
#2497=ORIENTED_EDGE('',*,*,#1933,.T.);
#2498=ORIENTED_EDGE('',*,*,#1934,.F.);
#2499=ORIENTED_EDGE('',*,*,#1933,.F.);
#2500=ORIENTED_EDGE('',*,*,#1935,.F.);
#2501=ORIENTED_EDGE('',*,*,#1936,.T.);
#2502=ORIENTED_EDGE('',*,*,#1937,.F.);
#2503=ORIENTED_EDGE('',*,*,#1936,.F.);
#2504=ORIENTED_EDGE('',*,*,#1938,.F.);
#2505=ORIENTED_EDGE('',*,*,#1939,.T.);
#2506=ORIENTED_EDGE('',*,*,#1940,.F.);
#2507=ORIENTED_EDGE('',*,*,#1939,.F.);
#2508=ORIENTED_EDGE('',*,*,#1941,.T.);
#2509=ORIENTED_EDGE('',*,*,#1942,.T.);
#2510=ORIENTED_EDGE('',*,*,#1943,.F.);
#2511=ORIENTED_EDGE('',*,*,#1942,.F.);
#2512=ORIENTED_EDGE('',*,*,#1944,.T.);
#2513=ORIENTED_EDGE('',*,*,#1945,.T.);
#2514=ORIENTED_EDGE('',*,*,#1946,.T.);
#2515=ORIENTED_EDGE('',*,*,#1945,.F.);
#2516=ORIENTED_EDGE('',*,*,#1947,.F.);
#2517=ORIENTED_EDGE('',*,*,#1948,.T.);
#2518=ORIENTED_EDGE('',*,*,#1949,.T.);
#2519=ORIENTED_EDGE('',*,*,#1948,.F.);
#2520=ORIENTED_EDGE('',*,*,#1950,.F.);
#2521=ORIENTED_EDGE('',*,*,#1951,.T.);
#2522=ORIENTED_EDGE('',*,*,#1952,.T.);
#2523=ORIENTED_EDGE('',*,*,#1953,.T.);
#2524=ORIENTED_EDGE('',*,*,#1954,.F.);
#2525=ORIENTED_EDGE('',*,*,#1955,.T.);
#2526=ORIENTED_EDGE('',*,*,#1956,.T.);
#2527=ORIENTED_EDGE('',*,*,#1955,.F.);
#2528=ORIENTED_EDGE('',*,*,#1957,.F.);
#2529=ORIENTED_EDGE('',*,*,#1958,.T.);
#2530=ORIENTED_EDGE('',*,*,#1959,.T.);
#2531=ORIENTED_EDGE('',*,*,#1960,.T.);
#2532=ORIENTED_EDGE('',*,*,#1961,.F.);
#2533=ORIENTED_EDGE('',*,*,#1962,.F.);
#2534=ORIENTED_EDGE('',*,*,#1963,.T.);
#2535=ORIENTED_EDGE('',*,*,#1964,.T.);
#2536=ORIENTED_EDGE('',*,*,#1965,.F.);
#2537=ORIENTED_EDGE('',*,*,#1959,.F.);
#2538=ORIENTED_EDGE('',*,*,#1966,.F.);
#2539=ORIENTED_EDGE('',*,*,#1952,.F.);
#2540=ORIENTED_EDGE('',*,*,#1949,.F.);
#2541=ORIENTED_EDGE('',*,*,#1956,.F.);
#2542=ORIENTED_EDGE('',*,*,#1967,.F.);
#2543=ORIENTED_EDGE('',*,*,#1968,.F.);
#2544=ORIENTED_EDGE('',*,*,#1969,.T.);
#2545=ORIENTED_EDGE('',*,*,#1970,.T.);
#2546=ORIENTED_EDGE('',*,*,#1971,.F.);
#2547=ORIENTED_EDGE('',*,*,#1972,.T.);
#2548=ORIENTED_EDGE('',*,*,#1973,.F.);
#2549=ORIENTED_EDGE('',*,*,#1974,.F.);
#2550=ORIENTED_EDGE('',*,*,#1973,.T.);
#2551=ORIENTED_EDGE('',*,*,#1975,.T.);
#2552=ORIENTED_EDGE('',*,*,#1976,.T.);
#2553=ORIENTED_EDGE('',*,*,#1977,.T.);
#2554=ORIENTED_EDGE('',*,*,#1978,.F.);
#2555=ORIENTED_EDGE('',*,*,#1979,.F.);
#2556=ORIENTED_EDGE('',*,*,#1980,.T.);
#2557=ORIENTED_EDGE('',*,*,#1981,.T.);
#2558=ORIENTED_EDGE('',*,*,#1982,.T.);
#2559=ORIENTED_EDGE('',*,*,#1969,.F.);
#2560=ORIENTED_EDGE('',*,*,#1983,.F.);
#2561=ORIENTED_EDGE('',*,*,#1984,.F.);
#2562=ORIENTED_EDGE('',*,*,#1978,.T.);
#2563=ORIENTED_EDGE('',*,*,#1985,.F.);
#2564=ORIENTED_EDGE('',*,*,#1986,.T.);
#2565=ORIENTED_EDGE('',*,*,#1974,.T.);
#2566=ORIENTED_EDGE('',*,*,#1987,.T.);
#2567=ORIENTED_EDGE('',*,*,#1946,.F.);
#2568=ORIENTED_EDGE('',*,*,#1988,.T.);
#2569=ORIENTED_EDGE('',*,*,#1984,.T.);
#2570=ORIENTED_EDGE('',*,*,#1989,.T.);
#2571=ORIENTED_EDGE('',*,*,#1990,.T.);
#2572=ORIENTED_EDGE('',*,*,#1991,.F.);
#2573=ORIENTED_EDGE('',*,*,#1992,.F.);
#2574=ORIENTED_EDGE('',*,*,#1993,.T.);
#2575=ORIENTED_EDGE('',*,*,#1994,.T.);
#2576=ORIENTED_EDGE('',*,*,#1995,.F.);
#2577=ORIENTED_EDGE('',*,*,#1993,.F.);
#2578=ORIENTED_EDGE('',*,*,#1996,.T.);
#2579=ORIENTED_EDGE('',*,*,#1985,.T.);
#2580=ORIENTED_EDGE('',*,*,#1997,.T.);
#2581=ORIENTED_EDGE('',*,*,#1991,.T.);
#2582=ORIENTED_EDGE('',*,*,#1998,.T.);
#2583=ORIENTED_EDGE('',*,*,#1987,.F.);
#2584=ORIENTED_EDGE('',*,*,#1979,.T.);
#2585=ORIENTED_EDGE('',*,*,#1988,.F.);
#2586=ORIENTED_EDGE('',*,*,#1997,.F.);
#2587=ORIENTED_EDGE('',*,*,#1999,.F.);
#2588=ORIENTED_EDGE('',*,*,#2000,.T.);
#2589=ORIENTED_EDGE('',*,*,#1963,.F.);
#2590=ORIENTED_EDGE('',*,*,#2001,.F.);
#2591=ORIENTED_EDGE('',*,*,#1994,.F.);
#2592=ORIENTED_EDGE('',*,*,#1998,.F.);
#2593=ORIENTED_EDGE('',*,*,#1990,.F.);
#2594=ORIENTED_EDGE('',*,*,#1968,.T.);
#2595=ORIENTED_EDGE('',*,*,#2002,.T.);
#2596=ORIENTED_EDGE('',*,*,#2003,.F.);
#2597=ORIENTED_EDGE('',*,*,#2004,.F.);
#2598=ORIENTED_EDGE('',*,*,#2005,.T.);
#2599=ORIENTED_EDGE('',*,*,#1999,.T.);
#2600=ORIENTED_EDGE('',*,*,#1989,.F.);
#2601=ORIENTED_EDGE('',*,*,#1983,.T.);
#2602=ORIENTED_EDGE('',*,*,#2006,.F.);
#2603=ORIENTED_EDGE('',*,*,#1964,.F.);
#2604=ORIENTED_EDGE('',*,*,#2000,.F.);
#2605=ORIENTED_EDGE('',*,*,#2005,.F.);
#2606=ORIENTED_EDGE('',*,*,#2007,.F.);
#2607=ORIENTED_EDGE('',*,*,#2008,.T.);
#2608=ORIENTED_EDGE('',*,*,#2009,.T.);
#2609=ORIENTED_EDGE('',*,*,#2010,.F.);
#2610=ORIENTED_EDGE('',*,*,#2011,.T.);
#2611=ORIENTED_EDGE('',*,*,#2012,.T.);
#2612=ORIENTED_EDGE('',*,*,#2013,.T.);
#2613=ORIENTED_EDGE('',*,*,#2011,.F.);
#2614=ORIENTED_EDGE('',*,*,#2014,.F.);
#2615=ORIENTED_EDGE('',*,*,#2015,.F.);
#2616=ORIENTED_EDGE('',*,*,#2016,.T.);
#2617=ORIENTED_EDGE('',*,*,#2017,.F.);
#2618=ORIENTED_EDGE('',*,*,#2018,.F.);
#2619=ORIENTED_EDGE('',*,*,#1943,.T.);
#2620=ORIENTED_EDGE('',*,*,#2019,.F.);
#2621=ORIENTED_EDGE('',*,*,#2020,.T.);
#2622=ORIENTED_EDGE('',*,*,#2021,.F.);
#2623=ORIENTED_EDGE('',*,*,#2022,.F.);
#2624=ORIENTED_EDGE('',*,*,#2023,.F.);
#2625=ORIENTED_EDGE('',*,*,#2024,.F.);
#2626=ORIENTED_EDGE('',*,*,#2025,.T.);
#2627=ORIENTED_EDGE('',*,*,#1950,.T.);
#2628=ORIENTED_EDGE('',*,*,#2026,.T.);
#2629=ORIENTED_EDGE('',*,*,#1957,.T.);
#2630=ORIENTED_EDGE('',*,*,#2027,.T.);
#2631=ORIENTED_EDGE('',*,*,#2028,.F.);
#2632=ORIENTED_EDGE('',*,*,#2029,.F.);
#2633=ORIENTED_EDGE('',*,*,#2030,.T.);
#2634=ORIENTED_EDGE('',*,*,#2031,.T.);
#2635=ORIENTED_EDGE('',*,*,#2032,.T.);
#2636=ORIENTED_EDGE('',*,*,#2033,.F.);
#2637=ORIENTED_EDGE('',*,*,#1954,.T.);
#2638=ORIENTED_EDGE('',*,*,#1947,.T.);
#2639=ORIENTED_EDGE('',*,*,#2034,.F.);
#2640=ORIENTED_EDGE('',*,*,#2024,.T.);
#2641=ORIENTED_EDGE('',*,*,#2035,.F.);
#2642=ORIENTED_EDGE('',*,*,#2020,.F.);
#2643=ORIENTED_EDGE('',*,*,#2036,.F.);
#2644=ORIENTED_EDGE('',*,*,#2016,.F.);
#2645=ORIENTED_EDGE('',*,*,#2017,.T.);
#2646=ORIENTED_EDGE('',*,*,#2036,.T.);
#2647=ORIENTED_EDGE('',*,*,#2019,.T.);
#2648=ORIENTED_EDGE('',*,*,#2037,.F.);
#2649=ORIENTED_EDGE('',*,*,#2038,.T.);
#2650=ORIENTED_EDGE('',*,*,#2021,.T.);
#2651=ORIENTED_EDGE('',*,*,#2035,.T.);
#2652=ORIENTED_EDGE('',*,*,#2033,.T.);
#2653=ORIENTED_EDGE('',*,*,#2039,.T.);
#2654=ORIENTED_EDGE('',*,*,#2029,.T.);
#2655=ORIENTED_EDGE('',*,*,#2040,.F.);
#2656=ORIENTED_EDGE('',*,*,#2041,.F.);
#2657=ORIENTED_EDGE('',*,*,#2042,.F.);
#2658=ORIENTED_EDGE('',*,*,#2012,.F.);
#2659=ORIENTED_EDGE('',*,*,#2043,.F.);
#2660=ORIENTED_EDGE('',*,*,#2022,.T.);
#2661=ORIENTED_EDGE('',*,*,#2038,.F.);
#2662=ORIENTED_EDGE('',*,*,#2044,.F.);
#2663=ORIENTED_EDGE('',*,*,#2045,.F.);
#2664=ORIENTED_EDGE('',*,*,#2046,.F.);
#2665=ORIENTED_EDGE('',*,*,#2010,.T.);
#2666=ORIENTED_EDGE('',*,*,#2047,.T.);
#2667=ORIENTED_EDGE('',*,*,#2018,.T.);
#2668=ORIENTED_EDGE('',*,*,#2048,.T.);
#2669=ORIENTED_EDGE('',*,*,#2037,.T.);
#2670=ORIENTED_EDGE('',*,*,#2049,.T.);
#2671=ORIENTED_EDGE('',*,*,#2048,.F.);
#2672=ORIENTED_EDGE('',*,*,#2043,.T.);
#2673=ORIENTED_EDGE('',*,*,#2014,.T.);
#2674=ORIENTED_EDGE('',*,*,#2049,.F.);
#2675=ORIENTED_EDGE('',*,*,#2023,.T.);
#2676=ORIENTED_EDGE('',*,*,#2028,.T.);
#2677=ORIENTED_EDGE('',*,*,#2050,.T.);
#2678=ORIENTED_EDGE('',*,*,#2051,.T.);
#2679=ORIENTED_EDGE('',*,*,#2052,.T.);
#2680=ORIENTED_EDGE('',*,*,#2044,.T.);
#2681=ORIENTED_EDGE('',*,*,#2040,.T.);
#2682=ORIENTED_EDGE('',*,*,#2053,.F.);
#2683=ORIENTED_EDGE('',*,*,#2054,.T.);
#2684=ORIENTED_EDGE('',*,*,#2008,.F.);
#2685=ORIENTED_EDGE('',*,*,#2013,.F.);
#2686=ORIENTED_EDGE('',*,*,#2042,.T.);
#2687=ORIENTED_EDGE('',*,*,#2055,.T.);
#2688=ORIENTED_EDGE('',*,*,#2056,.F.);
#2689=ORIENTED_EDGE('',*,*,#2057,.T.);
#2690=ORIENTED_EDGE('',*,*,#2058,.F.);
#2691=ORIENTED_EDGE('',*,*,#2059,.T.);
#2692=ORIENTED_EDGE('',*,*,#2060,.F.);
#2693=ORIENTED_EDGE('',*,*,#1970,.F.);
#2694=ORIENTED_EDGE('',*,*,#1982,.F.);
#2695=ORIENTED_EDGE('',*,*,#2061,.T.);
#2696=ORIENTED_EDGE('',*,*,#2056,.T.);
#2697=ORIENTED_EDGE('',*,*,#2062,.F.);
#2698=ORIENTED_EDGE('',*,*,#2053,.T.);
#2699=ORIENTED_EDGE('',*,*,#2063,.T.);
#2700=ORIENTED_EDGE('',*,*,#1975,.F.);
#2701=ORIENTED_EDGE('',*,*,#1972,.F.);
#2702=ORIENTED_EDGE('',*,*,#2058,.T.);
#2703=ORIENTED_EDGE('',*,*,#2064,.T.);
#2704=ORIENTED_EDGE('',*,*,#1980,.F.);
#2705=ORIENTED_EDGE('',*,*,#1977,.F.);
#2706=ORIENTED_EDGE('',*,*,#2065,.T.);
#2707=ORIENTED_EDGE('',*,*,#2066,.F.);
#2708=ORIENTED_EDGE('',*,*,#2067,.T.);
#2709=ORIENTED_EDGE('',*,*,#2068,.T.);
#2710=ORIENTED_EDGE('',*,*,#2007,.T.);
#2711=ORIENTED_EDGE('',*,*,#2069,.F.);
#2712=ORIENTED_EDGE('',*,*,#2070,.T.);
#2713=ORIENTED_EDGE('',*,*,#2071,.T.);
#2714=ORIENTED_EDGE('',*,*,#2003,.T.);
#2715=ORIENTED_EDGE('',*,*,#2071,.F.);
#2716=ORIENTED_EDGE('',*,*,#2072,.T.);
#2717=ORIENTED_EDGE('',*,*,#2066,.T.);
#2718=ORIENTED_EDGE('',*,*,#2004,.T.);
#2719=ORIENTED_EDGE('',*,*,#2051,.F.);
#2720=ORIENTED_EDGE('',*,*,#2073,.T.);
#2721=ORIENTED_EDGE('',*,*,#2074,.T.);
#2722=ORIENTED_EDGE('',*,*,#2075,.F.);
#2723=ORIENTED_EDGE('',*,*,#2074,.F.);
#2724=ORIENTED_EDGE('',*,*,#2076,.T.);
#2725=ORIENTED_EDGE('',*,*,#2067,.F.);
#2726=ORIENTED_EDGE('',*,*,#2072,.F.);
#2727=ORIENTED_EDGE('',*,*,#2070,.F.);
#2728=ORIENTED_EDGE('',*,*,#2077,.T.);
#2729=ORIENTED_EDGE('',*,*,#2078,.F.);
#2730=ORIENTED_EDGE('',*,*,#2079,.F.);
#2731=ORIENTED_EDGE('',*,*,#2078,.T.);
#2732=ORIENTED_EDGE('',*,*,#2080,.T.);
#2733=ORIENTED_EDGE('',*,*,#2046,.T.);
#2734=ORIENTED_EDGE('',*,*,#2081,.T.);
#2735=ORIENTED_EDGE('',*,*,#2045,.T.);
#2736=ORIENTED_EDGE('',*,*,#2052,.F.);
#2737=ORIENTED_EDGE('',*,*,#2075,.T.);
#2738=ORIENTED_EDGE('',*,*,#2079,.T.);
#2739=ORIENTED_EDGE('',*,*,#2081,.F.);
#2740=ORIENTED_EDGE('',*,*,#1962,.T.);
#2741=ORIENTED_EDGE('',*,*,#2082,.T.);
#2742=ORIENTED_EDGE('',*,*,#2083,.F.);
#2743=ORIENTED_EDGE('',*,*,#2084,.T.);
#2744=ORIENTED_EDGE('',*,*,#2085,.F.);
#2745=ORIENTED_EDGE('',*,*,#2030,.F.);
#2746=ORIENTED_EDGE('',*,*,#2086,.T.);
#2747=ORIENTED_EDGE('',*,*,#2001,.T.);
#2748=ORIENTED_EDGE('',*,*,#2086,.F.);
#2749=ORIENTED_EDGE('',*,*,#2039,.F.);
#2750=ORIENTED_EDGE('',*,*,#2087,.T.);
#2751=ORIENTED_EDGE('',*,*,#2088,.F.);
#2752=ORIENTED_EDGE('',*,*,#2089,.T.);
#2753=ORIENTED_EDGE('',*,*,#1995,.T.);
#2754=ORIENTED_EDGE('',*,*,#2087,.F.);
#2755=ORIENTED_EDGE('',*,*,#2032,.F.);
#2756=ORIENTED_EDGE('',*,*,#2090,.T.);
#2757=ORIENTED_EDGE('',*,*,#2091,.T.);
#2758=ORIENTED_EDGE('',*,*,#2092,.F.);
#2759=ORIENTED_EDGE('',*,*,#2088,.T.);
#2760=ORIENTED_EDGE('',*,*,#2093,.T.);
#2761=ORIENTED_EDGE('',*,*,#2083,.T.);
#2762=ORIENTED_EDGE('',*,*,#2085,.T.);
#2763=ORIENTED_EDGE('',*,*,#2094,.T.);
#2764=ORIENTED_EDGE('',*,*,#2090,.F.);
#2765=ORIENTED_EDGE('',*,*,#2031,.F.);
#2766=ORIENTED_EDGE('',*,*,#2057,.F.);
#2767=ORIENTED_EDGE('',*,*,#2061,.F.);
#2768=ORIENTED_EDGE('',*,*,#1981,.F.);
#2769=ORIENTED_EDGE('',*,*,#2064,.F.);
#2770=ORIENTED_EDGE('',*,*,#2059,.F.);
#2771=ORIENTED_EDGE('',*,*,#2065,.F.);
#2772=ORIENTED_EDGE('',*,*,#1976,.F.);
#2773=ORIENTED_EDGE('',*,*,#2063,.F.);
#2774=ORIENTED_EDGE('',*,*,#1941,.F.);
#2775=ORIENTED_EDGE('',*,*,#1944,.F.);
#2776=ORIENTED_EDGE('',*,*,#2084,.F.);
#2777=ORIENTED_EDGE('',*,*,#2093,.F.);
#2778=ORIENTED_EDGE('',*,*,#2091,.F.);
#2779=ORIENTED_EDGE('',*,*,#2094,.F.);
#2780=ORIENTED_EDGE('',*,*,#2009,.F.);
#2781=ORIENTED_EDGE('',*,*,#2054,.F.);
#2782=ORIENTED_EDGE('',*,*,#2062,.T.);
#2783=ORIENTED_EDGE('',*,*,#1971,.T.);
#2784=ORIENTED_EDGE('',*,*,#1986,.F.);
#2785=ORIENTED_EDGE('',*,*,#1996,.F.);
#2786=ORIENTED_EDGE('',*,*,#1992,.T.);
#2787=ORIENTED_EDGE('',*,*,#2089,.F.);
#2788=ORIENTED_EDGE('',*,*,#2092,.T.);
#2789=ORIENTED_EDGE('',*,*,#2082,.F.);
#2790=ORIENTED_EDGE('',*,*,#1961,.T.);
#2791=ORIENTED_EDGE('',*,*,#1951,.F.);
#2792=ORIENTED_EDGE('',*,*,#2025,.F.);
#2793=ORIENTED_EDGE('',*,*,#2034,.T.);
#2794=ORIENTED_EDGE('',*,*,#2015,.T.);
#2795=ORIENTED_EDGE('',*,*,#2047,.F.);
#2796=ORIENTED_EDGE('',*,*,#1934,.T.);
#2797=ORIENTED_EDGE('',*,*,#1937,.T.);
#2798=ORIENTED_EDGE('',*,*,#1940,.T.);
#2799=ORIENTED_EDGE('',*,*,#2002,.F.);
#2800=ORIENTED_EDGE('',*,*,#1967,.T.);
#2801=ORIENTED_EDGE('',*,*,#2060,.T.);
#2802=ORIENTED_EDGE('',*,*,#2055,.F.);
#2803=ORIENTED_EDGE('',*,*,#2041,.T.);
#2804=ORIENTED_EDGE('',*,*,#2080,.F.);
#2805=ORIENTED_EDGE('',*,*,#2077,.F.);
#2806=ORIENTED_EDGE('',*,*,#2069,.T.);
#2807=ORIENTED_EDGE('',*,*,#2076,.F.);
#2808=ORIENTED_EDGE('',*,*,#2073,.F.);
#2809=ORIENTED_EDGE('',*,*,#2050,.F.);
#2810=ORIENTED_EDGE('',*,*,#2027,.F.);
#2811=ORIENTED_EDGE('',*,*,#1960,.F.);
#2812=ORIENTED_EDGE('',*,*,#1965,.T.);
#2813=ORIENTED_EDGE('',*,*,#2006,.T.);
#2814=ORIENTED_EDGE('',*,*,#2068,.F.);
#2815=ORIENTED_EDGE('',*,*,#2026,.F.);
#2816=ORIENTED_EDGE('',*,*,#1953,.F.);
#2817=ORIENTED_EDGE('',*,*,#1966,.T.);
#2818=ORIENTED_EDGE('',*,*,#1958,.F.);
#2819=ORIENTED_EDGE('',*,*,#1938,.T.);
#2820=ORIENTED_EDGE('',*,*,#1935,.T.);
#2821=ORIENTED_EDGE('',*,*,#1932,.T.);
#2822=ORIENTED_EDGE('',*,*,#2095,.F.);
#2823=ORIENTED_EDGE('',*,*,#2096,.T.);
#2824=ORIENTED_EDGE('',*,*,#2097,.T.);
#2825=ORIENTED_EDGE('',*,*,#2096,.F.);
#2826=ORIENTED_EDGE('',*,*,#2098,.F.);
#2827=ORIENTED_EDGE('',*,*,#2099,.T.);
#2828=ORIENTED_EDGE('',*,*,#2100,.T.);
#2829=ORIENTED_EDGE('',*,*,#2099,.F.);
#2830=ORIENTED_EDGE('',*,*,#2101,.F.);
#2831=ORIENTED_EDGE('',*,*,#2102,.T.);
#2832=ORIENTED_EDGE('',*,*,#2103,.T.);
#2833=ORIENTED_EDGE('',*,*,#2102,.F.);
#2834=ORIENTED_EDGE('',*,*,#2104,.F.);
#2835=ORIENTED_EDGE('',*,*,#2105,.F.);
#2836=ORIENTED_EDGE('',*,*,#2106,.T.);
#2837=ORIENTED_EDGE('',*,*,#2107,.F.);
#2838=ORIENTED_EDGE('',*,*,#2106,.F.);
#2839=ORIENTED_EDGE('',*,*,#2108,.F.);
#2840=ORIENTED_EDGE('',*,*,#2109,.T.);
#2841=ORIENTED_EDGE('',*,*,#2110,.F.);
#2842=ORIENTED_EDGE('',*,*,#2111,.F.);
#2843=ORIENTED_EDGE('',*,*,#2112,.F.);
#2844=ORIENTED_EDGE('',*,*,#2113,.F.);
#2845=ORIENTED_EDGE('',*,*,#2114,.F.);
#2846=ORIENTED_EDGE('',*,*,#2109,.F.);
#2847=ORIENTED_EDGE('',*,*,#2104,.T.);
#2848=ORIENTED_EDGE('',*,*,#2105,.T.);
#2849=ORIENTED_EDGE('',*,*,#2115,.T.);
#2850=ORIENTED_EDGE('',*,*,#2116,.T.);
#2851=ORIENTED_EDGE('',*,*,#2115,.F.);
#2852=ORIENTED_EDGE('',*,*,#2117,.F.);
#2853=ORIENTED_EDGE('',*,*,#2118,.T.);
#2854=ORIENTED_EDGE('',*,*,#2108,.T.);
#2855=ORIENTED_EDGE('',*,*,#2118,.F.);
#2856=ORIENTED_EDGE('',*,*,#2119,.F.);
#2857=ORIENTED_EDGE('',*,*,#2120,.T.);
#2858=ORIENTED_EDGE('',*,*,#2121,.T.);
#2859=ORIENTED_EDGE('',*,*,#2120,.F.);
#2860=ORIENTED_EDGE('',*,*,#2122,.F.);
#2861=ORIENTED_EDGE('',*,*,#2123,.T.);
#2862=ORIENTED_EDGE('',*,*,#2124,.T.);
#2863=ORIENTED_EDGE('',*,*,#2123,.F.);
#2864=ORIENTED_EDGE('',*,*,#2125,.F.);
#2865=ORIENTED_EDGE('',*,*,#2126,.T.);
#2866=ORIENTED_EDGE('',*,*,#2127,.F.);
#2867=ORIENTED_EDGE('',*,*,#2128,.T.);
#2868=ORIENTED_EDGE('',*,*,#2129,.F.);
#2869=ORIENTED_EDGE('',*,*,#2130,.T.);
#2870=ORIENTED_EDGE('',*,*,#2131,.T.);
#2871=ORIENTED_EDGE('',*,*,#2132,.T.);
#2872=ORIENTED_EDGE('',*,*,#2124,.F.);
#2873=ORIENTED_EDGE('',*,*,#2121,.F.);
#2874=ORIENTED_EDGE('',*,*,#2133,.F.);
#2875=ORIENTED_EDGE('',*,*,#2134,.T.);
#2876=ORIENTED_EDGE('',*,*,#2135,.T.);
#2877=ORIENTED_EDGE('',*,*,#2136,.T.);
#2878=ORIENTED_EDGE('',*,*,#2137,.T.);
#2879=ORIENTED_EDGE('',*,*,#2138,.T.);
#2880=ORIENTED_EDGE('',*,*,#2139,.F.);
#2881=ORIENTED_EDGE('',*,*,#2140,.T.);
#2882=ORIENTED_EDGE('',*,*,#2141,.F.);
#2883=ORIENTED_EDGE('',*,*,#2142,.F.);
#2884=ORIENTED_EDGE('',*,*,#2143,.T.);
#2885=ORIENTED_EDGE('',*,*,#2144,.T.);
#2886=ORIENTED_EDGE('',*,*,#2145,.T.);
#2887=ORIENTED_EDGE('',*,*,#2146,.T.);
#2888=ORIENTED_EDGE('',*,*,#2139,.T.);
#2889=ORIENTED_EDGE('',*,*,#2147,.T.);
#2890=ORIENTED_EDGE('',*,*,#2148,.T.);
#2891=ORIENTED_EDGE('',*,*,#2149,.F.);
#2892=ORIENTED_EDGE('',*,*,#2150,.T.);
#2893=ORIENTED_EDGE('',*,*,#2151,.T.);
#2894=ORIENTED_EDGE('',*,*,#2152,.F.);
#2895=ORIENTED_EDGE('',*,*,#2153,.F.);
#2896=ORIENTED_EDGE('',*,*,#2147,.F.);
#2897=ORIENTED_EDGE('',*,*,#2154,.F.);
#2898=ORIENTED_EDGE('',*,*,#2142,.T.);
#2899=ORIENTED_EDGE('',*,*,#2155,.F.);
#2900=ORIENTED_EDGE('',*,*,#2133,.T.);
#2901=ORIENTED_EDGE('',*,*,#2156,.T.);
#2902=ORIENTED_EDGE('',*,*,#2157,.T.);
#2903=ORIENTED_EDGE('',*,*,#2158,.T.);
#2904=ORIENTED_EDGE('',*,*,#2159,.T.);
#2905=ORIENTED_EDGE('',*,*,#2131,.F.);
#2906=ORIENTED_EDGE('',*,*,#2160,.T.);
#2907=ORIENTED_EDGE('',*,*,#2159,.F.);
#2908=ORIENTED_EDGE('',*,*,#2161,.F.);
#2909=ORIENTED_EDGE('',*,*,#2162,.F.);
#2910=ORIENTED_EDGE('',*,*,#2163,.T.);
#2911=ORIENTED_EDGE('',*,*,#2164,.F.);
#2912=ORIENTED_EDGE('',*,*,#2165,.F.);
#2913=ORIENTED_EDGE('',*,*,#2166,.T.);
#2914=ORIENTED_EDGE('',*,*,#2167,.T.);
#2915=ORIENTED_EDGE('',*,*,#2168,.F.);
#2916=ORIENTED_EDGE('',*,*,#2169,.F.);
#2917=ORIENTED_EDGE('',*,*,#2170,.F.);
#2918=ORIENTED_EDGE('',*,*,#2171,.F.);
#2919=ORIENTED_EDGE('',*,*,#2172,.T.);
#2920=ORIENTED_EDGE('',*,*,#2173,.F.);
#2921=ORIENTED_EDGE('',*,*,#2174,.T.);
#2922=ORIENTED_EDGE('',*,*,#2175,.F.);
#2923=ORIENTED_EDGE('',*,*,#2176,.T.);
#2924=ORIENTED_EDGE('',*,*,#2177,.F.);
#2925=ORIENTED_EDGE('',*,*,#2178,.T.);
#2926=ORIENTED_EDGE('',*,*,#2179,.F.);
#2927=ORIENTED_EDGE('',*,*,#2180,.F.);
#2928=ORIENTED_EDGE('',*,*,#2181,.T.);
#2929=ORIENTED_EDGE('',*,*,#2182,.T.);
#2930=ORIENTED_EDGE('',*,*,#2183,.F.);
#2931=ORIENTED_EDGE('',*,*,#2184,.F.);
#2932=ORIENTED_EDGE('',*,*,#2185,.T.);
#2933=ORIENTED_EDGE('',*,*,#2186,.F.);
#2934=ORIENTED_EDGE('',*,*,#2187,.T.);
#2935=ORIENTED_EDGE('',*,*,#2122,.T.);
#2936=ORIENTED_EDGE('',*,*,#2119,.T.);
#2937=ORIENTED_EDGE('',*,*,#2180,.T.);
#2938=ORIENTED_EDGE('',*,*,#2188,.T.);
#2939=ORIENTED_EDGE('',*,*,#2166,.F.);
#2940=ORIENTED_EDGE('',*,*,#2189,.T.);
#2941=ORIENTED_EDGE('',*,*,#2190,.T.);
#2942=ORIENTED_EDGE('',*,*,#2191,.F.);
#2943=ORIENTED_EDGE('',*,*,#2192,.T.);
#2944=ORIENTED_EDGE('',*,*,#2193,.F.);
#2945=ORIENTED_EDGE('',*,*,#2194,.F.);
#2946=ORIENTED_EDGE('',*,*,#2195,.T.);
#2947=ORIENTED_EDGE('',*,*,#2196,.F.);
#2948=ORIENTED_EDGE('',*,*,#2197,.F.);
#2949=ORIENTED_EDGE('',*,*,#2198,.F.);
#2950=ORIENTED_EDGE('',*,*,#2199,.F.);
#2951=ORIENTED_EDGE('',*,*,#2200,.F.);
#2952=ORIENTED_EDGE('',*,*,#2201,.T.);
#2953=ORIENTED_EDGE('',*,*,#2202,.F.);
#2954=ORIENTED_EDGE('',*,*,#2165,.T.);
#2955=ORIENTED_EDGE('',*,*,#2203,.F.);
#2956=ORIENTED_EDGE('',*,*,#2168,.T.);
#2957=ORIENTED_EDGE('',*,*,#2204,.F.);
#2958=ORIENTED_EDGE('',*,*,#2183,.T.);
#2959=ORIENTED_EDGE('',*,*,#2205,.T.);
#2960=ORIENTED_EDGE('',*,*,#2198,.T.);
#2961=ORIENTED_EDGE('',*,*,#2206,.T.);
#2962=ORIENTED_EDGE('',*,*,#2207,.T.);
#2963=ORIENTED_EDGE('',*,*,#2208,.F.);
#2964=ORIENTED_EDGE('',*,*,#2129,.T.);
#2965=ORIENTED_EDGE('',*,*,#2209,.F.);
#2966=ORIENTED_EDGE('',*,*,#2185,.F.);
#2967=ORIENTED_EDGE('',*,*,#2210,.F.);
#2968=ORIENTED_EDGE('',*,*,#2127,.T.);
#2969=ORIENTED_EDGE('',*,*,#2211,.F.);
#2970=ORIENTED_EDGE('',*,*,#2187,.F.);
#2971=ORIENTED_EDGE('',*,*,#2212,.F.);
#2972=ORIENTED_EDGE('',*,*,#2213,.F.);
#2973=ORIENTED_EDGE('',*,*,#2214,.T.);
#2974=ORIENTED_EDGE('',*,*,#2215,.F.);
#2975=ORIENTED_EDGE('',*,*,#2216,.T.);
#2976=ORIENTED_EDGE('',*,*,#2217,.F.);
#2977=ORIENTED_EDGE('',*,*,#2218,.T.);
#2978=ORIENTED_EDGE('',*,*,#2219,.F.);
#2979=ORIENTED_EDGE('',*,*,#2220,.T.);
#2980=ORIENTED_EDGE('',*,*,#2221,.F.);
#2981=ORIENTED_EDGE('',*,*,#2222,.F.);
#2982=ORIENTED_EDGE('',*,*,#2194,.T.);
#2983=ORIENTED_EDGE('',*,*,#2223,.F.);
#2984=ORIENTED_EDGE('',*,*,#2224,.F.);
#2985=ORIENTED_EDGE('',*,*,#2225,.F.);
#2986=ORIENTED_EDGE('',*,*,#2163,.F.);
#2987=ORIENTED_EDGE('',*,*,#2135,.F.);
#2988=ORIENTED_EDGE('',*,*,#2226,.T.);
#2989=ORIENTED_EDGE('',*,*,#2221,.T.);
#2990=ORIENTED_EDGE('',*,*,#2227,.T.);
#2991=ORIENTED_EDGE('',*,*,#2228,.F.);
#2992=ORIENTED_EDGE('',*,*,#2213,.T.);
#2993=ORIENTED_EDGE('',*,*,#2229,.T.);
#2994=ORIENTED_EDGE('',*,*,#2137,.F.);
#2995=ORIENTED_EDGE('',*,*,#2230,.F.);
#2996=ORIENTED_EDGE('',*,*,#2231,.T.);
#2997=ORIENTED_EDGE('',*,*,#2232,.F.);
#2998=ORIENTED_EDGE('',*,*,#2207,.F.);
#2999=ORIENTED_EDGE('',*,*,#2233,.T.);
#3000=ORIENTED_EDGE('',*,*,#2234,.T.);
#3001=ORIENTED_EDGE('',*,*,#2235,.F.);
#3002=ORIENTED_EDGE('',*,*,#2234,.F.);
#3003=ORIENTED_EDGE('',*,*,#2236,.F.);
#3004=ORIENTED_EDGE('',*,*,#2237,.F.);
#3005=ORIENTED_EDGE('',*,*,#2238,.F.);
#3006=ORIENTED_EDGE('',*,*,#2237,.T.);
#3007=ORIENTED_EDGE('',*,*,#2239,.F.);
#3008=ORIENTED_EDGE('',*,*,#2196,.T.);
#3009=ORIENTED_EDGE('',*,*,#2240,.F.);
#3010=ORIENTED_EDGE('',*,*,#2125,.T.);
#3011=ORIENTED_EDGE('',*,*,#2241,.F.);
#3012=ORIENTED_EDGE('',*,*,#2242,.F.);
#3013=ORIENTED_EDGE('',*,*,#2243,.F.);
#3014=ORIENTED_EDGE('',*,*,#2244,.F.);
#3015=ORIENTED_EDGE('',*,*,#2245,.T.);
#3016=ORIENTED_EDGE('',*,*,#2149,.T.);
#3017=ORIENTED_EDGE('',*,*,#2244,.T.);
#3018=ORIENTED_EDGE('',*,*,#2246,.T.);
#3019=ORIENTED_EDGE('',*,*,#2242,.T.);
#3020=ORIENTED_EDGE('',*,*,#2247,.T.);
#3021=ORIENTED_EDGE('',*,*,#2248,.F.);
#3022=ORIENTED_EDGE('',*,*,#2249,.T.);
#3023=ORIENTED_EDGE('',*,*,#2250,.T.);
#3024=ORIENTED_EDGE('',*,*,#2176,.F.);
#3025=ORIENTED_EDGE('',*,*,#2251,.F.);
#3026=ORIENTED_EDGE('',*,*,#2170,.T.);
#3027=ORIENTED_EDGE('',*,*,#2252,.T.);
#3028=ORIENTED_EDGE('',*,*,#2253,.F.);
#3029=ORIENTED_EDGE('',*,*,#2250,.F.);
#3030=ORIENTED_EDGE('',*,*,#2254,.F.);
#3031=ORIENTED_EDGE('',*,*,#2255,.F.);
#3032=ORIENTED_EDGE('',*,*,#2177,.T.);
#3033=ORIENTED_EDGE('',*,*,#2256,.T.);
#3034=ORIENTED_EDGE('',*,*,#2257,.T.);
#3035=ORIENTED_EDGE('',*,*,#2258,.F.);
#3036=ORIENTED_EDGE('',*,*,#2259,.F.);
#3037=ORIENTED_EDGE('',*,*,#2258,.T.);
#3038=ORIENTED_EDGE('',*,*,#2260,.T.);
#3039=ORIENTED_EDGE('',*,*,#2261,.T.);
#3040=ORIENTED_EDGE('',*,*,#2230,.T.);
#3041=ORIENTED_EDGE('',*,*,#2140,.F.);
#3042=ORIENTED_EDGE('',*,*,#2262,.F.);
#3043=ORIENTED_EDGE('',*,*,#2136,.F.);
#3044=ORIENTED_EDGE('',*,*,#2228,.T.);
#3045=ORIENTED_EDGE('',*,*,#2263,.T.);
#3046=ORIENTED_EDGE('',*,*,#2264,.T.);
#3047=ORIENTED_EDGE('',*,*,#2265,.T.);
#3048=ORIENTED_EDGE('',*,*,#2266,.F.);
#3049=ORIENTED_EDGE('',*,*,#2156,.F.);
#3050=ORIENTED_EDGE('',*,*,#2267,.F.);
#3051=ORIENTED_EDGE('',*,*,#2268,.T.);
#3052=ORIENTED_EDGE('',*,*,#2269,.T.);
#3053=ORIENTED_EDGE('',*,*,#2270,.T.);
#3054=ORIENTED_EDGE('',*,*,#2256,.F.);
#3055=ORIENTED_EDGE('',*,*,#2271,.T.);
#3056=ORIENTED_EDGE('',*,*,#2272,.F.);
#3057=ORIENTED_EDGE('',*,*,#2273,.T.);
#3058=ORIENTED_EDGE('',*,*,#2267,.T.);
#3059=ORIENTED_EDGE('',*,*,#2274,.F.);
#3060=ORIENTED_EDGE('',*,*,#2265,.F.);
#3061=ORIENTED_EDGE('',*,*,#2275,.T.);
#3062=ORIENTED_EDGE('',*,*,#2276,.T.);
#3063=ORIENTED_EDGE('',*,*,#2277,.T.);
#3064=ORIENTED_EDGE('',*,*,#2272,.T.);
#3065=ORIENTED_EDGE('',*,*,#2278,.F.);
#3066=ORIENTED_EDGE('',*,*,#2152,.T.);
#3067=ORIENTED_EDGE('',*,*,#2279,.T.);
#3068=ORIENTED_EDGE('',*,*,#2143,.F.);
#3069=ORIENTED_EDGE('',*,*,#2154,.T.);
#3070=ORIENTED_EDGE('',*,*,#2266,.T.);
#3071=ORIENTED_EDGE('',*,*,#2280,.T.);
#3072=ORIENTED_EDGE('',*,*,#2281,.T.);
#3073=ORIENTED_EDGE('',*,*,#2282,.T.);
#3074=ORIENTED_EDGE('',*,*,#2157,.F.);
#3075=ORIENTED_EDGE('',*,*,#2283,.F.);
#3076=ORIENTED_EDGE('',*,*,#2284,.T.);
#3077=ORIENTED_EDGE('',*,*,#2173,.T.);
#3078=ORIENTED_EDGE('',*,*,#2285,.T.);
#3079=ORIENTED_EDGE('',*,*,#2286,.F.);
#3080=ORIENTED_EDGE('',*,*,#2287,.T.);
#3081=ORIENTED_EDGE('',*,*,#2288,.T.);
#3082=ORIENTED_EDGE('',*,*,#2259,.T.);
#3083=ORIENTED_EDGE('',*,*,#2289,.T.);
#3084=ORIENTED_EDGE('',*,*,#2290,.T.);
#3085=ORIENTED_EDGE('',*,*,#2291,.T.);
#3086=ORIENTED_EDGE('',*,*,#2292,.T.);
#3087=ORIENTED_EDGE('',*,*,#2293,.T.);
#3088=ORIENTED_EDGE('',*,*,#2112,.T.);
#3089=ORIENTED_EDGE('',*,*,#2294,.T.);
#3090=ORIENTED_EDGE('',*,*,#2295,.T.);
#3091=ORIENTED_EDGE('',*,*,#2274,.T.);
#3092=ORIENTED_EDGE('',*,*,#2296,.T.);
#3093=ORIENTED_EDGE('',*,*,#2297,.F.);
#3094=ORIENTED_EDGE('',*,*,#2298,.T.);
#3095=ORIENTED_EDGE('',*,*,#2290,.F.);
#3096=ORIENTED_EDGE('',*,*,#2299,.T.);
#3097=ORIENTED_EDGE('',*,*,#2281,.F.);
#3098=ORIENTED_EDGE('',*,*,#2300,.T.);
#3099=ORIENTED_EDGE('',*,*,#2301,.F.);
#3100=ORIENTED_EDGE('',*,*,#2302,.T.);
#3101=ORIENTED_EDGE('',*,*,#2132,.F.);
#3102=ORIENTED_EDGE('',*,*,#2161,.T.);
#3103=ORIENTED_EDGE('',*,*,#2158,.F.);
#3104=ORIENTED_EDGE('',*,*,#2282,.F.);
#3105=ORIENTED_EDGE('',*,*,#2303,.F.);
#3106=ORIENTED_EDGE('',*,*,#2304,.F.);
#3107=ORIENTED_EDGE('',*,*,#2303,.T.);
#3108=ORIENTED_EDGE('',*,*,#2302,.F.);
#3109=ORIENTED_EDGE('',*,*,#2305,.F.);
#3110=ORIENTED_EDGE('',*,*,#2150,.F.);
#3111=ORIENTED_EDGE('',*,*,#2305,.T.);
#3112=ORIENTED_EDGE('',*,*,#2306,.F.);
#3113=ORIENTED_EDGE('',*,*,#2307,.F.);
#3114=ORIENTED_EDGE('',*,*,#2151,.F.);
#3115=ORIENTED_EDGE('',*,*,#2307,.T.);
#3116=ORIENTED_EDGE('',*,*,#2308,.F.);
#3117=ORIENTED_EDGE('',*,*,#2309,.F.);
#3118=ORIENTED_EDGE('',*,*,#2279,.F.);
#3119=ORIENTED_EDGE('',*,*,#2309,.T.);
#3120=ORIENTED_EDGE('',*,*,#2310,.F.);
#3121=ORIENTED_EDGE('',*,*,#2311,.F.);
#3122=ORIENTED_EDGE('',*,*,#2144,.F.);
#3123=ORIENTED_EDGE('',*,*,#2311,.T.);
#3124=ORIENTED_EDGE('',*,*,#2299,.F.);
#3125=ORIENTED_EDGE('',*,*,#2312,.F.);
#3126=ORIENTED_EDGE('',*,*,#2145,.F.);
#3127=ORIENTED_EDGE('',*,*,#2289,.F.);
#3128=ORIENTED_EDGE('',*,*,#2262,.T.);
#3129=ORIENTED_EDGE('',*,*,#2146,.F.);
#3130=ORIENTED_EDGE('',*,*,#2312,.T.);
#3131=ORIENTED_EDGE('',*,*,#2313,.F.);
#3132=ORIENTED_EDGE('',*,*,#2113,.T.);
#3133=ORIENTED_EDGE('',*,*,#2293,.F.);
#3134=ORIENTED_EDGE('',*,*,#2314,.F.);
#3135=ORIENTED_EDGE('',*,*,#2298,.F.);
#3136=ORIENTED_EDGE('',*,*,#2271,.F.);
#3137=ORIENTED_EDGE('',*,*,#2288,.F.);
#3138=ORIENTED_EDGE('',*,*,#2315,.F.);
#3139=ORIENTED_EDGE('',*,*,#2291,.F.);
#3140=ORIENTED_EDGE('',*,*,#2314,.T.);
#3141=ORIENTED_EDGE('',*,*,#2296,.F.);
#3142=ORIENTED_EDGE('',*,*,#2278,.T.);
#3143=ORIENTED_EDGE('',*,*,#2295,.F.);
#3144=ORIENTED_EDGE('',*,*,#2316,.F.);
#3145=ORIENTED_EDGE('',*,*,#2280,.F.);
#3146=ORIENTED_EDGE('',*,*,#2317,.F.);
#3147=ORIENTED_EDGE('',*,*,#2300,.F.);
#3148=ORIENTED_EDGE('',*,*,#2316,.T.);
#3149=ORIENTED_EDGE('',*,*,#2294,.F.);
#3150=ORIENTED_EDGE('',*,*,#2111,.T.);
#3151=ORIENTED_EDGE('',*,*,#2318,.T.);
#3152=ORIENTED_EDGE('',*,*,#2223,.T.);
#3153=ORIENTED_EDGE('',*,*,#2201,.F.);
#3154=ORIENTED_EDGE('',*,*,#2319,.F.);
#3155=ORIENTED_EDGE('',*,*,#2320,.T.);
#3156=ORIENTED_EDGE('',*,*,#2224,.T.);
#3157=ORIENTED_EDGE('',*,*,#2318,.F.);
#3158=ORIENTED_EDGE('',*,*,#2321,.F.);
#3159=ORIENTED_EDGE('',*,*,#2164,.T.);
#3160=ORIENTED_EDGE('',*,*,#2225,.T.);
#3161=ORIENTED_EDGE('',*,*,#2320,.F.);
#3162=ORIENTED_EDGE('',*,*,#2322,.F.);
#3163=ORIENTED_EDGE('',*,*,#2323,.F.);
#3164=ORIENTED_EDGE('',*,*,#2199,.T.);
#3165=ORIENTED_EDGE('',*,*,#2205,.F.);
#3166=ORIENTED_EDGE('',*,*,#2182,.F.);
#3167=ORIENTED_EDGE('',*,*,#2324,.F.);
#3168=ORIENTED_EDGE('',*,*,#2325,.F.);
#3169=ORIENTED_EDGE('',*,*,#2252,.F.);
#3170=ORIENTED_EDGE('',*,*,#2169,.T.);
#3171=ORIENTED_EDGE('',*,*,#2326,.F.);
#3172=ORIENTED_EDGE('',*,*,#2327,.F.);
#3173=ORIENTED_EDGE('',*,*,#2191,.T.);
#3174=ORIENTED_EDGE('',*,*,#2328,.F.);
#3175=ORIENTED_EDGE('',*,*,#2329,.F.);
#3176=ORIENTED_EDGE('',*,*,#2330,.F.);
#3177=ORIENTED_EDGE('',*,*,#2331,.F.);
#3178=ORIENTED_EDGE('',*,*,#2332,.F.);
#3179=ORIENTED_EDGE('',*,*,#2178,.F.);
#3180=ORIENTED_EDGE('',*,*,#2255,.T.);
#3181=ORIENTED_EDGE('',*,*,#2333,.F.);
#3182=ORIENTED_EDGE('',*,*,#2189,.F.);
#3183=ORIENTED_EDGE('',*,*,#2193,.T.);
#3184=ORIENTED_EDGE('',*,*,#2334,.F.);
#3185=ORIENTED_EDGE('',*,*,#2324,.T.);
#3186=ORIENTED_EDGE('',*,*,#2181,.F.);
#3187=ORIENTED_EDGE('',*,*,#2326,.T.);
#3188=ORIENTED_EDGE('',*,*,#2203,.T.);
#3189=ORIENTED_EDGE('',*,*,#2322,.T.);
#3190=ORIENTED_EDGE('',*,*,#2335,.F.);
#3191=ORIENTED_EDGE('',*,*,#2319,.T.);
#3192=ORIENTED_EDGE('',*,*,#2200,.T.);
#3193=ORIENTED_EDGE('',*,*,#2323,.T.);
#3194=ORIENTED_EDGE('',*,*,#2336,.F.);
#3195=ORIENTED_EDGE('',*,*,#2333,.T.);
#3196=ORIENTED_EDGE('',*,*,#2337,.T.);
#3197=ORIENTED_EDGE('',*,*,#2328,.T.);
#3198=ORIENTED_EDGE('',*,*,#2190,.F.);
#3199=ORIENTED_EDGE('',*,*,#2338,.T.);
#3200=ORIENTED_EDGE('',*,*,#2329,.T.);
#3201=ORIENTED_EDGE('',*,*,#2337,.F.);
#3202=ORIENTED_EDGE('',*,*,#2254,.T.);
#3203=ORIENTED_EDGE('',*,*,#2339,.F.);
#3204=ORIENTED_EDGE('',*,*,#2327,.T.);
#3205=ORIENTED_EDGE('',*,*,#2335,.T.);
#3206=ORIENTED_EDGE('',*,*,#2340,.T.);
#3207=ORIENTED_EDGE('',*,*,#2338,.F.);
#3208=ORIENTED_EDGE('',*,*,#2341,.T.);
#3209=ORIENTED_EDGE('',*,*,#2330,.T.);
#3210=ORIENTED_EDGE('',*,*,#2340,.F.);
#3211=ORIENTED_EDGE('',*,*,#2321,.T.);
#3212=ORIENTED_EDGE('',*,*,#2336,.T.);
#3213=ORIENTED_EDGE('',*,*,#2342,.T.);
#3214=ORIENTED_EDGE('',*,*,#2341,.F.);
#3215=ORIENTED_EDGE('',*,*,#2342,.F.);
#3216=ORIENTED_EDGE('',*,*,#2325,.T.);
#3217=ORIENTED_EDGE('',*,*,#2343,.T.);
#3218=ORIENTED_EDGE('',*,*,#2331,.T.);
#3219=ORIENTED_EDGE('',*,*,#2332,.T.);
#3220=ORIENTED_EDGE('',*,*,#2343,.F.);
#3221=ORIENTED_EDGE('',*,*,#2334,.T.);
#3222=ORIENTED_EDGE('',*,*,#2192,.F.);
#3223=ORIENTED_EDGE('',*,*,#2317,.T.);
#3224=ORIENTED_EDGE('',*,*,#2110,.T.);
#3225=ORIENTED_EDGE('',*,*,#2114,.T.);
#3226=ORIENTED_EDGE('',*,*,#2313,.T.);
#3227=ORIENTED_EDGE('',*,*,#2297,.T.);
#3228=ORIENTED_EDGE('',*,*,#2310,.T.);
#3229=ORIENTED_EDGE('',*,*,#2308,.T.);
#3230=ORIENTED_EDGE('',*,*,#2306,.T.);
#3231=ORIENTED_EDGE('',*,*,#2301,.T.);
#3232=ORIENTED_EDGE('',*,*,#2117,.T.);
#3233=ORIENTED_EDGE('',*,*,#2116,.F.);
#3234=ORIENTED_EDGE('',*,*,#2344,.T.);
#3235=ORIENTED_EDGE('',*,*,#2345,.T.);
#3236=ORIENTED_EDGE('',*,*,#2346,.F.);
#3237=ORIENTED_EDGE('',*,*,#2347,.F.);
#3238=ORIENTED_EDGE('',*,*,#2348,.F.);
#3239=ORIENTED_EDGE('',*,*,#2349,.T.);
#3240=ORIENTED_EDGE('',*,*,#2350,.T.);
#3241=ORIENTED_EDGE('',*,*,#2347,.T.);
#3242=ORIENTED_EDGE('',*,*,#2351,.T.);
#3243=ORIENTED_EDGE('',*,*,#2352,.T.);
#3244=ORIENTED_EDGE('',*,*,#2353,.F.);
#3245=ORIENTED_EDGE('',*,*,#2354,.F.);
#3246=ORIENTED_EDGE('',*,*,#2355,.F.);
#3247=ORIENTED_EDGE('',*,*,#2356,.T.);
#3248=ORIENTED_EDGE('',*,*,#2357,.T.);
#3249=ORIENTED_EDGE('',*,*,#2354,.T.);
#3250=ORIENTED_EDGE('',*,*,#2358,.T.);
#3251=ORIENTED_EDGE('',*,*,#2359,.T.);
#3252=ORIENTED_EDGE('',*,*,#2360,.F.);
#3253=ORIENTED_EDGE('',*,*,#2361,.F.);
#3254=ORIENTED_EDGE('',*,*,#2362,.F.);
#3255=ORIENTED_EDGE('',*,*,#2363,.T.);
#3256=ORIENTED_EDGE('',*,*,#2364,.T.);
#3257=ORIENTED_EDGE('',*,*,#2361,.T.);
#3258=ORIENTED_EDGE('',*,*,#2365,.T.);
#3259=ORIENTED_EDGE('',*,*,#2366,.T.);
#3260=ORIENTED_EDGE('',*,*,#2367,.F.);
#3261=ORIENTED_EDGE('',*,*,#2368,.F.);
#3262=ORIENTED_EDGE('',*,*,#2369,.F.);
#3263=ORIENTED_EDGE('',*,*,#2370,.T.);
#3264=ORIENTED_EDGE('',*,*,#2371,.T.);
#3265=ORIENTED_EDGE('',*,*,#2368,.T.);
#3266=ORIENTED_EDGE('',*,*,#2372,.F.);
#3267=ORIENTED_EDGE('',*,*,#2373,.T.);
#3268=ORIENTED_EDGE('',*,*,#2374,.T.);
#3269=ORIENTED_EDGE('',*,*,#2375,.F.);
#3270=ORIENTED_EDGE('',*,*,#2350,.F.);
#3271=ORIENTED_EDGE('',*,*,#2376,.T.);
#3272=ORIENTED_EDGE('',*,*,#2372,.T.);
#3273=ORIENTED_EDGE('',*,*,#2377,.T.);
#3274=ORIENTED_EDGE('',*,*,#2378,.T.);
#3275=ORIENTED_EDGE('',*,*,#2344,.F.);
#3276=ORIENTED_EDGE('',*,*,#2378,.F.);
#3277=ORIENTED_EDGE('',*,*,#2379,.F.);
#3278=ORIENTED_EDGE('',*,*,#2380,.F.);
#3279=ORIENTED_EDGE('',*,*,#2345,.F.);
#3280=ORIENTED_EDGE('',*,*,#2374,.F.);
#3281=ORIENTED_EDGE('',*,*,#2381,.T.);
#3282=ORIENTED_EDGE('',*,*,#2348,.T.);
#3283=ORIENTED_EDGE('',*,*,#2346,.T.);
#3284=ORIENTED_EDGE('',*,*,#2380,.T.);
#3285=ORIENTED_EDGE('',*,*,#2382,.F.);
#3286=ORIENTED_EDGE('',*,*,#2383,.F.);
#3287=ORIENTED_EDGE('',*,*,#2384,.T.);
#3288=ORIENTED_EDGE('',*,*,#2385,.T.);
#3289=ORIENTED_EDGE('',*,*,#2386,.F.);
#3290=ORIENTED_EDGE('',*,*,#2357,.F.);
#3291=ORIENTED_EDGE('',*,*,#2387,.T.);
#3292=ORIENTED_EDGE('',*,*,#2383,.T.);
#3293=ORIENTED_EDGE('',*,*,#2388,.T.);
#3294=ORIENTED_EDGE('',*,*,#2389,.T.);
#3295=ORIENTED_EDGE('',*,*,#2351,.F.);
#3296=ORIENTED_EDGE('',*,*,#2389,.F.);
#3297=ORIENTED_EDGE('',*,*,#2390,.F.);
#3298=ORIENTED_EDGE('',*,*,#2391,.F.);
#3299=ORIENTED_EDGE('',*,*,#2352,.F.);
#3300=ORIENTED_EDGE('',*,*,#2385,.F.);
#3301=ORIENTED_EDGE('',*,*,#2392,.T.);
#3302=ORIENTED_EDGE('',*,*,#2355,.T.);
#3303=ORIENTED_EDGE('',*,*,#2353,.T.);
#3304=ORIENTED_EDGE('',*,*,#2391,.T.);
#3305=ORIENTED_EDGE('',*,*,#2393,.F.);
#3306=ORIENTED_EDGE('',*,*,#2394,.F.);
#3307=ORIENTED_EDGE('',*,*,#2395,.T.);
#3308=ORIENTED_EDGE('',*,*,#2396,.T.);
#3309=ORIENTED_EDGE('',*,*,#2397,.F.);
#3310=ORIENTED_EDGE('',*,*,#2364,.F.);
#3311=ORIENTED_EDGE('',*,*,#2398,.T.);
#3312=ORIENTED_EDGE('',*,*,#2394,.T.);
#3313=ORIENTED_EDGE('',*,*,#2399,.T.);
#3314=ORIENTED_EDGE('',*,*,#2400,.T.);
#3315=ORIENTED_EDGE('',*,*,#2358,.F.);
#3316=ORIENTED_EDGE('',*,*,#2400,.F.);
#3317=ORIENTED_EDGE('',*,*,#2401,.F.);
#3318=ORIENTED_EDGE('',*,*,#2402,.F.);
#3319=ORIENTED_EDGE('',*,*,#2359,.F.);
#3320=ORIENTED_EDGE('',*,*,#2396,.F.);
#3321=ORIENTED_EDGE('',*,*,#2403,.T.);
#3322=ORIENTED_EDGE('',*,*,#2362,.T.);
#3323=ORIENTED_EDGE('',*,*,#2360,.T.);
#3324=ORIENTED_EDGE('',*,*,#2402,.T.);
#3325=ORIENTED_EDGE('',*,*,#2404,.F.);
#3326=ORIENTED_EDGE('',*,*,#2405,.F.);
#3327=ORIENTED_EDGE('',*,*,#2406,.T.);
#3328=ORIENTED_EDGE('',*,*,#2407,.T.);
#3329=ORIENTED_EDGE('',*,*,#2408,.F.);
#3330=ORIENTED_EDGE('',*,*,#2371,.F.);
#3331=ORIENTED_EDGE('',*,*,#2409,.T.);
#3332=ORIENTED_EDGE('',*,*,#2405,.T.);
#3333=ORIENTED_EDGE('',*,*,#2410,.T.);
#3334=ORIENTED_EDGE('',*,*,#2411,.T.);
#3335=ORIENTED_EDGE('',*,*,#2365,.F.);
#3336=ORIENTED_EDGE('',*,*,#2411,.F.);
#3337=ORIENTED_EDGE('',*,*,#2412,.F.);
#3338=ORIENTED_EDGE('',*,*,#2413,.F.);
#3339=ORIENTED_EDGE('',*,*,#2366,.F.);
#3340=ORIENTED_EDGE('',*,*,#2407,.F.);
#3341=ORIENTED_EDGE('',*,*,#2414,.T.);
#3342=ORIENTED_EDGE('',*,*,#2369,.T.);
#3343=ORIENTED_EDGE('',*,*,#2367,.T.);
#3344=ORIENTED_EDGE('',*,*,#2413,.T.);
#3345=ORIENTED_EDGE('',*,*,#2415,.F.);
#3346=ORIENTED_EDGE('',*,*,#2107,.T.);
#3347=ORIENTED_EDGE('',*,*,#2415,.T.);
#3348=ORIENTED_EDGE('',*,*,#2412,.T.);
#3349=ORIENTED_EDGE('',*,*,#2410,.F.);
#3350=ORIENTED_EDGE('',*,*,#2408,.T.);
#3351=ORIENTED_EDGE('',*,*,#2404,.T.);
#3352=ORIENTED_EDGE('',*,*,#2401,.T.);
#3353=ORIENTED_EDGE('',*,*,#2399,.F.);
#3354=ORIENTED_EDGE('',*,*,#2397,.T.);
#3355=ORIENTED_EDGE('',*,*,#2393,.T.);
#3356=ORIENTED_EDGE('',*,*,#2390,.T.);
#3357=ORIENTED_EDGE('',*,*,#2388,.F.);
#3358=ORIENTED_EDGE('',*,*,#2386,.T.);
#3359=ORIENTED_EDGE('',*,*,#2382,.T.);
#3360=ORIENTED_EDGE('',*,*,#2379,.T.);
#3361=ORIENTED_EDGE('',*,*,#2377,.F.);
#3362=ORIENTED_EDGE('',*,*,#2375,.T.);
#3363=ORIENTED_EDGE('',*,*,#2219,.T.);
#3364=ORIENTED_EDGE('',*,*,#2416,.T.);
#3365=ORIENTED_EDGE('',*,*,#2275,.F.);
#3366=ORIENTED_EDGE('',*,*,#2264,.F.);
#3367=ORIENTED_EDGE('',*,*,#2417,.T.);
#3368=ORIENTED_EDGE('',*,*,#2217,.T.);
#3369=ORIENTED_EDGE('',*,*,#2418,.T.);
#3370=ORIENTED_EDGE('',*,*,#2268,.F.);
#3371=ORIENTED_EDGE('',*,*,#2273,.F.);
#3372=ORIENTED_EDGE('',*,*,#2277,.F.);
#3373=ORIENTED_EDGE('',*,*,#2419,.T.);
#3374=ORIENTED_EDGE('',*,*,#2215,.T.);
#3375=ORIENTED_EDGE('',*,*,#2420,.T.);
#3376=ORIENTED_EDGE('',*,*,#2260,.F.);
#3377=ORIENTED_EDGE('',*,*,#2257,.F.);
#3378=ORIENTED_EDGE('',*,*,#2270,.F.);
#3379=ORIENTED_EDGE('',*,*,#2421,.T.);
#3380=ORIENTED_EDGE('',*,*,#2422,.F.);
#3381=ORIENTED_EDGE('',*,*,#2423,.T.);
#3382=ORIENTED_EDGE('',*,*,#2315,.T.);
#3383=ORIENTED_EDGE('',*,*,#2424,.T.);
#3384=ORIENTED_EDGE('',*,*,#2425,.F.);
#3385=ORIENTED_EDGE('',*,*,#2253,.T.);
#3386=ORIENTED_EDGE('',*,*,#2339,.T.);
#3387=ORIENTED_EDGE('',*,*,#2249,.F.);
#3388=ORIENTED_EDGE('',*,*,#2426,.T.);
#3389=ORIENTED_EDGE('',*,*,#2427,.T.);
#3390=ORIENTED_EDGE('',*,*,#2171,.T.);
#3391=ORIENTED_EDGE('',*,*,#2251,.T.);
#3392=ORIENTED_EDGE('',*,*,#2425,.T.);
#3393=ORIENTED_EDGE('',*,*,#2428,.T.);
#3394=ORIENTED_EDGE('',*,*,#2286,.T.);
#3395=ORIENTED_EDGE('',*,*,#2429,.T.);
#3396=ORIENTED_EDGE('',*,*,#2426,.F.);
#3397=ORIENTED_EDGE('',*,*,#2430,.T.);
#3398=ORIENTED_EDGE('',*,*,#2175,.T.);
#3399=ORIENTED_EDGE('',*,*,#2431,.T.);
#3400=ORIENTED_EDGE('',*,*,#2432,.T.);
#3401=ORIENTED_EDGE('',*,*,#2433,.T.);
#3402=ORIENTED_EDGE('',*,*,#2422,.T.);
#3403=ORIENTED_EDGE('',*,*,#2248,.T.);
#3404=ORIENTED_EDGE('',*,*,#2432,.F.);
#3405=ORIENTED_EDGE('',*,*,#2434,.T.);
#3406=ORIENTED_EDGE('',*,*,#2283,.T.);
#3407=ORIENTED_EDGE('',*,*,#2435,.T.);
#3408=ORIENTED_EDGE('',*,*,#2155,.T.);
#3409=ORIENTED_EDGE('',*,*,#2160,.F.);
#3410=ORIENTED_EDGE('',*,*,#2130,.F.);
#3411=ORIENTED_EDGE('',*,*,#2208,.T.);
#3412=ORIENTED_EDGE('',*,*,#2184,.T.);
#3413=ORIENTED_EDGE('',*,*,#2204,.T.);
#3414=ORIENTED_EDGE('',*,*,#2232,.T.);
#3415=ORIENTED_EDGE('',*,*,#2235,.T.);
#3416=ORIENTED_EDGE('',*,*,#2238,.T.);
#3417=ORIENTED_EDGE('',*,*,#2195,.F.);
#3418=ORIENTED_EDGE('',*,*,#2222,.T.);
#3419=ORIENTED_EDGE('',*,*,#2226,.F.);
#3420=ORIENTED_EDGE('',*,*,#2134,.F.);
#3421=ORIENTED_EDGE('',*,*,#2197,.T.);
#3422=ORIENTED_EDGE('',*,*,#2239,.T.);
#3423=ORIENTED_EDGE('',*,*,#2236,.T.);
#3424=ORIENTED_EDGE('',*,*,#2233,.F.);
#3425=ORIENTED_EDGE('',*,*,#2206,.F.);
#3426=ORIENTED_EDGE('',*,*,#2387,.F.);
#3427=ORIENTED_EDGE('',*,*,#2356,.F.);
#3428=ORIENTED_EDGE('',*,*,#2392,.F.);
#3429=ORIENTED_EDGE('',*,*,#2384,.F.);
#3430=ORIENTED_EDGE('',*,*,#2376,.F.);
#3431=ORIENTED_EDGE('',*,*,#2349,.F.);
#3432=ORIENTED_EDGE('',*,*,#2381,.F.);
#3433=ORIENTED_EDGE('',*,*,#2373,.F.);
#3434=ORIENTED_EDGE('',*,*,#2409,.F.);
#3435=ORIENTED_EDGE('',*,*,#2370,.F.);
#3436=ORIENTED_EDGE('',*,*,#2414,.F.);
#3437=ORIENTED_EDGE('',*,*,#2406,.F.);
#3438=ORIENTED_EDGE('',*,*,#2398,.F.);
#3439=ORIENTED_EDGE('',*,*,#2363,.F.);
#3440=ORIENTED_EDGE('',*,*,#2403,.F.);
#3441=ORIENTED_EDGE('',*,*,#2395,.F.);
#3442=ORIENTED_EDGE('',*,*,#2304,.T.);
#3443=ORIENTED_EDGE('',*,*,#2245,.F.);
#3444=ORIENTED_EDGE('',*,*,#2247,.F.);
#3445=ORIENTED_EDGE('',*,*,#2241,.T.);
#3446=ORIENTED_EDGE('',*,*,#2214,.F.);
#3447=ORIENTED_EDGE('',*,*,#2231,.F.);
#3448=ORIENTED_EDGE('',*,*,#2261,.F.);
#3449=ORIENTED_EDGE('',*,*,#2420,.F.);
#3450=ORIENTED_EDGE('',*,*,#2216,.F.);
#3451=ORIENTED_EDGE('',*,*,#2421,.F.);
#3452=ORIENTED_EDGE('',*,*,#2269,.F.);
#3453=ORIENTED_EDGE('',*,*,#2418,.F.);
#3454=ORIENTED_EDGE('',*,*,#2218,.F.);
#3455=ORIENTED_EDGE('',*,*,#2419,.F.);
#3456=ORIENTED_EDGE('',*,*,#2276,.F.);
#3457=ORIENTED_EDGE('',*,*,#2416,.F.);
#3458=ORIENTED_EDGE('',*,*,#2220,.F.);
#3459=ORIENTED_EDGE('',*,*,#2417,.F.);
#3460=ORIENTED_EDGE('',*,*,#2263,.F.);
#3461=ORIENTED_EDGE('',*,*,#2227,.F.);
#3462=ORIENTED_EDGE('',*,*,#2431,.F.);
#3463=ORIENTED_EDGE('',*,*,#2174,.F.);
#3464=ORIENTED_EDGE('',*,*,#2284,.F.);
#3465=ORIENTED_EDGE('',*,*,#2434,.F.);
#3466=ORIENTED_EDGE('',*,*,#2433,.F.);
#3467=ORIENTED_EDGE('',*,*,#2435,.F.);
#3468=ORIENTED_EDGE('',*,*,#2292,.F.);
#3469=ORIENTED_EDGE('',*,*,#2423,.F.);
#3470=ORIENTED_EDGE('',*,*,#2427,.F.);
#3471=ORIENTED_EDGE('',*,*,#2429,.F.);
#3472=ORIENTED_EDGE('',*,*,#2285,.F.);
#3473=ORIENTED_EDGE('',*,*,#2172,.F.);
#3474=ORIENTED_EDGE('',*,*,#2428,.F.);
#3475=ORIENTED_EDGE('',*,*,#2424,.F.);
#3476=ORIENTED_EDGE('',*,*,#2287,.F.);
#3477=ORIENTED_EDGE('',*,*,#2430,.F.);
#3478=ORIENTED_EDGE('',*,*,#2202,.T.);
#3479=ORIENTED_EDGE('',*,*,#2167,.F.);
#3480=ORIENTED_EDGE('',*,*,#2188,.F.);
#3481=ORIENTED_EDGE('',*,*,#2179,.T.);
#3482=ORIENTED_EDGE('',*,*,#2211,.T.);
#3483=ORIENTED_EDGE('',*,*,#2126,.F.);
#3484=ORIENTED_EDGE('',*,*,#2240,.T.);
#3485=ORIENTED_EDGE('',*,*,#2246,.F.);
#3486=ORIENTED_EDGE('',*,*,#2243,.T.);
#3487=ORIENTED_EDGE('',*,*,#2148,.F.);
#3488=ORIENTED_EDGE('',*,*,#2153,.T.);
#3489=ORIENTED_EDGE('',*,*,#2141,.T.);
#3490=ORIENTED_EDGE('',*,*,#2138,.F.);
#3491=ORIENTED_EDGE('',*,*,#2229,.F.);
#3492=ORIENTED_EDGE('',*,*,#2212,.T.);
#3493=ORIENTED_EDGE('',*,*,#2162,.T.);
#3494=ORIENTED_EDGE('',*,*,#2097,.F.);
#3495=ORIENTED_EDGE('',*,*,#2100,.F.);
#3496=ORIENTED_EDGE('',*,*,#2103,.F.);
#3497=ORIENTED_EDGE('',*,*,#2209,.T.);
#3498=ORIENTED_EDGE('',*,*,#2128,.F.);
#3499=ORIENTED_EDGE('',*,*,#2210,.T.);
#3500=ORIENTED_EDGE('',*,*,#2186,.T.);
#3501=ORIENTED_EDGE('',*,*,#2101,.T.);
#3502=ORIENTED_EDGE('',*,*,#2098,.T.);
#3503=ORIENTED_EDGE('',*,*,#2095,.T.);
#3504=ORIENTED_EDGE('',*,*,#2436,.F.);
#3505=ORIENTED_EDGE('',*,*,#2437,.T.);
#3506=ORIENTED_EDGE('',*,*,#2438,.F.);
#3507=ORIENTED_EDGE('',*,*,#2439,.F.);
#3508=ORIENTED_EDGE('',*,*,#2440,.F.);
#3509=ORIENTED_EDGE('',*,*,#2439,.T.);
#3510=ORIENTED_EDGE('',*,*,#2441,.F.);
#3511=ORIENTED_EDGE('',*,*,#2442,.F.);
#3512=ORIENTED_EDGE('',*,*,#2443,.F.);
#3513=ORIENTED_EDGE('',*,*,#2442,.T.);
#3514=ORIENTED_EDGE('',*,*,#2444,.F.);
#3515=ORIENTED_EDGE('',*,*,#2445,.F.);
#3516=ORIENTED_EDGE('',*,*,#2446,.F.);
#3517=ORIENTED_EDGE('',*,*,#2445,.T.);
#3518=ORIENTED_EDGE('',*,*,#2447,.F.);
#3519=ORIENTED_EDGE('',*,*,#2437,.F.);
#3520=ORIENTED_EDGE('',*,*,#2447,.T.);
#3521=ORIENTED_EDGE('',*,*,#2444,.T.);
#3522=ORIENTED_EDGE('',*,*,#2441,.T.);
#3523=ORIENTED_EDGE('',*,*,#2438,.T.);
#3524=ORIENTED_EDGE('',*,*,#2448,.F.);
#3525=ORIENTED_EDGE('',*,*,#2449,.T.);
#3526=ORIENTED_EDGE('',*,*,#2450,.F.);
#3527=ORIENTED_EDGE('',*,*,#2449,.F.);
#3528=ORIENTED_EDGE('',*,*,#2451,.F.);
#3529=ORIENTED_EDGE('',*,*,#2452,.T.);
#3530=ORIENTED_EDGE('',*,*,#2453,.F.);
#3531=ORIENTED_EDGE('',*,*,#2452,.F.);
#3532=ORIENTED_EDGE('',*,*,#2454,.F.);
#3533=ORIENTED_EDGE('',*,*,#2455,.T.);
#3534=ORIENTED_EDGE('',*,*,#2456,.F.);
#3535=ORIENTED_EDGE('',*,*,#2455,.F.);
#3536=ORIENTED_EDGE('',*,*,#2457,.F.);
#3537=ORIENTED_EDGE('',*,*,#2458,.T.);
#3538=ORIENTED_EDGE('',*,*,#2459,.F.);
#3539=ORIENTED_EDGE('',*,*,#2458,.F.);
#3540=ORIENTED_EDGE('',*,*,#2460,.F.);
#3541=ORIENTED_EDGE('',*,*,#2461,.T.);
#3542=ORIENTED_EDGE('',*,*,#2462,.F.);
#3543=ORIENTED_EDGE('',*,*,#2461,.F.);
#3544=ORIENTED_EDGE('',*,*,#2463,.F.);
#3545=ORIENTED_EDGE('',*,*,#2464,.T.);
#3546=ORIENTED_EDGE('',*,*,#2465,.F.);
#3547=ORIENTED_EDGE('',*,*,#2464,.F.);
#3548=ORIENTED_EDGE('',*,*,#2466,.F.);
#3549=ORIENTED_EDGE('',*,*,#2467,.T.);
#3550=ORIENTED_EDGE('',*,*,#2468,.F.);
#3551=ORIENTED_EDGE('',*,*,#2467,.F.);
#3552=ORIENTED_EDGE('',*,*,#2469,.F.);
#3553=ORIENTED_EDGE('',*,*,#2470,.T.);
#3554=ORIENTED_EDGE('',*,*,#2471,.F.);
#3555=ORIENTED_EDGE('',*,*,#2470,.F.);
#3556=ORIENTED_EDGE('',*,*,#2472,.T.);
#3557=ORIENTED_EDGE('',*,*,#2473,.T.);
#3558=ORIENTED_EDGE('',*,*,#2474,.F.);
#3559=ORIENTED_EDGE('',*,*,#2475,.F.);
#3560=ORIENTED_EDGE('',*,*,#2476,.T.);
#3561=ORIENTED_EDGE('',*,*,#2475,.T.);
#3562=ORIENTED_EDGE('',*,*,#2477,.F.);
#3563=ORIENTED_EDGE('',*,*,#2478,.F.);
#3564=ORIENTED_EDGE('',*,*,#2479,.T.);
#3565=ORIENTED_EDGE('',*,*,#2478,.T.);
#3566=ORIENTED_EDGE('',*,*,#2480,.F.);
#3567=ORIENTED_EDGE('',*,*,#2481,.F.);
#3568=ORIENTED_EDGE('',*,*,#2482,.T.);
#3569=ORIENTED_EDGE('',*,*,#2481,.T.);
#3570=ORIENTED_EDGE('',*,*,#2483,.F.);
#3571=ORIENTED_EDGE('',*,*,#2484,.F.);
#3572=ORIENTED_EDGE('',*,*,#2485,.T.);
#3573=ORIENTED_EDGE('',*,*,#2484,.T.);
#3574=ORIENTED_EDGE('',*,*,#2486,.F.);
#3575=ORIENTED_EDGE('',*,*,#2487,.F.);
#3576=ORIENTED_EDGE('',*,*,#2488,.T.);
#3577=ORIENTED_EDGE('',*,*,#2487,.T.);
#3578=ORIENTED_EDGE('',*,*,#2489,.F.);
#3579=ORIENTED_EDGE('',*,*,#2490,.F.);
#3580=ORIENTED_EDGE('',*,*,#2491,.T.);
#3581=ORIENTED_EDGE('',*,*,#2490,.T.);
#3582=ORIENTED_EDGE('',*,*,#2492,.F.);
#3583=ORIENTED_EDGE('',*,*,#2493,.F.);
#3584=ORIENTED_EDGE('',*,*,#2494,.T.);
#3585=ORIENTED_EDGE('',*,*,#2493,.T.);
#3586=ORIENTED_EDGE('',*,*,#2495,.F.);
#3587=ORIENTED_EDGE('',*,*,#2473,.F.);
#3588=ORIENTED_EDGE('',*,*,#2495,.T.);
#3589=ORIENTED_EDGE('',*,*,#2492,.T.);
#3590=ORIENTED_EDGE('',*,*,#2489,.T.);
#3591=ORIENTED_EDGE('',*,*,#2486,.T.);
#3592=ORIENTED_EDGE('',*,*,#2483,.T.);
#3593=ORIENTED_EDGE('',*,*,#2480,.T.);
#3594=ORIENTED_EDGE('',*,*,#2477,.T.);
#3595=ORIENTED_EDGE('',*,*,#2474,.T.);
#3596=ORIENTED_EDGE('',*,*,#2471,.T.);
#3597=ORIENTED_EDGE('',*,*,#2468,.T.);
#3598=ORIENTED_EDGE('',*,*,#2465,.T.);
#3599=ORIENTED_EDGE('',*,*,#2462,.T.);
#3600=ORIENTED_EDGE('',*,*,#2459,.T.);
#3601=ORIENTED_EDGE('',*,*,#2456,.T.);
#3602=ORIENTED_EDGE('',*,*,#2453,.T.);
#3603=ORIENTED_EDGE('',*,*,#2450,.T.);
#3604=ORIENTED_EDGE('',*,*,#2494,.F.);
#3605=ORIENTED_EDGE('',*,*,#2472,.F.);
#3606=ORIENTED_EDGE('',*,*,#2476,.F.);
#3607=ORIENTED_EDGE('',*,*,#2479,.F.);
#3608=ORIENTED_EDGE('',*,*,#2482,.F.);
#3609=ORIENTED_EDGE('',*,*,#2485,.F.);
#3610=ORIENTED_EDGE('',*,*,#2488,.F.);
#3611=ORIENTED_EDGE('',*,*,#2491,.F.);
#3612=ORIENTED_EDGE('',*,*,#2448,.T.);
#3613=ORIENTED_EDGE('',*,*,#2451,.T.);
#3614=ORIENTED_EDGE('',*,*,#2454,.T.);
#3615=ORIENTED_EDGE('',*,*,#2457,.T.);
#3616=ORIENTED_EDGE('',*,*,#2460,.T.);
#3617=ORIENTED_EDGE('',*,*,#2463,.T.);
#3618=ORIENTED_EDGE('',*,*,#2466,.T.);
#3619=ORIENTED_EDGE('',*,*,#2469,.T.);
#3620=ORIENTED_EDGE('',*,*,#2436,.T.);
#3621=ORIENTED_EDGE('',*,*,#2440,.T.);
#3622=ORIENTED_EDGE('',*,*,#2443,.T.);
#3623=ORIENTED_EDGE('',*,*,#2446,.T.);
#3624=CYLINDRICAL_SURFACE('',#3942,3.15);
#3625=CYLINDRICAL_SURFACE('',#3945,3.15);
#3626=CYLINDRICAL_SURFACE('',#3948,3.15);
#3627=CYLINDRICAL_SURFACE('',#3951,9.00000000000001);
#3628=CYLINDRICAL_SURFACE('',#3954,5.50000000000001);
#3629=CYLINDRICAL_SURFACE('',#3957,2.29534568996304);
#3630=CYLINDRICAL_SURFACE('',#3960,15.);
#3631=CYLINDRICAL_SURFACE('',#3963,2.29534568996301);
#3632=CYLINDRICAL_SURFACE('',#3966,15.);
#3633=CYLINDRICAL_SURFACE('',#3971,20.);
#3634=CYLINDRICAL_SURFACE('',#3979,20.);
#3635=CYLINDRICAL_SURFACE('',#3988,20.);
#3636=CYLINDRICAL_SURFACE('',#3989,20.);
#3637=CYLINDRICAL_SURFACE('',#3992,50.);
#3638=CYLINDRICAL_SURFACE('',#4002,5.);
#3639=CYLINDRICAL_SURFACE('',#4004,5.);
#3640=CYLINDRICAL_SURFACE('',#4008,5.);
#3641=CYLINDRICAL_SURFACE('',#4013,5.);
#3642=CYLINDRICAL_SURFACE('',#4014,35.);
#3643=CYLINDRICAL_SURFACE('',#4037,2.);
#3644=CYLINDRICAL_SURFACE('',#4038,2.);
#3645=CYLINDRICAL_SURFACE('',#4040,3.);
#3646=CYLINDRICAL_SURFACE('',#4048,3.15);
#3647=CYLINDRICAL_SURFACE('',#4051,3.15);
#3648=CYLINDRICAL_SURFACE('',#4054,3.15);
#3649=CYLINDRICAL_SURFACE('',#4066,67.75);
#3650=CYLINDRICAL_SURFACE('',#4068,75.3);
#3651=CYLINDRICAL_SURFACE('',#4070,1.6);
#3652=CYLINDRICAL_SURFACE('',#4073,1.6);
#3653=CYLINDRICAL_SURFACE('',#4080,20.);
#3654=CYLINDRICAL_SURFACE('',#4091,50.);
#3655=CYLINDRICAL_SURFACE('',#4104,5.);
#3656=CYLINDRICAL_SURFACE('',#4107,35.);
#3657=CYLINDRICAL_SURFACE('',#4111,15.);
#3658=CYLINDRICAL_SURFACE('',#4112,15.);
#3659=CYLINDRICAL_SURFACE('',#4132,20.);
#3660=CYLINDRICAL_SURFACE('',#4135,20.);
#3661=CYLINDRICAL_SURFACE('',#4149,123.829355962624);
#3662=CYLINDRICAL_SURFACE('',#4157,75.5);
#3663=CYLINDRICAL_SURFACE('',#4158,30.);
#3664=CYLINDRICAL_SURFACE('',#4160,30.);
#3665=CYLINDRICAL_SURFACE('',#4162,10.);
#3666=CYLINDRICAL_SURFACE('',#4166,10.);
#3667=CYLINDRICAL_SURFACE('',#4171,10.);
#3668=CYLINDRICAL_SURFACE('',#4175,10.);
#3669=CYLINDRICAL_SURFACE('',#4177,20.);
#3670=CYLINDRICAL_SURFACE('',#4178,20.);
#3671=CYLINDRICAL_SURFACE('',#4181,95.5);
#3672=CYLINDRICAL_SURFACE('',#4186,90.5);
#3673=CYLINDRICAL_SURFACE('',#4188,45.);
#3674=CYLINDRICAL_SURFACE('',#4189,45.);
#3675=CYLINDRICAL_SURFACE('',#4190,5.);
#3676=CYLINDRICAL_SURFACE('',#4192,5.);
#3677=CYLINDRICAL_SURFACE('',#4195,5.);
#3678=CYLINDRICAL_SURFACE('',#4203,5.);
#3679=CYLINDRICAL_SURFACE('',#4207,10.);
#3680=CYLINDRICAL_SURFACE('',#4212,10.);
#3681=CYLINDRICAL_SURFACE('',#4217,10.);
#3682=CYLINDRICAL_SURFACE('',#4222,10.);
#3683=CYLINDRICAL_SURFACE('',#4227,5.);
#3684=CYLINDRICAL_SURFACE('',#4234,5.);
#3685=CYLINDRICAL_SURFACE('',#4241,5.);
#3686=CYLINDRICAL_SURFACE('',#4248,5.);
#3687=CYLINDRICAL_SURFACE('',#4257,90.5);
#3688=CYLINDRICAL_SURFACE('',#4275,2.);
#3689=CYLINDRICAL_SURFACE('',#4276,2.);
#3690=CYLINDRICAL_SURFACE('',#4277,2.);
#3691=CYLINDRICAL_SURFACE('',#4278,2.);
#3692=CYLINDRICAL_SURFACE('',#4279,2.);
#3693=CYLINDRICAL_SURFACE('',#4280,2.);
#3694=CYLINDRICAL_SURFACE('',#4281,2.);
#3695=CYLINDRICAL_SURFACE('',#4282,2.);
#3696=CYLINDRICAL_SURFACE('',#4293,1.25);
#3697=CYLINDRICAL_SURFACE('',#4296,1.6);
#3698=CYLINDRICAL_SURFACE('',#4299,1.25);
#3699=CYLINDRICAL_SURFACE('',#4302,1.6);
#3700=CYLINDRICAL_SURFACE('',#4305,1.6);
#3701=CYLINDRICAL_SURFACE('',#4308,1.25);
#3702=CYLINDRICAL_SURFACE('',#4311,1.25);
#3703=CYLINDRICAL_SURFACE('',#4314,1.6);
#3704=CYLINDRICAL_SURFACE('',#4318,3.00000000000001);
#3705=CYLINDRICAL_SURFACE('',#4322,3.);
#3706=CYLINDRICAL_SURFACE('',#4326,3.);
#3707=CYLINDRICAL_SURFACE('',#4330,3.);
#3708=ADVANCED_FACE('',(#244),#3624,.F.);
#3709=ADVANCED_FACE('',(#245),#3625,.F.);
#3710=ADVANCED_FACE('',(#246),#3626,.F.);
#3711=ADVANCED_FACE('',(#247),#3627,.F.);
#3712=ADVANCED_FACE('',(#248),#3628,.F.);
#3713=ADVANCED_FACE('',(#249),#3629,.F.);
#3714=ADVANCED_FACE('',(#250),#3630,.F.);
#3715=ADVANCED_FACE('',(#251),#3631,.F.);
#3716=ADVANCED_FACE('',(#252),#3632,.F.);
#3717=ADVANCED_FACE('',(#253,#97,#98),#136,.T.);
#3718=ADVANCED_FACE('',(#254),#137,.T.);
#3719=ADVANCED_FACE('',(#255),#3633,.T.);
#3720=ADVANCED_FACE('',(#256),#91,.T.);
#3721=ADVANCED_FACE('',(#257),#3634,.T.);
#3722=ADVANCED_FACE('',(#258,#99),#138,.F.);
#3723=ADVANCED_FACE('',(#259),#139,.F.);
#3724=ADVANCED_FACE('',(#260),#140,.T.);
#3725=ADVANCED_FACE('',(#261),#141,.F.);
#3726=ADVANCED_FACE('',(#262),#3635,.T.);
#3727=ADVANCED_FACE('',(#263),#3636,.T.);
#3728=ADVANCED_FACE('',(#264),#142,.F.);
#3729=ADVANCED_FACE('',(#265),#3637,.T.);
#3730=ADVANCED_FACE('',(#266),#143,.F.);
#3731=ADVANCED_FACE('',(#267),#144,.F.);
#3732=ADVANCED_FACE('',(#268,#100),#145,.T.);
#3733=ADVANCED_FACE('',(#269),#146,.T.);
#3734=ADVANCED_FACE('',(#270,#101,#102),#147,.F.);
#3735=ADVANCED_FACE('',(#271),#148,.T.);
#3736=ADVANCED_FACE('',(#272),#3638,.F.);
#3737=ADVANCED_FACE('',(#273),#3639,.F.);
#3738=ADVANCED_FACE('',(#274),#149,.T.);
#3739=ADVANCED_FACE('',(#275),#3640,.F.);
#3740=ADVANCED_FACE('',(#276),#92,.F.);
#3741=ADVANCED_FACE('',(#277),#3641,.F.);
#3742=ADVANCED_FACE('',(#278),#3642,.F.);
#3743=ADVANCED_FACE('',(#279),#150,.F.);
#3744=ADVANCED_FACE('',(#280),#151,.T.);
#3745=ADVANCED_FACE('',(#281),#152,.T.);
#3746=ADVANCED_FACE('',(#282),#153,.T.);
#3747=ADVANCED_FACE('',(#283),#154,.F.);
#3748=ADVANCED_FACE('',(#284),#155,.F.);
#3749=ADVANCED_FACE('',(#285),#156,.F.);
#3750=ADVANCED_FACE('',(#286),#157,.F.);
#3751=ADVANCED_FACE('',(#287),#158,.F.);
#3752=ADVANCED_FACE('',(#288),#159,.F.);
#3753=ADVANCED_FACE('',(#289),#160,.F.);
#3754=ADVANCED_FACE('',(#290),#161,.F.);
#3755=ADVANCED_FACE('',(#291),#162,.F.);
#3756=ADVANCED_FACE('',(#292),#163,.F.);
#3757=ADVANCED_FACE('',(#293),#164,.T.);
#3758=ADVANCED_FACE('',(#294),#165,.F.);
#3759=ADVANCED_FACE('',(#295),#3643,.F.);
#3760=ADVANCED_FACE('',(#296),#3644,.F.);
#3761=ADVANCED_FACE('',(#297,#103),#166,.F.);
#3762=ADVANCED_FACE('',(#298),#3645,.T.);
#3763=ADVANCED_FACE('',(#299,#104,#105,#106),#167,.F.);
#3764=ADVANCED_FACE('',(#300),#168,.F.);
#3765=ADVANCED_FACE('',(#301),#169,.F.);
#3766=ADVANCED_FACE('',(#302),#170,.F.);
#3767=ADVANCED_FACE('',(#303),#171,.T.);
#3768=ADVANCED_FACE('',(#304),#172,.T.);
#3769=ADVANCED_FACE('',(#305),#173,.T.);
#3770=ADVANCED_FACE('',(#306),#3646,.F.);
#3771=ADVANCED_FACE('',(#307),#3647,.F.);
#3772=ADVANCED_FACE('',(#308),#3648,.F.);
#3773=ADVANCED_FACE('',(#309),#35,.T.);
#3774=ADVANCED_FACE('',(#310),#36,.F.);
#3775=ADVANCED_FACE('',(#311),#3649,.T.);
#3776=ADVANCED_FACE('',(#312),#3650,.F.);
#3777=ADVANCED_FACE('',(#313),#3651,.F.);
#3778=ADVANCED_FACE('',(#314),#3652,.F.);
#3779=ADVANCED_FACE('',(#315,#107,#108),#174,.T.);
#3780=ADVANCED_FACE('',(#316),#175,.T.);
#3781=ADVANCED_FACE('',(#317),#3653,.T.);
#3782=ADVANCED_FACE('',(#318),#176,.F.);
#3783=ADVANCED_FACE('',(#319),#177,.T.);
#3784=ADVANCED_FACE('',(#320),#178,.F.);
#3785=ADVANCED_FACE('',(#321),#179,.F.);
#3786=ADVANCED_FACE('',(#322),#3654,.T.);
#3787=ADVANCED_FACE('',(#323),#180,.F.);
#3788=ADVANCED_FACE('',(#324),#181,.T.);
#3789=ADVANCED_FACE('',(#325,#109,#110),#182,.F.);
#3790=ADVANCED_FACE('',(#326),#183,.T.);
#3791=ADVANCED_FACE('',(#327),#184,.T.);
#3792=ADVANCED_FACE('',(#328),#3655,.F.);
#3793=ADVANCED_FACE('',(#329),#3656,.F.);
#3794=ADVANCED_FACE('',(#330),#3657,.F.);
#3795=ADVANCED_FACE('',(#331),#3658,.F.);
#3796=ADVANCED_FACE('',(#332),#185,.F.);
#3797=ADVANCED_FACE('',(#333),#186,.T.);
#3798=ADVANCED_FACE('',(#334),#187,.T.);
#3799=ADVANCED_FACE('',(#335),#188,.F.);
#3800=ADVANCED_FACE('',(#336),#189,.F.);
#3801=ADVANCED_FACE('',(#337),#190,.F.);
#3802=ADVANCED_FACE('',(#338),#191,.F.);
#3803=ADVANCED_FACE('',(#339),#192,.F.);
#3804=ADVANCED_FACE('',(#340),#193,.T.);
#3805=ADVANCED_FACE('',(#341),#194,.F.);
#3806=ADVANCED_FACE('',(#342),#195,.F.);
#3807=ADVANCED_FACE('',(#343),#196,.T.);
#3808=ADVANCED_FACE('',(#344),#3659,.T.);
#3809=ADVANCED_FACE('',(#345),#30,.T.);
#3810=ADVANCED_FACE('',(#346),#3660,.T.);
#3811=ADVANCED_FACE('',(#347),#93,.T.);
#3812=ADVANCED_FACE('',(#348),#21,.T.);
#3813=ADVANCED_FACE('',(#349),#94,.T.);
#3814=ADVANCED_FACE('',(#350),#3661,.T.);
#3815=ADVANCED_FACE('',(#351),#197,.F.);
#3816=ADVANCED_FACE('',(#352),#198,.F.);
#3817=ADVANCED_FACE('',(#353),#3662,.F.);
#3818=ADVANCED_FACE('',(#354),#3663,.F.);
#3819=ADVANCED_FACE('',(#355),#3664,.F.);
#3820=ADVANCED_FACE('',(#356),#3665,.T.);
#3821=ADVANCED_FACE('',(#357),#22,.T.);
#3822=ADVANCED_FACE('',(#358),#3666,.T.);
#3823=ADVANCED_FACE('',(#359),#23,.T.);
#3824=ADVANCED_FACE('',(#360),#3667,.T.);
#3825=ADVANCED_FACE('',(#361),#24,.T.);
#3826=ADVANCED_FACE('',(#362),#3668,.T.);
#3827=ADVANCED_FACE('',(#363),#31,.T.);
#3828=ADVANCED_FACE('',(#364),#3669,.T.);
#3829=ADVANCED_FACE('',(#365),#3670,.T.);
#3830=ADVANCED_FACE('',(#366),#32,.T.);
#3831=ADVANCED_FACE('',(#367),#199,.F.);
#3832=ADVANCED_FACE('',(#368),#3671,.T.);
#3833=ADVANCED_FACE('',(#369),#200,.F.);
#3834=ADVANCED_FACE('',(#370),#201,.T.);
#3835=ADVANCED_FACE('',(#371),#202,.T.);
#3836=ADVANCED_FACE('',(#372),#3672,.T.);
#3837=ADVANCED_FACE('',(#373),#3673,.T.);
#3838=ADVANCED_FACE('',(#374),#3674,.T.);
#3839=ADVANCED_FACE('',(#375),#3675,.F.);
#3840=ADVANCED_FACE('',(#376),#3676,.F.);
#3841=ADVANCED_FACE('',(#377),#33,.F.);
#3842=ADVANCED_FACE('',(#378),#3677,.F.);
#3843=ADVANCED_FACE('',(#379),#95,.F.);
#3844=ADVANCED_FACE('',(#380),#25,.F.);
#3845=ADVANCED_FACE('',(#381),#96,.F.);
#3846=ADVANCED_FACE('',(#382),#3678,.F.);
#3847=ADVANCED_FACE('',(#383),#34,.F.);
#3848=ADVANCED_FACE('',(#384),#203,.T.);
#3849=ADVANCED_FACE('',(#385,#111),#204,.T.);
#3850=ADVANCED_FACE('',(#386),#3679,.T.);
#3851=ADVANCED_FACE('',(#387),#205,.T.);
#3852=ADVANCED_FACE('',(#388),#3680,.T.);
#3853=ADVANCED_FACE('',(#389),#206,.T.);
#3854=ADVANCED_FACE('',(#390),#3681,.T.);
#3855=ADVANCED_FACE('',(#391),#207,.T.);
#3856=ADVANCED_FACE('',(#392),#3682,.T.);
#3857=ADVANCED_FACE('',(#393),#208,.T.);
#3858=ADVANCED_FACE('',(#394),#3683,.F.);
#3859=ADVANCED_FACE('',(#395),#209,.F.);
#3860=ADVANCED_FACE('',(#396),#26,.F.);
#3861=ADVANCED_FACE('',(#397),#210,.T.);
#3862=ADVANCED_FACE('',(#398),#3684,.F.);
#3863=ADVANCED_FACE('',(#399),#211,.F.);
#3864=ADVANCED_FACE('',(#400),#27,.F.);
#3865=ADVANCED_FACE('',(#401),#212,.T.);
#3866=ADVANCED_FACE('',(#402),#3685,.F.);
#3867=ADVANCED_FACE('',(#403),#213,.F.);
#3868=ADVANCED_FACE('',(#404),#28,.F.);
#3869=ADVANCED_FACE('',(#405),#214,.T.);
#3870=ADVANCED_FACE('',(#406),#3686,.F.);
#3871=ADVANCED_FACE('',(#407),#215,.F.);
#3872=ADVANCED_FACE('',(#408),#29,.F.);
#3873=ADVANCED_FACE('',(#409),#216,.T.);
#3874=ADVANCED_FACE('',(#410,#112,#113,#114,#115),#217,.T.);
#3875=ADVANCED_FACE('',(#411),#218,.T.);
#3876=ADVANCED_FACE('',(#412),#3687,.T.);
#3877=ADVANCED_FACE('',(#413),#219,.T.);
#3878=ADVANCED_FACE('',(#414),#220,.F.);
#3879=ADVANCED_FACE('',(#415),#221,.T.);
#3880=ADVANCED_FACE('',(#416),#222,.F.);
#3881=ADVANCED_FACE('',(#417),#223,.T.);
#3882=ADVANCED_FACE('',(#418),#224,.F.);
#3883=ADVANCED_FACE('',(#419),#225,.F.);
#3884=ADVANCED_FACE('',(#420),#226,.F.);
#3885=ADVANCED_FACE('',(#421),#37,.F.);
#3886=ADVANCED_FACE('',(#422),#38,.F.);
#3887=ADVANCED_FACE('',(#423),#39,.F.);
#3888=ADVANCED_FACE('',(#424),#40,.F.);
#3889=ADVANCED_FACE('',(#425),#227,.F.);
#3890=ADVANCED_FACE('',(#426),#3688,.F.);
#3891=ADVANCED_FACE('',(#427),#3689,.F.);
#3892=ADVANCED_FACE('',(#428),#3690,.F.);
#3893=ADVANCED_FACE('',(#429),#3691,.F.);
#3894=ADVANCED_FACE('',(#430),#3692,.F.);
#3895=ADVANCED_FACE('',(#431),#3693,.F.);
#3896=ADVANCED_FACE('',(#432),#3694,.F.);
#3897=ADVANCED_FACE('',(#433),#3695,.F.);
#3898=ADVANCED_FACE('',(#434,#116,#117,#118),#228,.T.);
#3899=ADVANCED_FACE('',(#435),#229,.T.);
#3900=ADVANCED_FACE('',(#436),#230,.T.);
#3901=ADVANCED_FACE('',(#437),#231,.T.);
#3902=ADVANCED_FACE('',(#438),#232,.T.);
#3903=ADVANCED_FACE('',(#439),#233,.T.);
#3904=ADVANCED_FACE('',(#440),#234,.T.);
#3905=ADVANCED_FACE('',(#441),#235,.T.);
#3906=ADVANCED_FACE('',(#442),#236,.T.);
#3907=ADVANCED_FACE('',(#443),#237,.T.);
#3908=ADVANCED_FACE('',(#444),#3696,.F.);
#3909=ADVANCED_FACE('',(#445),#3697,.F.);
#3910=ADVANCED_FACE('',(#446),#3698,.F.);
#3911=ADVANCED_FACE('',(#447),#3699,.F.);
#3912=ADVANCED_FACE('',(#448),#3700,.F.);
#3913=ADVANCED_FACE('',(#449),#3701,.F.);
#3914=ADVANCED_FACE('',(#450),#3702,.F.);
#3915=ADVANCED_FACE('',(#451),#3703,.F.);
#3916=ADVANCED_FACE('',(#452),#238,.T.);
#3917=ADVANCED_FACE('',(#453),#3704,.T.);
#3918=ADVANCED_FACE('',(#454),#239,.T.);
#3919=ADVANCED_FACE('',(#455),#3705,.T.);
#3920=ADVANCED_FACE('',(#456),#240,.T.);
#3921=ADVANCED_FACE('',(#457),#3706,.T.);
#3922=ADVANCED_FACE('',(#458),#241,.T.);
#3923=ADVANCED_FACE('',(#459),#3707,.T.);
#3924=ADVANCED_FACE('',(#460,#119,#120,#121,#122,#123,#124,#125,#126),#242,
 .T.);
#3925=ADVANCED_FACE('',(#461,#127,#128,#129,#130,#131,#132,#133,#134,#135),
#243,.F.);
#3926=CLOSED_SHELL('',(#3708,#3709,#3710,#3711,#3712,#3713,#3714,#3715,
#3716,#3717,#3718,#3719,#3720,#3721,#3722,#3723,#3724,#3725,#3726,#3727,
#3728,#3729,#3730,#3731,#3732,#3733,#3734,#3735,#3736,#3737,#3738,#3739,
#3740,#3741,#3742,#3743,#3744,#3745,#3746,#3747,#3748,#3749,#3750,#3751,
#3752,#3753,#3754,#3755,#3756,#3757,#3758,#3759,#3760,#3761,#3762,#3763,
#3764,#3765,#3766,#3767,#3768,#3769));
#3927=CLOSED_SHELL('',(#3770,#3771,#3772,#3773,#3774,#3775,#3776,#3777,
#3778,#3779,#3780,#3781,#3782,#3783,#3784,#3785,#3786,#3787,#3788,#3789,
#3790,#3791,#3792,#3793,#3794,#3795,#3796,#3797,#3798,#3799,#3800,#3801,
#3802,#3803,#3804,#3805,#3806,#3807,#3808,#3809,#3810,#3811,#3812,#3813,
#3814,#3815,#3816,#3817,#3818,#3819,#3820,#3821,#3822,#3823,#3824,#3825,
#3826,#3827,#3828,#3829,#3830,#3831,#3832,#3833,#3834,#3835,#3836,#3837,
#3838,#3839,#3840,#3841,#3842,#3843,#3844,#3845,#3846,#3847,#3848,#3849,
#3850,#3851,#3852,#3853,#3854,#3855,#3856,#3857,#3858,#3859,#3860,#3861,
#3862,#3863,#3864,#3865,#3866,#3867,#3868,#3869,#3870,#3871,#3872,#3873,
#3874,#3875,#3876,#3877,#3878,#3879,#3880,#3881,#3882,#3883,#3884,#3885,
#3886,#3887,#3888,#3889,#3890,#3891,#3892,#3893,#3894,#3895,#3896,#3897,
#3898,#3899,#3900,#3901,#3902));
#3928=CLOSED_SHELL('',(#3903,#3904,#3905,#3906,#3907,#3908,#3909,#3910,
#3911,#3912,#3913,#3914,#3915,#3916,#3917,#3918,#3919,#3920,#3921,#3922,
#3923,#3924,#3925));
#3929=DERIVED_UNIT_ELEMENT(#3931,1.);
#3930=DERIVED_UNIT_ELEMENT(#8112,-3.);
#3931=(
MASS_UNIT()
NAMED_UNIT(*)
SI_UNIT(.KILO.,.GRAM.)
);
#3932=DERIVED_UNIT((#3929,#3930));
#3933=MEASURE_REPRESENTATION_ITEM('density measure',
POSITIVE_RATIO_MEASURE(7850.),#3932);
#3934=PROPERTY_DEFINITION_REPRESENTATION(#3939,#3936);
#3935=PROPERTY_DEFINITION_REPRESENTATION(#3940,#3937);
#3936=REPRESENTATION('material name',(#3938),#8109);
#3937=REPRESENTATION('density',(#3933),#8109);
#3938=DESCRIPTIVE_REPRESENTATION_ITEM('\X2\94A2\X0\','\X2\94A2\X0\');
#3939=PROPERTY_DEFINITION('material property','material name',#8119);
#3940=PROPERTY_DEFINITION('material property','density of part',#8119);
#3941=AXIS2_PLACEMENT_3D('',#5463,#4335,#4336);
#3942=AXIS2_PLACEMENT_3D('',#5464,#4337,#4338);
#3943=AXIS2_PLACEMENT_3D('',#5466,#4339,#4340);
#3944=AXIS2_PLACEMENT_3D('',#5469,#4342,#4343);
#3945=AXIS2_PLACEMENT_3D('',#5470,#4344,#4345);
#3946=AXIS2_PLACEMENT_3D('',#5472,#4346,#4347);
#3947=AXIS2_PLACEMENT_3D('',#5475,#4349,#4350);
#3948=AXIS2_PLACEMENT_3D('',#5476,#4351,#4352);
#3949=AXIS2_PLACEMENT_3D('',#5478,#4353,#4354);
#3950=AXIS2_PLACEMENT_3D('',#5481,#4356,#4357);
#3951=AXIS2_PLACEMENT_3D('',#5482,#4358,#4359);
#3952=AXIS2_PLACEMENT_3D('',#5484,#4360,#4361);
#3953=AXIS2_PLACEMENT_3D('',#5487,#4363,#4364);
#3954=AXIS2_PLACEMENT_3D('',#5488,#4365,#4366);
#3955=AXIS2_PLACEMENT_3D('',#5490,#4367,#4368);
#3956=AXIS2_PLACEMENT_3D('',#5493,#4370,#4371);
#3957=AXIS2_PLACEMENT_3D('',#5494,#4372,#4373);
#3958=AXIS2_PLACEMENT_3D('',#5496,#4374,#4375);
#3959=AXIS2_PLACEMENT_3D('',#5499,#4377,#4378);
#3960=AXIS2_PLACEMENT_3D('',#5500,#4379,#4380);
#3961=AXIS2_PLACEMENT_3D('',#5503,#4381,#4382);
#3962=AXIS2_PLACEMENT_3D('',#5507,#4384,#4385);
#3963=AXIS2_PLACEMENT_3D('',#5509,#4387,#4388);
#3964=AXIS2_PLACEMENT_3D('',#5511,#4389,#4390);
#3965=AXIS2_PLACEMENT_3D('',#5514,#4392,#4393);
#3966=AXIS2_PLACEMENT_3D('',#5515,#4394,#4395);
#3967=AXIS2_PLACEMENT_3D('',#5518,#4396,#4397);
#3968=AXIS2_PLACEMENT_3D('',#5522,#4399,#4400);
#3969=AXIS2_PLACEMENT_3D('',#5524,#4402,#4403);
#3970=AXIS2_PLACEMENT_3D('',#5535,#4410,#4411);
#3971=AXIS2_PLACEMENT_3D('',#5544,#4416,#4417);
#3972=AXIS2_PLACEMENT_3D('',#5547,#4418,#4419);
#3973=AXIS2_PLACEMENT_3D('',#5551,#4421,#4422);
#3974=AXIS2_PLACEMENT_3D('',#5553,#4424,#4425);
#3975=AXIS2_PLACEMENT_3D('',#5555,#4426,#4427);
#3976=AXIS2_PLACEMENT_3D('',#5568,#4428,#4429);
#3977=AXIS2_PLACEMENT_3D('',#5570,#4430,#4431);
#3978=AXIS2_PLACEMENT_3D('',#5571,#4432,#4433);
#3979=AXIS2_PLACEMENT_3D('',#5572,#4434,#4435);
#3980=AXIS2_PLACEMENT_3D('',#5586,#4437,#4438);
#3981=AXIS2_PLACEMENT_3D('',#5588,#4439,#4440);
#3982=AXIS2_PLACEMENT_3D('',#5590,#4442,#4443);
#3983=AXIS2_PLACEMENT_3D('',#5596,#4447,#4448);
#3984=AXIS2_PLACEMENT_3D('',#5604,#4453,#4454);
#3985=AXIS2_PLACEMENT_3D('',#5613,#4459,#4460);
#3986=AXIS2_PLACEMENT_3D('',#5615,#4462,#4463);
#3987=AXIS2_PLACEMENT_3D('',#5616,#4464,#4465);
#3988=AXIS2_PLACEMENT_3D('',#5617,#4466,#4467);
#3989=AXIS2_PLACEMENT_3D('',#5618,#4468,#4469);
#3990=AXIS2_PLACEMENT_3D('',#5620,#4470,#4471);
#3991=AXIS2_PLACEMENT_3D('',#5628,#4473,#4474);
#3992=AXIS2_PLACEMENT_3D('',#5636,#4479,#4480);
#3993=AXIS2_PLACEMENT_3D('',#5638,#4481,#4482);
#3994=AXIS2_PLACEMENT_3D('',#5640,#4484,#4485);
#3995=AXIS2_PLACEMENT_3D('',#5649,#4490,#4491);
#3996=AXIS2_PLACEMENT_3D('',#5655,#4495,#4496);
#3997=AXIS2_PLACEMENT_3D('',#5664,#4501,#4502);
#3998=AXIS2_PLACEMENT_3D('',#5675,#4508,#4509);
#3999=AXIS2_PLACEMENT_3D('',#5694,#4520,#4521);
#4000=AXIS2_PLACEMENT_3D('',#5696,#4523,#4524);
#4001=AXIS2_PLACEMENT_3D('',#5697,#4525,#4526);
#4002=AXIS2_PLACEMENT_3D('',#5698,#4527,#4528);
#4003=AXIS2_PLACEMENT_3D('',#5699,#4529,#4530);
#4004=AXIS2_PLACEMENT_3D('',#5700,#4531,#4532);
#4005=AXIS2_PLACEMENT_3D('',#5702,#4533,#4534);
#4006=AXIS2_PLACEMENT_3D('',#5712,#4536,#4537);
#4007=AXIS2_PLACEMENT_3D('',#5717,#4540,#4541);
#4008=AXIS2_PLACEMENT_3D('',#5723,#4545,#4546);
#4009=AXIS2_PLACEMENT_3D('',#5724,#4547,#4548);
#4010=AXIS2_PLACEMENT_3D('',#5725,#4549,#4550);
#4011=AXIS2_PLACEMENT_3D('',#5726,#4551,#4552);
#4012=AXIS2_PLACEMENT_3D('',#5727,#4553,#4554);
#4013=AXIS2_PLACEMENT_3D('',#5728,#4555,#4556);
#4014=AXIS2_PLACEMENT_3D('',#5729,#4557,#4558);
#4015=AXIS2_PLACEMENT_3D('',#5731,#4559,#4560);
#4016=AXIS2_PLACEMENT_3D('',#5734,#4562,#4563);
#4017=AXIS2_PLACEMENT_3D('',#5735,#4564,#4565);
#4018=AXIS2_PLACEMENT_3D('',#5745,#4570,#4571);
#4019=AXIS2_PLACEMENT_3D('',#5748,#4573,#4574);
#4020=AXIS2_PLACEMENT_3D('',#5749,#4575,#4576);
#4021=AXIS2_PLACEMENT_3D('',#5752,#4579,#4580);
#4022=AXIS2_PLACEMENT_3D('',#5755,#4583,#4584);
#4023=AXIS2_PLACEMENT_3D('',#5758,#4587,#4588);
#4024=AXIS2_PLACEMENT_3D('',#5764,#4592,#4593);
#4025=AXIS2_PLACEMENT_3D('',#5770,#4597,#4598);
#4026=AXIS2_PLACEMENT_3D('',#5772,#4600,#4601);
#4027=AXIS2_PLACEMENT_3D('',#5778,#4605,#4606);
#4028=AXIS2_PLACEMENT_3D('',#5785,#4611,#4612);
#4029=AXIS2_PLACEMENT_3D('',#5788,#4615,#4616);
#4030=AXIS2_PLACEMENT_3D('',#5789,#4617,#4618);
#4031=AXIS2_PLACEMENT_3D('',#5795,#4621,#4622);
#4032=AXIS2_PLACEMENT_3D('',#5798,#4625,#4626);
#4033=AXIS2_PLACEMENT_3D('',#5800,#4628,#4629);
#4034=AXIS2_PLACEMENT_3D('',#5807,#4633,#4634);
#4035=AXIS2_PLACEMENT_3D('',#5808,#4635,#4636);
#4036=AXIS2_PLACEMENT_3D('',#5811,#4639,#4640);
#4037=AXIS2_PLACEMENT_3D('',#5813,#4642,#4643);
#4038=AXIS2_PLACEMENT_3D('',#5814,#4644,#4645);
#4039=AXIS2_PLACEMENT_3D('',#5815,#4646,#4647);
#4040=AXIS2_PLACEMENT_3D('',#5816,#4648,#4649);
#4041=AXIS2_PLACEMENT_3D('',#5817,#4650,#4651);
#4042=AXIS2_PLACEMENT_3D('',#5818,#4652,#4653);
#4043=AXIS2_PLACEMENT_3D('',#5819,#4654,#4655);
#4044=AXIS2_PLACEMENT_3D('',#5820,#4656,#4657);
#4045=AXIS2_PLACEMENT_3D('',#5821,#4658,#4659);
#4046=AXIS2_PLACEMENT_3D('',#5822,#4660,#4661);
#4047=AXIS2_PLACEMENT_3D('',#5823,#4662,#4663);
#4048=AXIS2_PLACEMENT_3D('',#5824,#4664,#4665);
#4049=AXIS2_PLACEMENT_3D('',#5826,#4666,#4667);
#4050=AXIS2_PLACEMENT_3D('',#5829,#4669,#4670);
#4051=AXIS2_PLACEMENT_3D('',#5830,#4671,#4672);
#4052=AXIS2_PLACEMENT_3D('',#5832,#4673,#4674);
#4053=AXIS2_PLACEMENT_3D('',#5835,#4676,#4677);
#4054=AXIS2_PLACEMENT_3D('',#5836,#4678,#4679);
#4055=AXIS2_PLACEMENT_3D('',#5838,#4680,#4681);
#4056=AXIS2_PLACEMENT_3D('',#5841,#4683,#4684);
#4057=AXIS2_PLACEMENT_3D('',#5842,#4685,#4686);
#4058=AXIS2_PLACEMENT_3D('',#5845,#4687,#4688);
#4059=AXIS2_PLACEMENT_3D('',#5846,#4689,#4690);
#4060=AXIS2_PLACEMENT_3D('',#5849,#4692,#4693);
#4061=AXIS2_PLACEMENT_3D('',#5850,#4694,#4695);
#4062=AXIS2_PLACEMENT_3D('',#5852,#4696,#4697);
#4063=AXIS2_PLACEMENT_3D('',#5856,#4699,#4700);
#4064=AXIS2_PLACEMENT_3D('',#5865,#4701,#4702);
#4065=AXIS2_PLACEMENT_3D('',#5873,#4703,#4704);
#4066=AXIS2_PLACEMENT_3D('',#5874,#4705,#4706);
#4067=AXIS2_PLACEMENT_3D('',#5877,#4708,#4709);
#4068=AXIS2_PLACEMENT_3D('',#5878,#4710,#4711);
#4069=AXIS2_PLACEMENT_3D('',#5880,#4712,#4713);
#4070=AXIS2_PLACEMENT_3D('',#5882,#4715,#4716);
#4071=AXIS2_PLACEMENT_3D('',#5884,#4717,#4718);
#4072=AXIS2_PLACEMENT_3D('',#5887,#4720,#4721);
#4073=AXIS2_PLACEMENT_3D('',#5888,#4722,#4723);
#4074=AXIS2_PLACEMENT_3D('',#5890,#4724,#4725);
#4075=AXIS2_PLACEMENT_3D('',#5893,#4727,#4728);
#4076=AXIS2_PLACEMENT_3D('',#5894,#4729,#4730);
#4077=AXIS2_PLACEMENT_3D('',#5901,#4733,#4734);
#4078=AXIS2_PLACEMENT_3D('',#5905,#4736,#4737);
#4079=AXIS2_PLACEMENT_3D('',#5911,#4741,#4742);
#4080=AXIS2_PLACEMENT_3D('',#5920,#4747,#4748);
#4081=AXIS2_PLACEMENT_3D('',#5925,#4750,#4751);
#4082=AXIS2_PLACEMENT_3D('',#6022,#4753,#4754);
#4083=AXIS2_PLACEMENT_3D('',#6032,#4759,#4760);
#4084=AXIS2_PLACEMENT_3D('',#6034,#4762,#4763);
#4085=AXIS2_PLACEMENT_3D('',#6043,#4767,#4768);
#4086=AXIS2_PLACEMENT_3D('',#6047,#4771,#4772);
#4087=AXIS2_PLACEMENT_3D('',#6049,#4774,#4775);
#4088=AXIS2_PLACEMENT_3D('',#6050,#4776,#4777);
#4089=AXIS2_PLACEMENT_3D('',#6054,#4779,#4780);
#4090=AXIS2_PLACEMENT_3D('',#6058,#4782,#4783);
#4091=AXIS2_PLACEMENT_3D('',#6060,#4785,#4786);
#4092=AXIS2_PLACEMENT_3D('',#6061,#4787,#4788);
#4093=AXIS2_PLACEMENT_3D('',#6070,#4789,#4790);
#4094=AXIS2_PLACEMENT_3D('',#6079,#4795,#4796);
#4095=AXIS2_PLACEMENT_3D('',#6105,#4809,#4810);
#4096=AXIS2_PLACEMENT_3D('',#6106,#4811,#4812);
#4097=AXIS2_PLACEMENT_3D('',#6113,#4815,#4816);
#4098=AXIS2_PLACEMENT_3D('',#6121,#4820,#4821);
#4099=AXIS2_PLACEMENT_3D('',#6124,#4823,#4824);
#4100=AXIS2_PLACEMENT_3D('',#6125,#4825,#4826);
#4101=AXIS2_PLACEMENT_3D('',#6141,#4829,#4830);
#4102=AXIS2_PLACEMENT_3D('',#6154,#4832,#4833);
#4103=AXIS2_PLACEMENT_3D('',#6169,#4840,#4841);
#4104=AXIS2_PLACEMENT_3D('',#6171,#4843,#4844);
#4105=AXIS2_PLACEMENT_3D('',#6172,#4845,#4846);
#4106=AXIS2_PLACEMENT_3D('',#6173,#4847,#4848);
#4107=AXIS2_PLACEMENT_3D('',#6174,#4849,#4850);
#4108=AXIS2_PLACEMENT_3D('',#6176,#4851,#4852);
#4109=AXIS2_PLACEMENT_3D('',#6177,#4853,#4854);
#4110=AXIS2_PLACEMENT_3D('',#6179,#4855,#4856);
#4111=AXIS2_PLACEMENT_3D('',#6181,#4858,#4859);
#4112=AXIS2_PLACEMENT_3D('',#6184,#4862,#4863);
#4113=AXIS2_PLACEMENT_3D('',#6187,#4866,#4867);
#4114=AXIS2_PLACEMENT_3D('',#6193,#4870,#4871);
#4115=AXIS2_PLACEMENT_3D('',#6197,#4873,#4874);
#4116=AXIS2_PLACEMENT_3D('',#6199,#4875,#4876);
#4117=AXIS2_PLACEMENT_3D('',#6201,#4877,#4878);
#4118=AXIS2_PLACEMENT_3D('',#6205,#4880,#4881);
#4119=AXIS2_PLACEMENT_3D('',#6212,#4885,#4886);
#4120=AXIS2_PLACEMENT_3D('',#6214,#4888,#4889);
#4121=AXIS2_PLACEMENT_3D('',#6218,#4892,#4893);
#4122=AXIS2_PLACEMENT_3D('',#6219,#4894,#4895);
#4123=AXIS2_PLACEMENT_3D('',#6229,#4898,#4899);
#4124=AXIS2_PLACEMENT_3D('',#6235,#4903,#4904);
#4125=AXIS2_PLACEMENT_3D('',#6241,#4908,#4909);
#4126=AXIS2_PLACEMENT_3D('',#6244,#4912,#4913);
#4127=AXIS2_PLACEMENT_3D('',#6250,#4917,#4918);
#4128=AXIS2_PLACEMENT_3D('',#6256,#4922,#4923);
#4129=AXIS2_PLACEMENT_3D('',#6259,#4926,#4927);
#4130=AXIS2_PLACEMENT_3D('',#6265,#4931,#4932);
#4131=AXIS2_PLACEMENT_3D('',#6271,#4936,#4937);
#4132=AXIS2_PLACEMENT_3D('',#6275,#4940,#4941);
#4133=AXIS2_PLACEMENT_3D('',#6278,#4942,#4943);
#4134=AXIS2_PLACEMENT_3D('',#6460,#4946,#4947);
#4135=AXIS2_PLACEMENT_3D('',#6461,#4948,#4949);
#4136=AXIS2_PLACEMENT_3D('',#6476,#4951,#4952);
#4137=AXIS2_PLACEMENT_3D('',#6478,#4954,#4955);
#4138=AXIS2_PLACEMENT_3D('',#6481,#4956,#4957);
#4139=AXIS2_PLACEMENT_3D('',#6494,#4958,#4959);
#4140=AXIS2_PLACEMENT_3D('',#6495,#4960,#4961);
#4141=AXIS2_PLACEMENT_3D('',#6496,#4962,#4963);
#4142=AXIS2_PLACEMENT_3D('',#6499,#4964,#4965);
#4143=AXIS2_PLACEMENT_3D('',#6500,#4966,#4967);
#4144=AXIS2_PLACEMENT_3D('',#6501,#4968,#4969);
#4145=AXIS2_PLACEMENT_3D('',#6502,#4970,#4971);
#4146=AXIS2_PLACEMENT_3D('',#6504,#4972,#4973);
#4147=AXIS2_PLACEMENT_3D('',#6512,#4974,#4975);
#4148=AXIS2_PLACEMENT_3D('',#6513,#4976,#4977);
#4149=AXIS2_PLACEMENT_3D('',#6514,#4978,#4979);
#4150=AXIS2_PLACEMENT_3D('',#6515,#4980,#4981);
#4151=AXIS2_PLACEMENT_3D('',#6516,#4982,#4983);
#4152=AXIS2_PLACEMENT_3D('',#6522,#4987,#4988);
#4153=AXIS2_PLACEMENT_3D('',#6526,#4990,#4991);
#4154=AXIS2_PLACEMENT_3D('',#6528,#4992,#4993);
#4155=AXIS2_PLACEMENT_3D('',#6532,#4995,#4996);
#4156=AXIS2_PLACEMENT_3D('',#6540,#5001,#5002);
#4157=AXIS2_PLACEMENT_3D('',#6541,#5003,#5004);
#4158=AXIS2_PLACEMENT_3D('',#6578,#5007,#5008);
#4159=AXIS2_PLACEMENT_3D('',#6748,#5010,#5011);
#4160=AXIS2_PLACEMENT_3D('',#6749,#5012,#5013);
#4161=AXIS2_PLACEMENT_3D('',#6919,#5015,#5016);
#4162=AXIS2_PLACEMENT_3D('',#6920,#5017,#5018);
#4163=AXIS2_PLACEMENT_3D('',#6921,#5019,#5020);
#4164=AXIS2_PLACEMENT_3D('',#6923,#5022,#5023);
#4165=AXIS2_PLACEMENT_3D('',#6924,#5024,#5025);
#4166=AXIS2_PLACEMENT_3D('',#6925,#5026,#5027);
#4167=AXIS2_PLACEMENT_3D('',#6928,#5029,#5030);
#4168=AXIS2_PLACEMENT_3D('',#6929,#5031,#5032);
#4169=AXIS2_PLACEMENT_3D('',#6931,#5033,#5034);
#4170=AXIS2_PLACEMENT_3D('',#6932,#5035,#5036);
#4171=AXIS2_PLACEMENT_3D('',#6933,#5037,#5038);
#4172=AXIS2_PLACEMENT_3D('',#6935,#5040,#5041);
#4173=AXIS2_PLACEMENT_3D('',#6936,#5042,#5043);
#4174=AXIS2_PLACEMENT_3D('',#6937,#5044,#5045);
#4175=AXIS2_PLACEMENT_3D('',#6938,#5046,#5047);
#4176=AXIS2_PLACEMENT_3D('',#7051,#5048,#5049);
#4177=AXIS2_PLACEMENT_3D('',#7052,#5050,#5051);
#4178=AXIS2_PLACEMENT_3D('',#7054,#5053,#5054);
#4179=AXIS2_PLACEMENT_3D('',#7055,#5055,#5056);
#4180=AXIS2_PLACEMENT_3D('',#7162,#5057,#5058);
#4181=AXIS2_PLACEMENT_3D('',#7166,#5061,#5062);
#4182=AXIS2_PLACEMENT_3D('',#7169,#5064,#5065);
#4183=AXIS2_PLACEMENT_3D('',#7170,#5066,#5067);
#4184=AXIS2_PLACEMENT_3D('',#7172,#5069,#5070);
#4185=AXIS2_PLACEMENT_3D('',#7178,#5074,#5075);
#4186=AXIS2_PLACEMENT_3D('',#7182,#5078,#5079);
#4187=AXIS2_PLACEMENT_3D('',#7209,#5081,#5082);
#4188=AXIS2_PLACEMENT_3D('',#7234,#5084,#5085);
#4189=AXIS2_PLACEMENT_3D('',#7383,#5086,#5087);
#4190=AXIS2_PLACEMENT_3D('',#7499,#5088,#5089);
#4191=AXIS2_PLACEMENT_3D('',#7500,#5090,#5091);
#4192=AXIS2_PLACEMENT_3D('',#7501,#5092,#5093);
#4193=AXIS2_PLACEMENT_3D('',#7502,#5094,#5095);
#4194=AXIS2_PLACEMENT_3D('',#7593,#5096,#5097);
#4195=AXIS2_PLACEMENT_3D('',#7594,#5098,#5099);
#4196=AXIS2_PLACEMENT_3D('',#7595,#5100,#5101);
#4197=AXIS2_PLACEMENT_3D('',#7597,#5103,#5104);
#4198=AXIS2_PLACEMENT_3D('',#7598,#5105,#5106);
#4199=AXIS2_PLACEMENT_3D('',#7599,#5107,#5108);
#4200=AXIS2_PLACEMENT_3D('',#7600,#5109,#5110);
#4201=AXIS2_PLACEMENT_3D('',#7601,#5111,#5112);
#4202=AXIS2_PLACEMENT_3D('',#7602,#5113,#5114);
#4203=AXIS2_PLACEMENT_3D('',#7603,#5115,#5116);
#4204=AXIS2_PLACEMENT_3D('',#7604,#5117,#5118);
#4205=AXIS2_PLACEMENT_3D('',#7695,#5119,#5120);
#4206=AXIS2_PLACEMENT_3D('',#7696,#5121,#5122);
#4207=AXIS2_PLACEMENT_3D('',#7697,#5123,#5124);
#4208=AXIS2_PLACEMENT_3D('',#7702,#5126,#5127);
#4209=AXIS2_PLACEMENT_3D('',#7705,#5129,#5130);
#4210=AXIS2_PLACEMENT_3D('',#7706,#5131,#5132);
#4211=AXIS2_PLACEMENT_3D('',#7710,#5134,#5135);
#4212=AXIS2_PLACEMENT_3D('',#7712,#5137,#5138);
#4213=AXIS2_PLACEMENT_3D('',#7717,#5140,#5141);
#4214=AXIS2_PLACEMENT_3D('',#7720,#5143,#5144);
#4215=AXIS2_PLACEMENT_3D('',#7721,#5145,#5146);
#4216=AXIS2_PLACEMENT_3D('',#7725,#5148,#5149);
#4217=AXIS2_PLACEMENT_3D('',#7727,#5151,#5152);
#4218=AXIS2_PLACEMENT_3D('',#7732,#5154,#5155);
#4219=AXIS2_PLACEMENT_3D('',#7735,#5157,#5158);
#4220=AXIS2_PLACEMENT_3D('',#7736,#5159,#5160);
#4221=AXIS2_PLACEMENT_3D('',#7740,#5162,#5163);
#4222=AXIS2_PLACEMENT_3D('',#7742,#5165,#5166);
#4223=AXIS2_PLACEMENT_3D('',#7747,#5168,#5169);
#4224=AXIS2_PLACEMENT_3D('',#7750,#5171,#5172);
#4225=AXIS2_PLACEMENT_3D('',#7751,#5173,#5174);
#4226=AXIS2_PLACEMENT_3D('',#7755,#5176,#5177);
#4227=AXIS2_PLACEMENT_3D('',#7757,#5179,#5180);
#4228=AXIS2_PLACEMENT_3D('',#7762,#5182,#5183);
#4229=AXIS2_PLACEMENT_3D('',#7765,#5185,#5186);
#4230=AXIS2_PLACEMENT_3D('',#7766,#5187,#5188);
#4231=AXIS2_PLACEMENT_3D('',#7782,#5190,#5191);
#4232=AXIS2_PLACEMENT_3D('',#7784,#5192,#5193);
#4233=AXIS2_PLACEMENT_3D('',#7795,#5194,#5195);
#4234=AXIS2_PLACEMENT_3D('',#7800,#5197,#5198);
#4235=AXIS2_PLACEMENT_3D('',#7805,#5200,#5201);
#4236=AXIS2_PLACEMENT_3D('',#7808,#5203,#5204);
#4237=AXIS2_PLACEMENT_3D('',#7809,#5205,#5206);
#4238=AXIS2_PLACEMENT_3D('',#7825,#5208,#5209);
#4239=AXIS2_PLACEMENT_3D('',#7827,#5210,#5211);
#4240=AXIS2_PLACEMENT_3D('',#7838,#5212,#5213);
#4241=AXIS2_PLACEMENT_3D('',#7843,#5215,#5216);
#4242=AXIS2_PLACEMENT_3D('',#7848,#5218,#5219);
#4243=AXIS2_PLACEMENT_3D('',#7851,#5221,#5222);
#4244=AXIS2_PLACEMENT_3D('',#7852,#5223,#5224);
#4245=AXIS2_PLACEMENT_3D('',#7868,#5226,#5227);
#4246=AXIS2_PLACEMENT_3D('',#7870,#5228,#5229);
#4247=AXIS2_PLACEMENT_3D('',#7881,#5230,#5231);
#4248=AXIS2_PLACEMENT_3D('',#7886,#5233,#5234);
#4249=AXIS2_PLACEMENT_3D('',#7891,#5236,#5237);
#4250=AXIS2_PLACEMENT_3D('',#7894,#5239,#5240);
#4251=AXIS2_PLACEMENT_3D('',#7895,#5241,#5242);
#4252=AXIS2_PLACEMENT_3D('',#7911,#5244,#5245);
#4253=AXIS2_PLACEMENT_3D('',#7913,#5246,#5247);
#4254=AXIS2_PLACEMENT_3D('',#7924,#5248,#5249);
#4255=AXIS2_PLACEMENT_3D('',#7929,#5251,#5252);
#4256=AXIS2_PLACEMENT_3D('',#7930,#5253,#5254);
#4257=AXIS2_PLACEMENT_3D('',#7933,#5257,#5258);
#4258=AXIS2_PLACEMENT_3D('',#7936,#5261,#5262);
#4259=AXIS2_PLACEMENT_3D('',#7939,#5265,#5266);
#4260=AXIS2_PLACEMENT_3D('',#7946,#5271,#5272);
#4261=AXIS2_PLACEMENT_3D('',#7950,#5274,#5275);
#4262=AXIS2_PLACEMENT_3D('',#7951,#5276,#5277);
#4263=AXIS2_PLACEMENT_3D('',#7952,#5278,#5279);
#4264=AXIS2_PLACEMENT_3D('',#7955,#5282,#5283);
#4265=AXIS2_PLACEMENT_3D('',#7957,#5284,#5285);
#4266=AXIS2_PLACEMENT_3D('',#7960,#5287,#5288);
#4267=AXIS2_PLACEMENT_3D('',#7961,#5289,#5290);
#4268=AXIS2_PLACEMENT_3D('',#7964,#5293,#5294);
#4269=AXIS2_PLACEMENT_3D('',#7965,#5295,#5296);
#4270=AXIS2_PLACEMENT_3D('',#7966,#5297,#5298);
#4271=AXIS2_PLACEMENT_3D('',#7967,#5299,#5300);
#4272=AXIS2_PLACEMENT_3D('',#7968,#5301,#5302);
#4273=AXIS2_PLACEMENT_3D('',#7969,#5303,#5304);
#4274=AXIS2_PLACEMENT_3D('',#7970,#5305,#5306);
#4275=AXIS2_PLACEMENT_3D('',#7971,#5307,#5308);
#4276=AXIS2_PLACEMENT_3D('',#7972,#5309,#5310);
#4277=AXIS2_PLACEMENT_3D('',#7973,#5311,#5312);
#4278=AXIS2_PLACEMENT_3D('',#7974,#5313,#5314);
#4279=AXIS2_PLACEMENT_3D('',#7975,#5315,#5316);
#4280=AXIS2_PLACEMENT_3D('',#7976,#5317,#5318);
#4281=AXIS2_PLACEMENT_3D('',#7977,#5319,#5320);
#4282=AXIS2_PLACEMENT_3D('',#7978,#5321,#5322);
#4283=AXIS2_PLACEMENT_3D('',#7979,#5323,#5324);
#4284=AXIS2_PLACEMENT_3D('',#7980,#5325,#5326);
#4285=AXIS2_PLACEMENT_3D('',#7981,#5327,#5328);
#4286=AXIS2_PLACEMENT_3D('',#7982,#5329,#5330);
#4287=AXIS2_PLACEMENT_3D('',#7983,#5331,#5332);
#4288=AXIS2_PLACEMENT_3D('',#7984,#5333,#5334);
#4289=AXIS2_PLACEMENT_3D('',#7993,#5339,#5340);
#4290=AXIS2_PLACEMENT_3D('',#7999,#5344,#5345);
#4291=AXIS2_PLACEMENT_3D('',#8005,#5349,#5350);
#4292=AXIS2_PLACEMENT_3D('',#8008,#5353,#5354);
#4293=AXIS2_PLACEMENT_3D('',#8009,#5355,#5356);
#4294=AXIS2_PLACEMENT_3D('',#8011,#5357,#5358);
#4295=AXIS2_PLACEMENT_3D('',#8014,#5360,#5361);
#4296=AXIS2_PLACEMENT_3D('',#8015,#5362,#5363);
#4297=AXIS2_PLACEMENT_3D('',#8017,#5364,#5365);
#4298=AXIS2_PLACEMENT_3D('',#8020,#5367,#5368);
#4299=AXIS2_PLACEMENT_3D('',#8021,#5369,#5370);
#4300=AXIS2_PLACEMENT_3D('',#8023,#5371,#5372);
#4301=AXIS2_PLACEMENT_3D('',#8026,#5374,#5375);
#4302=AXIS2_PLACEMENT_3D('',#8027,#5376,#5377);
#4303=AXIS2_PLACEMENT_3D('',#8029,#5378,#5379);
#4304=AXIS2_PLACEMENT_3D('',#8032,#5381,#5382);
#4305=AXIS2_PLACEMENT_3D('',#8033,#5383,#5384);
#4306=AXIS2_PLACEMENT_3D('',#8035,#5385,#5386);
#4307=AXIS2_PLACEMENT_3D('',#8038,#5388,#5389);
#4308=AXIS2_PLACEMENT_3D('',#8039,#5390,#5391);
#4309=AXIS2_PLACEMENT_3D('',#8041,#5392,#5393);
#4310=AXIS2_PLACEMENT_3D('',#8044,#5395,#5396);
#4311=AXIS2_PLACEMENT_3D('',#8045,#5397,#5398);
#4312=AXIS2_PLACEMENT_3D('',#8047,#5399,#5400);
#4313=AXIS2_PLACEMENT_3D('',#8050,#5402,#5403);
#4314=AXIS2_PLACEMENT_3D('',#8051,#5404,#5405);
#4315=AXIS2_PLACEMENT_3D('',#8053,#5406,#5407);
#4316=AXIS2_PLACEMENT_3D('',#8056,#5409,#5410);
#4317=AXIS2_PLACEMENT_3D('',#8057,#5411,#5412);
#4318=AXIS2_PLACEMENT_3D('',#8066,#5417,#5418);
#4319=AXIS2_PLACEMENT_3D('',#8068,#5419,#5420);
#4320=AXIS2_PLACEMENT_3D('',#8070,#5421,#5422);
#4321=AXIS2_PLACEMENT_3D('',#8072,#5424,#5425);
#4322=AXIS2_PLACEMENT_3D('',#8078,#5429,#5430);
#4323=AXIS2_PLACEMENT_3D('',#8080,#5431,#5432);
#4324=AXIS2_PLACEMENT_3D('',#8082,#5433,#5434);
#4325=AXIS2_PLACEMENT_3D('',#8084,#5436,#5437);
#4326=AXIS2_PLACEMENT_3D('',#8090,#5441,#5442);
#4327=AXIS2_PLACEMENT_3D('',#8092,#5443,#5444);
#4328=AXIS2_PLACEMENT_3D('',#8094,#5445,#5446);
#4329=AXIS2_PLACEMENT_3D('',#8096,#5448,#5449);
#4330=AXIS2_PLACEMENT_3D('',#8102,#5453,#5454);
#4331=AXIS2_PLACEMENT_3D('',#8103,#5455,#5456);
#4332=AXIS2_PLACEMENT_3D('',#8104,#5457,#5458);
#4333=AXIS2_PLACEMENT_3D('',#8105,#5459,#5460);
#4334=AXIS2_PLACEMENT_3D('',#8106,#5461,#5462);
#4335=DIRECTION('axis',(0.,0.,1.));
#4336=DIRECTION('refdir',(1.,0.,0.));
#4337=DIRECTION('center_axis',(-1.,0.,0.));
#4338=DIRECTION('ref_axis',(0.,0.,1.));
#4339=DIRECTION('center_axis',(-1.,0.,0.));
#4340=DIRECTION('ref_axis',(0.,0.,1.));
#4341=DIRECTION('',(-1.,0.,0.));
#4342=DIRECTION('center_axis',(1.,0.,0.));
#4343=DIRECTION('ref_axis',(0.,0.,-1.));
#4344=DIRECTION('center_axis',(-1.,0.,0.));
#4345=DIRECTION('ref_axis',(0.,0.,1.));
#4346=DIRECTION('center_axis',(-1.,0.,0.));
#4347=DIRECTION('ref_axis',(0.,0.,1.));
#4348=DIRECTION('',(-1.,0.,0.));
#4349=DIRECTION('center_axis',(1.,0.,0.));
#4350=DIRECTION('ref_axis',(0.,0.,-1.));
#4351=DIRECTION('center_axis',(-1.,0.,0.));
#4352=DIRECTION('ref_axis',(0.,0.,1.));
#4353=DIRECTION('center_axis',(-1.,0.,0.));
#4354=DIRECTION('ref_axis',(0.,0.,1.));
#4355=DIRECTION('',(-1.,0.,0.));
#4356=DIRECTION('center_axis',(1.,0.,0.));
#4357=DIRECTION('ref_axis',(0.,0.,-1.));
#4358=DIRECTION('center_axis',(0.,0.,1.));
#4359=DIRECTION('ref_axis',(1.,0.,0.));
#4360=DIRECTION('center_axis',(0.,0.,-1.));
#4361=DIRECTION('ref_axis',(-1.,0.,0.));
#4362=DIRECTION('',(0.,0.,1.));
#4363=DIRECTION('center_axis',(0.,0.,-1.));
#4364=DIRECTION('ref_axis',(-1.,0.,0.));
#4365=DIRECTION('center_axis',(0.,0.,-1.));
#4366=DIRECTION('ref_axis',(-1.,0.,0.));
#4367=DIRECTION('center_axis',(0.,0.,1.));
#4368=DIRECTION('ref_axis',(-1.,0.,0.));
#4369=DIRECTION('',(0.,0.,-1.));
#4370=DIRECTION('center_axis',(0.,0.,-1.));
#4371=DIRECTION('ref_axis',(-1.,0.,0.));
#4372=DIRECTION('center_axis',(0.,0.,1.));
#4373=DIRECTION('ref_axis',(1.,0.,0.));
#4374=DIRECTION('center_axis',(0.,0.,1.));
#4375=DIRECTION('ref_axis',(1.,0.,0.));
#4376=DIRECTION('',(0.,0.,1.));
#4377=DIRECTION('center_axis',(0.,0.,1.));
#4378=DIRECTION('ref_axis',(1.,0.,0.));
#4379=DIRECTION('center_axis',(0.,0.,1.));
#4380=DIRECTION('ref_axis',(1.,0.,0.));
#4381=DIRECTION('center_axis',(0.,0.,1.));
#4382=DIRECTION('ref_axis',(1.,0.,0.));
#4383=DIRECTION('',(0.,0.,1.));
#4384=DIRECTION('center_axis',(0.,0.,1.));
#4385=DIRECTION('ref_axis',(1.,0.,0.));
#4386=DIRECTION('',(0.,0.,-1.));
#4387=DIRECTION('center_axis',(0.,0.,1.));
#4388=DIRECTION('ref_axis',(1.,0.,0.));
#4389=DIRECTION('center_axis',(0.,0.,1.));
#4390=DIRECTION('ref_axis',(1.,0.,0.));
#4391=DIRECTION('',(0.,0.,1.));
#4392=DIRECTION('center_axis',(0.,0.,1.));
#4393=DIRECTION('ref_axis',(1.,0.,0.));
#4394=DIRECTION('center_axis',(0.,0.,1.));
#4395=DIRECTION('ref_axis',(1.,0.,0.));
#4396=DIRECTION('center_axis',(0.,0.,1.));
#4397=DIRECTION('ref_axis',(1.,0.,0.));
#4398=DIRECTION('',(0.,0.,1.));
#4399=DIRECTION('center_axis',(0.,0.,1.));
#4400=DIRECTION('ref_axis',(1.,0.,0.));
#4401=DIRECTION('',(0.,0.,-1.));
#4402=DIRECTION('center_axis',(0.,0.,1.));
#4403=DIRECTION('ref_axis',(1.,0.,0.));
#4404=DIRECTION('',(0.,1.,0.));
#4405=DIRECTION('',(-1.,3.9387344820259E-17,0.));
#4406=DIRECTION('',(0.,1.,0.));
#4407=DIRECTION('',(-1.,0.,0.));
#4408=DIRECTION('',(0.,1.,0.));
#4409=DIRECTION('',(0.,1.,0.));
#4410=DIRECTION('center_axis',(0.,1.,0.));
#4411=DIRECTION('ref_axis',(0.,0.,1.));
#4412=DIRECTION('',(0.,0.,-1.));
#4413=DIRECTION('',(-1.,0.,0.));
#4414=DIRECTION('',(0.,0.,-1.));
#4415=DIRECTION('',(-1.,0.,-7.87746896405179E-17));
#4416=DIRECTION('center_axis',(1.,0.,0.));
#4417=DIRECTION('ref_axis',(0.,0.,-1.));
#4418=DIRECTION('center_axis',(-1.,0.,0.));
#4419=DIRECTION('ref_axis',(0.,0.,-1.));
#4420=DIRECTION('',(1.,0.,0.));
#4421=DIRECTION('center_axis',(1.,0.,0.));
#4422=DIRECTION('ref_axis',(0.,0.,-1.));
#4423=DIRECTION('',(1.,0.,0.));
#4424=DIRECTION('center_axis',(1.,0.,0.));
#4425=DIRECTION('ref_axis',(0.,0.,1.));
#4426=DIRECTION('center_axis',(0.,0.,-1.));
#4427=DIRECTION('ref_axis',(1.,0.,0.));
#4428=DIRECTION('center_axis',(1.,0.,0.));
#4429=DIRECTION('ref_axis',(0.,5.73316704659901E-15,1.));
#4430=DIRECTION('center_axis',(0.,0.,1.));
#4431=DIRECTION('ref_axis',(1.,0.,0.));
#4432=DIRECTION('center_axis',(0.,-1.,0.));
#4433=DIRECTION('ref_axis',(0.,0.,1.));
#4434=DIRECTION('center_axis',(0.,0.,1.));
#4435=DIRECTION('ref_axis',(1.,0.,0.));
#4436=DIRECTION('',(0.,0.,1.));
#4437=DIRECTION('center_axis',(-7.87746896405179E-17,0.,1.));
#4438=DIRECTION('ref_axis',(-1.,-8.32667268468868E-15,-7.87746896405179E-17));
#4439=DIRECTION('center_axis',(2.02031404460595E-15,0.349006495687614,0.937120304959748));
#4440=DIRECTION('ref_axis',(1.69794903649077E-13,-0.937120304959748,0.349006495687614));
#4441=DIRECTION('',(0.,0.,1.));
#4442=DIRECTION('center_axis',(0.,0.,1.));
#4443=DIRECTION('ref_axis',(1.,0.,0.));
#4444=DIRECTION('',(1.,0.,0.));
#4445=DIRECTION('',(0.,1.,0.));
#4446=DIRECTION('',(0.,-1.,0.));
#4447=DIRECTION('center_axis',(-1.,0.,0.));
#4448=DIRECTION('ref_axis',(0.,0.,1.));
#4449=DIRECTION('',(0.,1.,0.));
#4450=DIRECTION('',(0.,-0.937120304959749,0.349006495687612));
#4451=DIRECTION('',(0.,-1.,0.));
#4452=DIRECTION('',(0.,0.,1.));
#4453=DIRECTION('center_axis',(0.,0.,1.));
#4454=DIRECTION('ref_axis',(1.,0.,0.));
#4455=DIRECTION('',(0.,1.,0.));
#4456=DIRECTION('',(1.,0.,0.));
#4457=DIRECTION('',(0.,1.,0.));
#4458=DIRECTION('',(1.,0.,0.));
#4459=DIRECTION('center_axis',(0.,1.,0.));
#4460=DIRECTION('ref_axis',(0.,0.,1.));
#4461=DIRECTION('',(0.,0.,-1.));
#4462=DIRECTION('center_axis',(0.,-1.,0.));
#4463=DIRECTION('ref_axis',(0.,0.,1.));
#4464=DIRECTION('center_axis',(0.,-1.,0.));
#4465=DIRECTION('ref_axis',(0.,0.,1.));
#4466=DIRECTION('center_axis',(0.,1.,0.));
#4467=DIRECTION('ref_axis',(0.,0.,1.));
#4468=DIRECTION('center_axis',(0.,-1.,0.));
#4469=DIRECTION('ref_axis',(0.,0.,-1.));
#4470=DIRECTION('center_axis',(2.01468005767385E-15,0.349006495687612,0.937120304959749));
#4471=DIRECTION('ref_axis',(-4.32016698119947E-14,-0.937120304959749,0.349006495687612));
#4472=DIRECTION('',(0.,1.,0.));
#4473=DIRECTION('center_axis',(0.,-0.349006495687612,-0.937120304959749));
#4474=DIRECTION('ref_axis',(0.,0.937120304959749,-0.349006495687612));
#4475=DIRECTION('',(0.,-0.937120304959749,0.349006495687612));
#4476=DIRECTION('',(-1.,0.,1.1459775233538E-16));
#4477=DIRECTION('',(-3.64246399155235E-16,0.937120304959749,-0.349006495687612));
#4478=DIRECTION('',(1.,0.,0.));
#4479=DIRECTION('center_axis',(1.,0.,0.));
#4480=DIRECTION('ref_axis',(0.,0.151333890287553,0.988482702757329));
#4481=DIRECTION('center_axis',(-1.,0.,0.));
#4482=DIRECTION('ref_axis',(0.,0.,-1.));
#4483=DIRECTION('',(1.,2.29195504670759E-16,0.));
#4484=DIRECTION('center_axis',(0.,0.,-1.));
#4485=DIRECTION('ref_axis',(-1.,0.,0.));
#4486=DIRECTION('',(-1.,0.,0.));
#4487=DIRECTION('',(0.,-1.,0.));
#4488=DIRECTION('',(-1.,0.,0.));
#4489=DIRECTION('',(0.,1.,0.));
#4490=DIRECTION('center_axis',(1.,0.,0.));
#4491=DIRECTION('ref_axis',(0.,0.,-1.));
#4492=DIRECTION('',(0.,0.937120304959749,-0.349006495687612));
#4493=DIRECTION('',(0.,0.,-1.));
#4494=DIRECTION('',(0.,0.,-1.));
#4495=DIRECTION('center_axis',(0.,0.,1.));
#4496=DIRECTION('ref_axis',(1.,0.,0.));
#4497=DIRECTION('',(0.,1.,0.));
#4498=DIRECTION('',(1.,0.,0.));
#4499=DIRECTION('',(0.,-1.,0.));
#4500=DIRECTION('',(1.,0.,0.));
#4501=DIRECTION('center_axis',(-1.,0.,0.));
#4502=DIRECTION('ref_axis',(0.,0.,1.));
#4503=DIRECTION('',(0.,1.,0.));
#4504=DIRECTION('',(0.,0.,1.));
#4505=DIRECTION('',(0.,-1.,0.));
#4506=DIRECTION('',(0.,-0.937120304959749,0.349006495687612));
#4507=DIRECTION('',(0.,0.,1.));
#4508=DIRECTION('center_axis',(0.,0.,1.));
#4509=DIRECTION('ref_axis',(1.,0.,0.));
#4510=DIRECTION('',(1.,0.,0.));
#4511=DIRECTION('',(0.,1.,0.));
#4512=DIRECTION('',(0.,1.,0.));
#4513=DIRECTION('',(0.,1.,0.));
#4514=DIRECTION('',(-1.,0.,0.));
#4515=DIRECTION('',(0.,1.,0.));
#4516=DIRECTION('',(-1.,0.,0.));
#4517=DIRECTION('',(0.,-1.,0.));
#4518=DIRECTION('',(1.,0.,0.));
#4519=DIRECTION('',(0.,1.,0.));
#4520=DIRECTION('center_axis',(0.,1.,0.));
#4521=DIRECTION('ref_axis',(0.,0.,1.));
#4522=DIRECTION('',(0.,0.,-1.));
#4523=DIRECTION('center_axis',(0.,-1.,0.));
#4524=DIRECTION('ref_axis',(0.,0.,1.));
#4525=DIRECTION('center_axis',(0.,-1.,0.));
#4526=DIRECTION('ref_axis',(0.,0.,1.));
#4527=DIRECTION('center_axis',(0.,1.,0.));
#4528=DIRECTION('ref_axis',(0.,0.,1.));
#4529=DIRECTION('center_axis',(0.,-1.,0.));
#4530=DIRECTION('ref_axis',(0.,0.,1.));
#4531=DIRECTION('center_axis',(0.,-1.,0.));
#4532=DIRECTION('ref_axis',(0.,0.,-1.));
#4533=DIRECTION('center_axis',(1.12100091198866E-13,0.349006495687601,0.937120304959753));
#4534=DIRECTION('ref_axis',(-3.65983951160975E-12,-0.937120304959753,0.349006495687601));
#4535=DIRECTION('',(0.,1.,0.));
#4536=DIRECTION('center_axis',(0.,-0.349006495687612,-0.937120304959749));
#4537=DIRECTION('ref_axis',(0.,0.937120304959749,-0.349006495687612));
#4538=DIRECTION('',(0.,-0.937120304959749,0.349006495687612));
#4539=DIRECTION('',(-1.,0.,0.));
#4540=DIRECTION('center_axis',(-8.26492109157005E-16,0.349006495687613,
0.937120304959749));
#4541=DIRECTION('ref_axis',(5.12082657095534E-12,-0.937120304959749,0.349006495687613));
#4542=DIRECTION('',(1.,0.,0.));
#4543=DIRECTION('',(0.,-0.937120304959749,0.349006495687612));
#4544=DIRECTION('',(1.,0.,0.));
#4545=DIRECTION('center_axis',(1.,0.,0.));
#4546=DIRECTION('ref_axis',(0.,0.,-1.));
#4547=DIRECTION('center_axis',(-1.,0.,0.));
#4548=DIRECTION('ref_axis',(0.,0.,-1.));
#4549=DIRECTION('center_axis',(1.,0.,1.22464679914735E-16));
#4550=DIRECTION('ref_axis',(1.22464679914735E-16,0.,-1.));
#4551=DIRECTION('center_axis',(1.,0.,0.));
#4552=DIRECTION('ref_axis',(0.,0.,1.));
#4553=DIRECTION('center_axis',(0.,0.,1.));
#4554=DIRECTION('ref_axis',(1.,0.,0.));
#4555=DIRECTION('center_axis',(0.,0.,1.));
#4556=DIRECTION('ref_axis',(1.,0.,0.));
#4557=DIRECTION('center_axis',(1.,0.,0.));
#4558=DIRECTION('ref_axis',(0.,0.175592403509893,0.984462954015853));
#4559=DIRECTION('center_axis',(-1.,0.,0.));
#4560=DIRECTION('ref_axis',(0.,0.,-1.));
#4561=DIRECTION('',(1.,0.,0.));
#4562=DIRECTION('center_axis',(-1.,0.,0.));
#4563=DIRECTION('ref_axis',(0.,0.,-1.));
#4564=DIRECTION('center_axis',(0.,-1.,0.));
#4565=DIRECTION('ref_axis',(0.,0.,-1.));
#4566=DIRECTION('',(1.,0.,0.));
#4567=DIRECTION('',(0.,0.,1.));
#4568=DIRECTION('',(0.,0.,1.));
#4569=DIRECTION('',(-1.,0.,-7.87746896405179E-17));
#4570=DIRECTION('center_axis',(0.,1.,0.));
#4571=DIRECTION('ref_axis',(0.,0.,-1.));
#4572=DIRECTION('',(0.,0.,1.));
#4573=DIRECTION('center_axis',(0.,1.,0.));
#4574=DIRECTION('ref_axis',(0.,0.,-1.));
#4575=DIRECTION('center_axis',(7.87746896405179E-17,0.,-1.));
#4576=DIRECTION('ref_axis',(-1.,0.,-7.87746896405179E-17));
#4577=DIRECTION('',(0.,-1.,0.));
#4578=DIRECTION('',(0.,-1.,0.));
#4579=DIRECTION('center_axis',(0.,0.,1.));
#4580=DIRECTION('ref_axis',(1.,0.,0.));
#4581=DIRECTION('',(0.,1.,0.));
#4582=DIRECTION('',(0.,1.,0.));
#4583=DIRECTION('center_axis',(-1.,0.,0.));
#4584=DIRECTION('ref_axis',(0.,0.,1.));
#4585=DIRECTION('',(0.,1.,0.));
#4586=DIRECTION('',(0.,-1.,0.));
#4587=DIRECTION('center_axis',(2.14783761232465E-16,-0.937120304959749,
0.349006495687612));
#4588=DIRECTION('ref_axis',(0.,-0.349006495687612,-0.937120304959749));
#4589=DIRECTION('',(0.,0.349006495687612,0.937120304959749));
#4590=DIRECTION('',(-1.,-2.0127822382657E-16,7.49609278383475E-17));
#4591=DIRECTION('',(0.,0.349006495687612,0.937120304959749));
#4592=DIRECTION('center_axis',(-3.99953599562477E-17,0.937120304959749,
-0.349006495687612));
#4593=DIRECTION('ref_axis',(1.54074395550979E-33,0.349006495687612,0.937120304959749));
#4594=DIRECTION('',(0.,0.349006495687612,0.937120304959749));
#4595=DIRECTION('',(1.,3.74804639191738E-17,-1.39586404220947E-17));
#4596=DIRECTION('',(0.,0.349006495687612,0.937120304959749));
#4597=DIRECTION('center_axis',(1.,3.41342696656844E-16,-1.27124359336E-16));
#4598=DIRECTION('ref_axis',(-3.41342696656844E-16,1.,0.));
#4599=DIRECTION('',(3.64246399155235E-16,-0.937120304959749,0.349006495687612));
#4600=DIRECTION('center_axis',(0.,-0.937120304959749,0.349006495687612));
#4601=DIRECTION('ref_axis',(0.,-0.349006495687612,-0.937120304959749));
#4602=DIRECTION('',(0.,0.349006495687612,0.937120304959749));
#4603=DIRECTION('',(1.,0.,0.));
#4604=DIRECTION('',(0.,0.349006495687612,0.937120304959749));
#4605=DIRECTION('center_axis',(0.,0.349006495687612,0.937120304959749));
#4606=DIRECTION('ref_axis',(0.,-0.937120304959749,0.349006495687612));
#4607=DIRECTION('',(0.,0.937120304959749,-0.349006495687612));
#4608=DIRECTION('',(0.,0.937120304959749,-0.349006495687612));
#4609=DIRECTION('',(-1.,0.,0.));
#4610=DIRECTION('',(0.,0.937120304959749,-0.349006495687612));
#4611=DIRECTION('center_axis',(0.,0.937120304959749,-0.349006495687612));
#4612=DIRECTION('ref_axis',(0.,0.349006495687612,0.937120304959749));
#4613=DIRECTION('',(0.,-0.349006495687612,-0.937120304959749));
#4614=DIRECTION('',(0.,0.349006495687612,0.937120304959749));
#4615=DIRECTION('center_axis',(1.,0.,0.));
#4616=DIRECTION('ref_axis',(0.,0.,-1.));
#4617=DIRECTION('center_axis',(3.9387344820259E-17,1.,0.));
#4618=DIRECTION('ref_axis',(-1.,3.9387344820259E-17,0.));
#4619=DIRECTION('',(0.,0.,-1.));
#4620=DIRECTION('',(-1.,3.9387344820259E-17,0.));
#4621=DIRECTION('center_axis',(3.9387344820259E-17,1.,0.));
#4622=DIRECTION('ref_axis',(-1.,3.9387344820259E-17,0.));
#4623=DIRECTION('',(0.,0.,1.));
#4624=DIRECTION('',(0.,0.,1.));
#4625=DIRECTION('center_axis',(1.,0.,0.));
#4626=DIRECTION('ref_axis',(0.,0.,-1.));
#4627=DIRECTION('',(0.,0.,1.));
#4628=DIRECTION('center_axis',(0.,-1.,0.));
#4629=DIRECTION('ref_axis',(0.,0.,-1.));
#4630=DIRECTION('',(1.,0.,0.));
#4631=DIRECTION('',(0.,0.,1.));
#4632=DIRECTION('',(0.,0.,1.));
#4633=DIRECTION('center_axis',(0.,-1.,0.));
#4634=DIRECTION('ref_axis',(0.,0.,-1.));
#4635=DIRECTION('center_axis',(0.,0.,1.));
#4636=DIRECTION('ref_axis',(1.,0.,0.));
#4637=DIRECTION('',(0.,1.,0.));
#4638=DIRECTION('',(0.,1.,0.));
#4639=DIRECTION('center_axis',(-1.,0.,0.));
#4640=DIRECTION('ref_axis',(0.,0.,1.));
#4641=DIRECTION('',(0.,-1.,0.));
#4642=DIRECTION('center_axis',(0.,-1.,0.));
#4643=DIRECTION('ref_axis',(0.,0.,-1.));
#4644=DIRECTION('center_axis',(0.,-1.,0.));
#4645=DIRECTION('ref_axis',(0.,0.,-1.));
#4646=DIRECTION('center_axis',(0.,0.,-1.));
#4647=DIRECTION('ref_axis',(-1.,0.,0.));
#4648=DIRECTION('center_axis',(0.,1.,0.));
#4649=DIRECTION('ref_axis',(0.,0.,1.));
#4650=DIRECTION('center_axis',(1.,0.,0.));
#4651=DIRECTION('ref_axis',(0.,0.,-1.));
#4652=DIRECTION('center_axis',(1.,0.,0.));
#4653=DIRECTION('ref_axis',(0.,0.,-1.));
#4654=DIRECTION('center_axis',(1.,0.,0.));
#4655=DIRECTION('ref_axis',(0.,0.,-1.));
#4656=DIRECTION('center_axis',(1.,0.,0.));
#4657=DIRECTION('ref_axis',(0.,0.,-1.));
#4658=DIRECTION('center_axis',(-1.,0.,0.));
#4659=DIRECTION('ref_axis',(0.,0.,1.));
#4660=DIRECTION('center_axis',(-1.,0.,0.));
#4661=DIRECTION('ref_axis',(0.,0.,1.));
#4662=DIRECTION('center_axis',(-1.,0.,0.));
#4663=DIRECTION('ref_axis',(0.,0.,1.));
#4664=DIRECTION('center_axis',(1.,0.,0.));
#4665=DIRECTION('ref_axis',(0.,0.,-1.));
#4666=DIRECTION('center_axis',(1.,0.,0.));
#4667=DIRECTION('ref_axis',(0.,0.,-1.));
#4668=DIRECTION('',(1.,0.,0.));
#4669=DIRECTION('center_axis',(1.,0.,0.));
#4670=DIRECTION('ref_axis',(0.,0.,-1.));
#4671=DIRECTION('center_axis',(1.,0.,0.));
#4672=DIRECTION('ref_axis',(0.,0.,-1.));
#4673=DIRECTION('center_axis',(1.,0.,0.));
#4674=DIRECTION('ref_axis',(0.,0.,-1.));
#4675=DIRECTION('',(1.,0.,0.));
#4676=DIRECTION('center_axis',(1.,0.,0.));
#4677=DIRECTION('ref_axis',(0.,0.,-1.));
#4678=DIRECTION('center_axis',(1.,0.,0.));
#4679=DIRECTION('ref_axis',(0.,0.,-1.));
#4680=DIRECTION('center_axis',(1.,0.,0.));
#4681=DIRECTION('ref_axis',(0.,0.,-1.));
#4682=DIRECTION('',(1.,0.,0.));
#4683=DIRECTION('center_axis',(1.,0.,0.));
#4684=DIRECTION('ref_axis',(0.,0.,-1.));
#4685=DIRECTION('center_axis',(0.,-1.,0.));
#4686=DIRECTION('ref_axis',(0.,0.,-1.));
#4687=DIRECTION('center_axis',(0.,-1.,0.));
#4688=DIRECTION('ref_axis',(0.,0.,1.));
#4689=DIRECTION('center_axis',(0.,-1.,0.));
#4690=DIRECTION('ref_axis',(0.,0.,1.));
#4691=DIRECTION('',(8.65956056235553E-17,0.707106781186499,-0.707106781186597));
#4692=DIRECTION('center_axis',(0.,1.,0.));
#4693=DIRECTION('ref_axis',(0.,0.,1.));
#4694=DIRECTION('center_axis',(0.,1.,0.));
#4695=DIRECTION('ref_axis',(0.,0.,1.));
#4696=DIRECTION('center_axis',(0.,1.,0.));
#4697=DIRECTION('ref_axis',(0.,0.,1.));
#4698=DIRECTION('',(-8.65956056235505E-17,0.707106781186538,-0.707106781186557));
#4699=DIRECTION('center_axis',(0.,-1.,0.));
#4700=DIRECTION('ref_axis',(0.,0.,1.));
#4701=DIRECTION('center_axis',(0.,-1.,0.));
#4702=DIRECTION('ref_axis',(0.,0.,1.));
#4703=DIRECTION('center_axis',(0.,-1.,0.));
#4704=DIRECTION('ref_axis',(0.,0.,1.));
#4705=DIRECTION('center_axis',(0.,1.,0.));
#4706=DIRECTION('ref_axis',(0.,0.,1.));
#4707=DIRECTION('',(0.,-1.,0.));
#4708=DIRECTION('center_axis',(0.,1.,0.));
#4709=DIRECTION('ref_axis',(0.,0.,1.));
#4710=DIRECTION('center_axis',(0.,1.,0.));
#4711=DIRECTION('ref_axis',(0.,0.,1.));
#4712=DIRECTION('center_axis',(0.,1.,0.));
#4713=DIRECTION('ref_axis',(0.,0.,1.));
#4714=DIRECTION('',(0.,1.,0.));
#4715=DIRECTION('center_axis',(0.,0.,1.));
#4716=DIRECTION('ref_axis',(1.,0.,0.));
#4717=DIRECTION('center_axis',(0.,0.,1.));
#4718=DIRECTION('ref_axis',(1.,0.,0.));
#4719=DIRECTION('',(0.,0.,1.));
#4720=DIRECTION('center_axis',(0.,0.,1.));
#4721=DIRECTION('ref_axis',(1.,0.,0.));
#4722=DIRECTION('center_axis',(0.,0.,1.));
#4723=DIRECTION('ref_axis',(1.,0.,0.));
#4724=DIRECTION('center_axis',(0.,0.,1.));
#4725=DIRECTION('ref_axis',(1.,0.,0.));
#4726=DIRECTION('',(0.,0.,1.));
#4727=DIRECTION('center_axis',(0.,0.,1.));
#4728=DIRECTION('ref_axis',(1.,0.,0.));
#4729=DIRECTION('center_axis',(0.,0.,1.));
#4730=DIRECTION('ref_axis',(1.,0.,0.));
#4731=DIRECTION('',(-1.,3.9387344820259E-17,0.));
#4732=DIRECTION('',(0.,1.,0.));
#4733=DIRECTION('center_axis',(0.,0.,1.));
#4734=DIRECTION('ref_axis',(1.,0.,0.));
#4735=DIRECTION('',(0.,1.,0.));
#4736=DIRECTION('center_axis',(0.,0.,1.));
#4737=DIRECTION('ref_axis',(1.,0.,0.));
#4738=DIRECTION('',(0.,1.,0.));
#4739=DIRECTION('',(-1.,0.,0.));
#4740=DIRECTION('',(0.,-1.,0.));
#4741=DIRECTION('center_axis',(0.,1.,0.));
#4742=DIRECTION('ref_axis',(0.,0.,1.));
#4743=DIRECTION('',(-1.,0.,0.));
#4744=DIRECTION('',(0.,0.,-1.));
#4745=DIRECTION('',(-1.,0.,-7.87746896405179E-17));
#4746=DIRECTION('',(0.,0.,1.));
#4747=DIRECTION('center_axis',(1.,0.,0.));
#4748=DIRECTION('ref_axis',(0.,0.,-1.));
#4749=DIRECTION('',(1.,0.,0.));
#4750=DIRECTION('center_axis',(-1.,0.,0.));
#4751=DIRECTION('ref_axis',(0.,0.,-1.));
#4752=DIRECTION('',(1.,0.,0.));
#4753=DIRECTION('center_axis',(0.,0.,1.));
#4754=DIRECTION('ref_axis',(1.,0.,0.));
#4755=DIRECTION('',(0.,1.,0.));
#4756=DIRECTION('',(1.,0.,0.));
#4757=DIRECTION('',(0.,1.,0.));
#4758=DIRECTION('',(1.,0.,0.));
#4759=DIRECTION('center_axis',(0.,0.,1.));
#4760=DIRECTION('ref_axis',(1.,0.,0.));
#4761=DIRECTION('',(0.,1.,0.));
#4762=DIRECTION('center_axis',(0.,0.,1.));
#4763=DIRECTION('ref_axis',(1.,0.,0.));
#4764=DIRECTION('',(1.,0.,0.));
#4765=DIRECTION('',(0.,1.,0.));
#4766=DIRECTION('',(1.,0.,0.));
#4767=DIRECTION('center_axis',(0.,0.,-1.));
#4768=DIRECTION('ref_axis',(1.,0.,0.));
#4769=DIRECTION('',(-1.,0.,0.));
#4770=DIRECTION('',(0.,1.,0.));
#4771=DIRECTION('center_axis',(0.,1.,0.));
#4772=DIRECTION('ref_axis',(0.,0.,1.));
#4773=DIRECTION('',(0.,0.,-1.));
#4774=DIRECTION('center_axis',(0.,1.,0.));
#4775=DIRECTION('ref_axis',(0.,0.,1.));
#4776=DIRECTION('center_axis',(0.,-0.349006495687612,-0.937120304959749));
#4777=DIRECTION('ref_axis',(0.,0.937120304959749,-0.349006495687612));
#4778=DIRECTION('',(0.,-0.937120304959749,0.349006495687612));
#4779=DIRECTION('center_axis',(4.59162282864985E-16,0.349006495687611,0.937120304959749));
#4780=DIRECTION('ref_axis',(-7.00023327364673E-13,-0.937120304959749,0.349006495687611));
#4781=DIRECTION('',(0.,-0.937120304959749,0.349006495687612));
#4782=DIRECTION('center_axis',(-1.69964347933529E-14,0.349006495687609,
0.93712030495975));
#4783=DIRECTION('ref_axis',(-4.78795409722609E-13,-0.93712030495975,0.349006495687609));
#4784=DIRECTION('',(1.,0.,0.));
#4785=DIRECTION('center_axis',(1.,0.,0.));
#4786=DIRECTION('ref_axis',(0.,0.,-1.));
#4787=DIRECTION('center_axis',(-1.,0.,0.));
#4788=DIRECTION('ref_axis',(0.,0.,-1.));
#4789=DIRECTION('center_axis',(0.,0.,-1.));
#4790=DIRECTION('ref_axis',(-1.,0.,0.));
#4791=DIRECTION('',(0.,-1.,0.));
#4792=DIRECTION('',(-1.,0.,0.));
#4793=DIRECTION('',(0.,1.,0.));
#4794=DIRECTION('',(-1.,0.,0.));
#4795=DIRECTION('center_axis',(0.,0.,1.));
#4796=DIRECTION('ref_axis',(1.,0.,0.));
#4797=DIRECTION('',(1.,0.,0.));
#4798=DIRECTION('',(0.,1.,0.));
#4799=DIRECTION('',(1.,0.,0.));
#4800=DIRECTION('',(0.,1.,0.));
#4801=DIRECTION('',(1.,0.,0.));
#4802=DIRECTION('',(0.,-1.,1.46081976924363E-16));
#4803=DIRECTION('',(-1.,0.,0.));
#4804=DIRECTION('',(0.,1.,1.5419764230905E-16));
#4805=DIRECTION('',(1.,0.,0.));
#4806=DIRECTION('',(0.,-1.,1.46081976924363E-16));
#4807=DIRECTION('',(1.,0.,0.));
#4808=DIRECTION('',(0.,1.,0.));
#4809=DIRECTION('center_axis',(0.,0.,-1.));
#4810=DIRECTION('ref_axis',(1.,0.,0.));
#4811=DIRECTION('center_axis',(0.,0.,1.));
#4812=DIRECTION('ref_axis',(1.,0.,0.));
#4813=DIRECTION('',(0.,1.,0.));
#4814=DIRECTION('',(1.,0.,0.));
#4815=DIRECTION('center_axis',(0.,0.,1.));
#4816=DIRECTION('ref_axis',(1.,0.,0.));
#4817=DIRECTION('',(0.,1.,0.));
#4818=DIRECTION('',(-1.,0.,0.));
#4819=DIRECTION('',(0.,1.,0.));
#4820=DIRECTION('center_axis',(0.,0.,1.));
#4821=DIRECTION('ref_axis',(1.,0.,0.));
#4822=DIRECTION('',(0.,1.,0.));
#4823=DIRECTION('center_axis',(0.,0.,1.));
#4824=DIRECTION('ref_axis',(1.,0.,0.));
#4825=DIRECTION('center_axis',(0.,1.,0.));
#4826=DIRECTION('ref_axis',(0.,0.,1.));
#4827=DIRECTION('',(0.,0.,-1.));
#4828=DIRECTION('',(0.,0.,1.));
#4829=DIRECTION('center_axis',(0.,1.,0.));
#4830=DIRECTION('ref_axis',(0.,0.,1.));
#4831=DIRECTION('',(0.,0.,-1.));
#4832=DIRECTION('center_axis',(0.,-0.349006495687612,-0.937120304959749));
#4833=DIRECTION('ref_axis',(0.,0.937120304959749,-0.349006495687612));
#4834=DIRECTION('',(-1.,0.,0.));
#4835=DIRECTION('',(0.,-0.937120304959749,0.349006495687612));
#4836=DIRECTION('',(1.,0.,0.));
#4837=DIRECTION('',(0.,0.937120304959749,-0.349006495687612));
#4838=DIRECTION('',(1.,0.,0.));
#4839=DIRECTION('',(0.,-0.937120304959749,0.349006495687612));
#4840=DIRECTION('center_axis',(1.97439781631948E-15,0.34900649568761,0.93712030495975));
#4841=DIRECTION('ref_axis',(1.54056154360813E-13,-0.937120304959749,0.34900649568761));
#4842=DIRECTION('',(0.,0.937120304959749,-0.349006495687612));
#4843=DIRECTION('center_axis',(1.,0.,0.));
#4844=DIRECTION('ref_axis',(0.,0.,-1.));
#4845=DIRECTION('center_axis',(-1.,0.,0.));
#4846=DIRECTION('ref_axis',(0.,0.,-1.));
#4847=DIRECTION('center_axis',(0.707106781186551,-6.07299988750417E-15,
-0.707106781186545));
#4848=DIRECTION('ref_axis',(0.707106781186545,6.90807198684759E-13,0.70710678118655));
#4849=DIRECTION('center_axis',(1.,0.,0.));
#4850=DIRECTION('ref_axis',(0.,0.,-1.));
#4851=DIRECTION('center_axis',(-1.,0.,0.));
#4852=DIRECTION('ref_axis',(0.,0.,-1.));
#4853=DIRECTION('center_axis',(-1.,0.,0.));
#4854=DIRECTION('ref_axis',(0.,0.,-1.));
#4855=DIRECTION('center_axis',(1.,0.,0.));
#4856=DIRECTION('ref_axis',(0.,-5.55111512312578E-15,1.));
#4857=DIRECTION('',(1.,0.,0.));
#4858=DIRECTION('center_axis',(0.,0.,1.));
#4859=DIRECTION('ref_axis',(-1.,5.66553889764798E-16,0.));
#4860=DIRECTION('',(0.,0.,-1.));
#4861=DIRECTION('',(0.,0.,1.));
#4862=DIRECTION('center_axis',(0.,0.,1.));
#4863=DIRECTION('ref_axis',(-1.,-7.6571373978539E-16,0.));
#4864=DIRECTION('',(0.,0.,-1.));
#4865=DIRECTION('',(0.,0.,1.));
#4866=DIRECTION('center_axis',(0.,-1.,0.));
#4867=DIRECTION('ref_axis',(0.,0.,-1.));
#4868=DIRECTION('',(0.,0.,1.));
#4869=DIRECTION('',(1.,0.,0.));
#4870=DIRECTION('center_axis',(0.,1.,0.));
#4871=DIRECTION('ref_axis',(0.,0.,-1.));
#4872=DIRECTION('',(0.,0.,-1.));
#4873=DIRECTION('center_axis',(0.,1.,0.));
#4874=DIRECTION('ref_axis',(0.,0.,-1.));
#4875=DIRECTION('center_axis',(0.,1.,0.));
#4876=DIRECTION('ref_axis',(0.,0.,-1.));
#4877=DIRECTION('center_axis',(0.,1.,0.));
#4878=DIRECTION('ref_axis',(0.,0.,-1.));
#4879=DIRECTION('',(0.,0.,-1.));
#4880=DIRECTION('center_axis',(0.,1.,0.));
#4881=DIRECTION('ref_axis',(0.,0.,-1.));
#4882=DIRECTION('',(-1.,0.,-7.87746896405179E-17));
#4883=DIRECTION('',(0.,0.,1.));
#4884=DIRECTION('',(0.,0.,1.));
#4885=DIRECTION('center_axis',(0.,-1.,0.));
#4886=DIRECTION('ref_axis',(0.,0.,-1.));
#4887=DIRECTION('',(0.,0.,1.));
#4888=DIRECTION('center_axis',(7.87746896405179E-17,0.,-1.));
#4889=DIRECTION('ref_axis',(-1.,0.,-7.87746896405179E-17));
#4890=DIRECTION('',(0.,-1.,0.));
#4891=DIRECTION('',(0.,1.,0.));
#4892=DIRECTION('center_axis',(-7.87746896405179E-17,0.,1.));
#4893=DIRECTION('ref_axis',(-1.,-8.32667268468867E-15,-7.87746896405179E-17));
#4894=DIRECTION('center_axis',(0.,0.,1.));
#4895=DIRECTION('ref_axis',(1.,0.,0.));
#4896=DIRECTION('',(0.,1.,0.));
#4897=DIRECTION('',(0.,-1.,0.));
#4898=DIRECTION('center_axis',(0.,-0.937120304959749,0.349006495687612));
#4899=DIRECTION('ref_axis',(0.,-0.349006495687612,-0.937120304959749));
#4900=DIRECTION('',(0.,0.349006495687612,0.937120304959749));
#4901=DIRECTION('',(0.,0.349006495687612,0.937120304959749));
#4902=DIRECTION('',(1.,0.,0.));
#4903=DIRECTION('center_axis',(0.,0.349006495687612,0.937120304959749));
#4904=DIRECTION('ref_axis',(0.,-0.937120304959749,0.349006495687612));
#4905=DIRECTION('',(0.,0.937120304959749,-0.349006495687612));
#4906=DIRECTION('',(0.,-0.937120304959749,0.349006495687612));
#4907=DIRECTION('',(-1.,0.,0.));
#4908=DIRECTION('center_axis',(0.,0.937120304959749,-0.349006495687612));
#4909=DIRECTION('ref_axis',(0.,0.349006495687612,0.937120304959749));
#4910=DIRECTION('',(0.,-0.349006495687612,-0.937120304959749));
#4911=DIRECTION('',(0.,0.349006495687612,0.937120304959749));
#4912=DIRECTION('center_axis',(3.9387344820259E-17,1.,0.));
#4913=DIRECTION('ref_axis',(-1.,3.9387344820259E-17,0.));
#4914=DIRECTION('',(0.,0.,-1.));
#4915=DIRECTION('',(0.,0.,1.));
#4916=DIRECTION('',(-1.,3.9387344820259E-17,0.));
#4917=DIRECTION('center_axis',(0.,-1.,0.));
#4918=DIRECTION('ref_axis',(0.,0.,-1.));
#4919=DIRECTION('',(0.,0.,1.));
#4920=DIRECTION('',(1.,0.,0.));
#4921=DIRECTION('',(0.,0.,1.));
#4922=DIRECTION('center_axis',(0.,0.,1.));
#4923=DIRECTION('ref_axis',(1.,0.,0.));
#4924=DIRECTION('',(0.,1.,0.));
#4925=DIRECTION('',(0.,-1.,0.));
#4926=DIRECTION('center_axis',(0.,-1.,-1.58184219644431E-16));
#4927=DIRECTION('ref_axis',(0.,1.58184219644431E-16,-1.));
#4928=DIRECTION('',(0.,1.58184219644431E-16,-1.));
#4929=DIRECTION('',(1.,0.,0.));
#4930=DIRECTION('',(0.,1.58184219644431E-16,-1.));
#4931=DIRECTION('center_axis',(0.,1.,-6.32736878577724E-16));
#4932=DIRECTION('ref_axis',(0.,6.32736878577724E-16,1.));
#4933=DIRECTION('',(0.,6.32736878577724E-16,1.));
#4934=DIRECTION('',(0.,6.32736878577724E-16,1.));
#4935=DIRECTION('',(1.,0.,0.));
#4936=DIRECTION('center_axis',(1.,0.,0.));
#4937=DIRECTION('ref_axis',(0.,0.,-1.));
#4938=DIRECTION('',(0.,1.,0.));
#4939=DIRECTION('',(0.,0.,1.));
#4940=DIRECTION('center_axis',(0.,0.,-1.));
#4941=DIRECTION('ref_axis',(-1.,0.,0.));
#4942=DIRECTION('center_axis',(0.,0.,-1.));
#4943=DIRECTION('ref_axis',(-1.,0.,0.));
#4944=DIRECTION('',(0.,0.,-1.));
#4945=DIRECTION('',(0.,0.,-1.));
#4946=DIRECTION('center_axis',(0.,-1.,0.));
#4947=DIRECTION('ref_axis',(0.,0.,-1.));
#4948=DIRECTION('center_axis',(0.,0.,-1.));
#4949=DIRECTION('ref_axis',(-1.,0.,0.));
#4950=DIRECTION('',(0.,0.,-1.));
#4951=DIRECTION('center_axis',(0.,0.,1.));
#4952=DIRECTION('ref_axis',(-1.,0.,0.));
#4953=DIRECTION('',(0.,0.,-1.));
#4954=DIRECTION('center_axis',(0.,1.,0.));
#4955=DIRECTION('ref_axis',(-0.680245562963336,0.,-0.732984293193717));
#4956=DIRECTION('center_axis',(0.680245562963336,0.,0.732984293193717));
#4957=DIRECTION('ref_axis',(0.732984293193717,0.,-0.680245562963336));
#4958=DIRECTION('center_axis',(-1.,0.,0.));
#4959=DIRECTION('ref_axis',(0.,0.,-1.));
#4960=DIRECTION('center_axis',(0.,1.,0.));
#4961=DIRECTION('ref_axis',(0.,0.,1.));
#4962=DIRECTION('center_axis',(0.,1.,0.));
#4963=DIRECTION('ref_axis',(0.,0.,1.));
#4964=DIRECTION('center_axis',(-0.680245562963336,0.,0.732984293193717));
#4965=DIRECTION('ref_axis',(0.732984293193717,0.,0.680245562963336));
#4966=DIRECTION('center_axis',(0.,1.,0.));
#4967=DIRECTION('ref_axis',(0.,0.,-1.));
#4968=DIRECTION('center_axis',(0.,1.,0.));
#4969=DIRECTION('ref_axis',(0.,0.,1.));
#4970=DIRECTION('center_axis',(0.,1.,0.));
#4971=DIRECTION('ref_axis',(0.680245562963336,0.,-0.732984293193717));
#4972=DIRECTION('center_axis',(-1.,0.,0.));
#4973=DIRECTION('ref_axis',(0.,-1.7199501139797E-14,-1.));
#4974=DIRECTION('center_axis',(-0.718412891934933,0.198377133978109,-0.666730402348893));
#4975=DIRECTION('ref_axis',(0.145411146521204,0.980125763701001,0.134941045634449));
#4976=DIRECTION('center_axis',(0.,-1.,0.));
#4977=DIRECTION('ref_axis',(0.,0.,-1.));
#4978=DIRECTION('center_axis',(0.,1.,0.));
#4979=DIRECTION('ref_axis',(0.,0.,1.));
#4980=DIRECTION('center_axis',(0.,-1.,0.));
#4981=DIRECTION('ref_axis',(0.,0.,1.));
#4982=DIRECTION('center_axis',(1.,0.,0.));
#4983=DIRECTION('ref_axis',(0.,0.,-1.));
#4984=DIRECTION('',(0.,-1.,0.));
#4985=DIRECTION('',(0.,0.,1.));
#4986=DIRECTION('',(0.,1.,0.));
#4987=DIRECTION('center_axis',(1.,0.,0.));
#4988=DIRECTION('ref_axis',(0.,0.,-1.));
#4989=DIRECTION('',(0.,1.58184219644431E-16,1.));
#4990=DIRECTION('center_axis',(1.,0.,0.));
#4991=DIRECTION('ref_axis',(0.,0.,-1.));
#4992=DIRECTION('center_axis',(1.,0.,0.));
#4993=DIRECTION('ref_axis',(0.,0.,-1.));
#4994=DIRECTION('',(0.,0.,-1.));
#4995=DIRECTION('center_axis',(1.,0.,0.));
#4996=DIRECTION('ref_axis',(0.,0.,-1.));
#4997=DIRECTION('',(0.,1.,0.));
#4998=DIRECTION('',(0.,-1.,0.));
#4999=DIRECTION('',(0.,0.,1.));
#5000=DIRECTION('',(0.,1.,0.));
#5001=DIRECTION('center_axis',(1.,0.,0.));
#5002=DIRECTION('ref_axis',(0.,0.,-1.));
#5003=DIRECTION('center_axis',(0.,-1.,0.));
#5004=DIRECTION('ref_axis',(0.,0.,-1.));
#5005=DIRECTION('',(0.,1.,0.));
#5006=DIRECTION('',(0.,-1.,0.));
#5007=DIRECTION('center_axis',(0.,0.,1.));
#5008=DIRECTION('ref_axis',(1.,0.,0.));
#5009=DIRECTION('',(0.,0.,-1.));
#5010=DIRECTION('center_axis',(0.,0.,-1.));
#5011=DIRECTION('ref_axis',(1.,0.,0.));
#5012=DIRECTION('center_axis',(0.,0.,1.));
#5013=DIRECTION('ref_axis',(1.,0.,0.));
#5014=DIRECTION('',(0.,0.,-1.));
#5015=DIRECTION('center_axis',(0.,0.,1.));
#5016=DIRECTION('ref_axis',(1.,0.,0.));
#5017=DIRECTION('center_axis',(0.,1.,0.));
#5018=DIRECTION('ref_axis',(0.,0.,1.));
#5019=DIRECTION('center_axis',(0.,-1.,0.));
#5020=DIRECTION('ref_axis',(0.,0.,-1.));
#5021=DIRECTION('',(0.,-1.,0.));
#5022=DIRECTION('center_axis',(0.,0.,1.));
#5023=DIRECTION('ref_axis',(1.,0.,0.));
#5024=DIRECTION('center_axis',(-1.,0.,0.));
#5025=DIRECTION('ref_axis',(0.,0.,1.));
#5026=DIRECTION('center_axis',(1.,0.,0.));
#5027=DIRECTION('ref_axis',(0.,0.,-1.));
#5028=DIRECTION('',(1.,0.,0.));
#5029=DIRECTION('center_axis',(-1.,0.,0.));
#5030=DIRECTION('ref_axis',(0.,0.,1.));
#5031=DIRECTION('center_axis',(0.,1.,0.));
#5032=DIRECTION('ref_axis',(0.,0.,1.));
#5033=DIRECTION('center_axis',(0.,1.,0.));
#5034=DIRECTION('ref_axis',(0.,0.,1.));
#5035=DIRECTION('center_axis',(1.,0.,0.));
#5036=DIRECTION('ref_axis',(0.,0.,-1.));
#5037=DIRECTION('center_axis',(-1.,0.,0.));
#5038=DIRECTION('ref_axis',(0.,0.,1.));
#5039=DIRECTION('',(-1.,0.,0.));
#5040=DIRECTION('center_axis',(1.,0.,0.));
#5041=DIRECTION('ref_axis',(0.,0.,-1.));
#5042=DIRECTION('center_axis',(0.,0.,1.));
#5043=DIRECTION('ref_axis',(1.,0.,0.));
#5044=DIRECTION('center_axis',(0.,1.,0.));
#5045=DIRECTION('ref_axis',(0.,0.,1.));
#5046=DIRECTION('center_axis',(0.,-1.,0.));
#5047=DIRECTION('ref_axis',(0.,0.,-1.));
#5048=DIRECTION('center_axis',(0.,1.,0.));
#5049=DIRECTION('ref_axis',(0.,0.,1.));
#5050=DIRECTION('center_axis',(0.,-1.,0.));
#5051=DIRECTION('ref_axis',(0.,0.,-1.));
#5052=DIRECTION('',(0.,1.,0.));
#5053=DIRECTION('center_axis',(0.,-1.,0.));
#5054=DIRECTION('ref_axis',(0.,0.,-1.));
#5055=DIRECTION('center_axis',(0.,-1.,0.));
#5056=DIRECTION('ref_axis',(0.,0.,-1.));
#5057=DIRECTION('center_axis',(-1.,0.,0.));
#5058=DIRECTION('ref_axis',(0.,0.,1.));
#5059=DIRECTION('',(0.,1.,0.));
#5060=DIRECTION('',(0.,0.,1.));
#5061=DIRECTION('center_axis',(0.,1.,0.));
#5062=DIRECTION('ref_axis',(0.,0.,1.));
#5063=DIRECTION('',(0.,1.,0.));
#5064=DIRECTION('center_axis',(0.,-1.,0.));
#5065=DIRECTION('ref_axis',(0.,0.,-1.));
#5066=DIRECTION('center_axis',(-1.,0.,0.));
#5067=DIRECTION('ref_axis',(0.,0.,1.));
#5068=DIRECTION('',(0.,0.,1.));
#5069=DIRECTION('center_axis',(1.,0.,0.));
#5070=DIRECTION('ref_axis',(0.,0.,-1.));
#5071=DIRECTION('',(0.,0.,-1.));
#5072=DIRECTION('',(0.,0.,1.));
#5073=DIRECTION('',(0.,-1.,0.));
#5074=DIRECTION('center_axis',(1.,0.,0.));
#5075=DIRECTION('ref_axis',(0.,0.,-1.));
#5076=DIRECTION('',(0.,0.,-1.));
#5077=DIRECTION('',(0.,1.,0.));
#5078=DIRECTION('center_axis',(0.,-1.,0.));
#5079=DIRECTION('ref_axis',(0.,0.,-1.));
#5080=DIRECTION('',(0.,-1.,0.));
#5081=DIRECTION('center_axis',(0.,1.,0.));
#5082=DIRECTION('ref_axis',(0.,0.,-1.));
#5083=DIRECTION('',(0.,1.,0.));
#5084=DIRECTION('center_axis',(0.,0.,1.));
#5085=DIRECTION('ref_axis',(1.,0.,0.));
#5086=DIRECTION('center_axis',(0.,0.,1.));
#5087=DIRECTION('ref_axis',(1.,0.,0.));
#5088=DIRECTION('center_axis',(0.,0.,-1.));
#5089=DIRECTION('ref_axis',(-1.,0.,0.));
#5090=DIRECTION('center_axis',(0.,0.,-1.));
#5091=DIRECTION('ref_axis',(-1.,0.,0.));
#5092=DIRECTION('center_axis',(0.,0.,-1.));
#5093=DIRECTION('ref_axis',(-1.,0.,0.));
#5094=DIRECTION('center_axis',(0.,0.,1.));
#5095=DIRECTION('ref_axis',(-1.,0.,0.));
#5096=DIRECTION('center_axis',(0.,1.,0.));
#5097=DIRECTION('ref_axis',(0.,0.,-1.));
#5098=DIRECTION('center_axis',(0.,-1.,0.));
#5099=DIRECTION('ref_axis',(0.,0.,-1.));
#5100=DIRECTION('center_axis',(0.,1.,0.));
#5101=DIRECTION('ref_axis',(0.,0.,-1.));
#5102=DIRECTION('',(0.,-1.,-1.5419764230905E-16));
#5103=DIRECTION('center_axis',(0.,1.,0.));
#5104=DIRECTION('ref_axis',(-0.680245562963336,0.,-0.732984293193718));
#5105=DIRECTION('center_axis',(0.680245562963337,0.,0.732984293193717));
#5106=DIRECTION('ref_axis',(0.732984293193717,0.,-0.680245562963336));
#5107=DIRECTION('center_axis',(0.,1.,0.));
#5108=DIRECTION('ref_axis',(0.,0.,1.));
#5109=DIRECTION('center_axis',(-0.680245562963336,-3.82856869892695E-16,
0.732984293193717));
#5110=DIRECTION('ref_axis',(-0.732984293193717,-3.20474742746036E-31,-0.680245562963336));
#5111=DIRECTION('center_axis',(0.,1.,0.));
#5112=DIRECTION('ref_axis',(0.680245562963336,0.,-0.732984293193718));
#5113=DIRECTION('center_axis',(0.,-1.,0.));
#5114=DIRECTION('ref_axis',(0.,0.,-1.));
#5115=DIRECTION('center_axis',(0.,-1.,0.));
#5116=DIRECTION('ref_axis',(0.,0.,-1.));
#5117=DIRECTION('center_axis',(0.,-1.,0.));
#5118=DIRECTION('ref_axis',(0.,0.,1.));
#5119=DIRECTION('center_axis',(0.,1.,0.));
#5120=DIRECTION('ref_axis',(0.,0.,1.));
#5121=DIRECTION('center_axis',(0.,1.,0.));
#5122=DIRECTION('ref_axis',(0.,0.,1.));
#5123=DIRECTION('center_axis',(0.,-1.,0.));
#5124=DIRECTION('ref_axis',(0.,0.,-1.));
#5125=DIRECTION('',(0.,-1.,0.));
#5126=DIRECTION('center_axis',(0.,1.,0.));
#5127=DIRECTION('ref_axis',(0.,0.,1.));
#5128=DIRECTION('',(0.,-1.,0.));
#5129=DIRECTION('center_axis',(0.,1.,0.));
#5130=DIRECTION('ref_axis',(0.,0.,1.));
#5131=DIRECTION('center_axis',(0.,1.,0.));
#5132=DIRECTION('ref_axis',(0.,0.,1.));
#5133=DIRECTION('',(0.,0.,1.));
#5134=DIRECTION('center_axis',(0.,-1.,0.));
#5135=DIRECTION('ref_axis',(0.,0.,1.));
#5136=DIRECTION('',(-1.,0.,1.66308340549081E-16));
#5137=DIRECTION('center_axis',(0.,-1.,0.));
#5138=DIRECTION('ref_axis',(0.,0.,-1.));
#5139=DIRECTION('',(0.,-1.,0.));
#5140=DIRECTION('center_axis',(0.,1.,0.));
#5141=DIRECTION('ref_axis',(0.,0.,1.));
#5142=DIRECTION('',(0.,-1.,0.));
#5143=DIRECTION('center_axis',(0.,1.,0.));
#5144=DIRECTION('ref_axis',(0.,0.,1.));
#5145=DIRECTION('center_axis',(0.,1.,0.));
#5146=DIRECTION('ref_axis',(0.,0.,1.));
#5147=DIRECTION('',(1.,0.,0.));
#5148=DIRECTION('center_axis',(0.,-1.,0.));
#5149=DIRECTION('ref_axis',(3.5527136788005E-15,0.,1.));
#5150=DIRECTION('',(0.,0.,1.));
#5151=DIRECTION('center_axis',(0.,-1.,0.));
#5152=DIRECTION('ref_axis',(0.,0.,-1.));
#5153=DIRECTION('',(0.,-1.,0.));
#5154=DIRECTION('center_axis',(0.,1.,0.));
#5155=DIRECTION('ref_axis',(0.,0.,1.));
#5156=DIRECTION('',(0.,-1.,0.));
#5157=DIRECTION('center_axis',(0.,1.,0.));
#5158=DIRECTION('ref_axis',(0.,0.,1.));
#5159=DIRECTION('center_axis',(0.,1.,0.));
#5160=DIRECTION('ref_axis',(0.,0.,1.));
#5161=DIRECTION('',(-1.66308340549081E-16,0.,-1.));
#5162=DIRECTION('center_axis',(0.,-1.,0.));
#5163=DIRECTION('ref_axis',(8.88178419700125E-16,0.,1.));
#5164=DIRECTION('',(1.,0.,0.));
#5165=DIRECTION('center_axis',(0.,-1.,0.));
#5166=DIRECTION('ref_axis',(0.,0.,-1.));
#5167=DIRECTION('',(0.,-1.,0.));
#5168=DIRECTION('center_axis',(0.,1.,0.));
#5169=DIRECTION('ref_axis',(0.,0.,1.));
#5170=DIRECTION('',(0.,-1.,0.));
#5171=DIRECTION('center_axis',(0.,1.,0.));
#5172=DIRECTION('ref_axis',(0.,0.,1.));
#5173=DIRECTION('center_axis',(0.,1.,0.));
#5174=DIRECTION('ref_axis',(0.,0.,1.));
#5175=DIRECTION('',(-1.,0.,1.66308340549081E-16));
#5176=DIRECTION('center_axis',(0.,-1.,0.));
#5177=DIRECTION('ref_axis',(0.,0.,1.));
#5178=DIRECTION('',(-1.66308340549081E-16,0.,-1.));
#5179=DIRECTION('center_axis',(0.,-1.,0.));
#5180=DIRECTION('ref_axis',(0.,0.,-1.));
#5181=DIRECTION('',(0.,-1.,0.));
#5182=DIRECTION('center_axis',(0.,1.,0.));
#5183=DIRECTION('ref_axis',(0.,0.,1.));
#5184=DIRECTION('',(0.,-1.,0.));
#5185=DIRECTION('center_axis',(0.,1.,0.));
#5186=DIRECTION('ref_axis',(0.,0.,1.));
#5187=DIRECTION('center_axis',(1.66308340549081E-16,0.,1.));
#5188=DIRECTION('ref_axis',(1.,0.,-1.66308340549081E-16));
#5189=DIRECTION('',(-1.,0.,1.66308340549081E-16));
#5190=DIRECTION('center_axis',(0.,1.,0.));
#5191=DIRECTION('ref_axis',(0.,0.,1.));
#5192=DIRECTION('center_axis',(0.,-1.,0.));
#5193=DIRECTION('ref_axis',(0.,0.,1.));
#5194=DIRECTION('center_axis',(1.,0.,0.));
#5195=DIRECTION('ref_axis',(0.,0.,-1.));
#5196=DIRECTION('',(0.,0.,1.));
#5197=DIRECTION('center_axis',(0.,-1.,0.));
#5198=DIRECTION('ref_axis',(0.,0.,-1.));
#5199=DIRECTION('',(0.,-1.,0.));
#5200=DIRECTION('center_axis',(0.,1.,0.));
#5201=DIRECTION('ref_axis',(0.,0.,1.));
#5202=DIRECTION('',(0.,-1.,0.));
#5203=DIRECTION('center_axis',(0.,1.,0.));
#5204=DIRECTION('ref_axis',(0.,0.,1.));
#5205=DIRECTION('center_axis',(1.,0.,0.));
#5206=DIRECTION('ref_axis',(0.,0.,-1.));
#5207=DIRECTION('',(0.,0.,1.));
#5208=DIRECTION('center_axis',(0.,1.,0.));
#5209=DIRECTION('ref_axis',(0.,0.,1.));
#5210=DIRECTION('center_axis',(0.,-1.,0.));
#5211=DIRECTION('ref_axis',(8.88178419700125E-16,0.,1.));
#5212=DIRECTION('center_axis',(0.,0.,-1.));
#5213=DIRECTION('ref_axis',(-1.,0.,0.));
#5214=DIRECTION('',(1.,0.,0.));
#5215=DIRECTION('center_axis',(0.,-1.,0.));
#5216=DIRECTION('ref_axis',(0.,0.,-1.));
#5217=DIRECTION('',(0.,-1.,0.));
#5218=DIRECTION('center_axis',(0.,1.,0.));
#5219=DIRECTION('ref_axis',(0.,0.,1.));
#5220=DIRECTION('',(0.,-1.,0.));
#5221=DIRECTION('center_axis',(0.,1.,0.));
#5222=DIRECTION('ref_axis',(0.,0.,1.));
#5223=DIRECTION('center_axis',(0.,0.,-1.));
#5224=DIRECTION('ref_axis',(-1.,0.,0.));
#5225=DIRECTION('',(1.,0.,0.));
#5226=DIRECTION('center_axis',(0.,1.,0.));
#5227=DIRECTION('ref_axis',(0.,0.,1.));
#5228=DIRECTION('center_axis',(0.,-1.,0.));
#5229=DIRECTION('ref_axis',(0.,0.,1.));
#5230=DIRECTION('center_axis',(-1.,0.,1.66308340549081E-16));
#5231=DIRECTION('ref_axis',(1.66308340549081E-16,0.,1.));
#5232=DIRECTION('',(-1.66308340549081E-16,0.,-1.));
#5233=DIRECTION('center_axis',(0.,-1.,0.));
#5234=DIRECTION('ref_axis',(0.,0.,-1.));
#5235=DIRECTION('',(0.,-1.,0.));
#5236=DIRECTION('center_axis',(0.,1.,0.));
#5237=DIRECTION('ref_axis',(0.,0.,1.));
#5238=DIRECTION('',(0.,-1.,0.));
#5239=DIRECTION('center_axis',(0.,1.,0.));
#5240=DIRECTION('ref_axis',(0.,0.,1.));
#5241=DIRECTION('center_axis',(-1.,0.,1.66308340549081E-16));
#5242=DIRECTION('ref_axis',(1.66308340549081E-16,0.,1.));
#5243=DIRECTION('',(-1.66308340549081E-16,0.,-1.));
#5244=DIRECTION('center_axis',(0.,1.,0.));
#5245=DIRECTION('ref_axis',(0.,0.,1.));
#5246=DIRECTION('center_axis',(0.,-1.,0.));
#5247=DIRECTION('ref_axis',(0.,0.,1.));
#5248=DIRECTION('center_axis',(1.66308340549081E-16,0.,1.));
#5249=DIRECTION('ref_axis',(1.,0.,-1.66308340549081E-16));
#5250=DIRECTION('',(-1.,0.,1.66308340549081E-16));
#5251=DIRECTION('center_axis',(0.,1.,0.));
#5252=DIRECTION('ref_axis',(0.,0.,1.));
#5253=DIRECTION('center_axis',(1.,0.,0.));
#5254=DIRECTION('ref_axis',(0.,0.,-1.));
#5255=DIRECTION('',(0.,1.,0.));
#5256=DIRECTION('',(0.,-1.,0.));
#5257=DIRECTION('center_axis',(0.,1.,0.));
#5258=DIRECTION('ref_axis',(0.,0.,1.));
#5259=DIRECTION('',(0.,1.,0.));
#5260=DIRECTION('',(0.,-1.,0.));
#5261=DIRECTION('center_axis',(1.,0.,0.));
#5262=DIRECTION('ref_axis',(0.,0.,-1.));
#5263=DIRECTION('',(0.,1.,0.));
#5264=DIRECTION('',(0.,-1.,0.));
#5265=DIRECTION('center_axis',(0.,-1.5419764230905E-16,1.));
#5266=DIRECTION('ref_axis',(0.,-1.,-1.5419764230905E-16));
#5267=DIRECTION('',(0.,1.,0.));
#5268=DIRECTION('',(-1.,0.,0.));
#5269=DIRECTION('',(1.,0.,0.));
#5270=DIRECTION('',(0.,1.,0.));
#5271=DIRECTION('center_axis',(-1.,0.,0.));
#5272=DIRECTION('ref_axis',(0.,0.,1.));
#5273=DIRECTION('',(0.,0.,-1.));
#5274=DIRECTION('center_axis',(-1.,0.,0.));
#5275=DIRECTION('ref_axis',(0.,0.,1.));
#5276=DIRECTION('center_axis',(-1.,0.,0.));
#5277=DIRECTION('ref_axis',(0.,0.,1.));
#5278=DIRECTION('center_axis',(0.,1.,0.));
#5279=DIRECTION('ref_axis',(0.,0.,1.));
#5280=DIRECTION('',(1.,0.,0.));
#5281=DIRECTION('',(-1.,0.,0.));
#5282=DIRECTION('center_axis',(-1.,0.,0.));
#5283=DIRECTION('ref_axis',(0.,0.,1.));
#5284=DIRECTION('center_axis',(-1.,0.,0.));
#5285=DIRECTION('ref_axis',(0.,0.,1.));
#5286=DIRECTION('',(0.,1.58184219644431E-16,1.));
#5287=DIRECTION('center_axis',(-1.,0.,0.));
#5288=DIRECTION('ref_axis',(0.,0.,1.));
#5289=DIRECTION('center_axis',(0.,-1.,1.58184219644431E-16));
#5290=DIRECTION('ref_axis',(0.,-1.58184219644431E-16,-1.));
#5291=DIRECTION('',(-1.,0.,0.));
#5292=DIRECTION('',(1.,0.,0.));
#5293=DIRECTION('center_axis',(-1.,0.,0.));
#5294=DIRECTION('ref_axis',(0.,0.,1.));
#5295=DIRECTION('center_axis',(-1.,0.,0.));
#5296=DIRECTION('ref_axis',(0.,0.,1.));
#5297=DIRECTION('center_axis',(0.,1.,0.));
#5298=DIRECTION('ref_axis',(0.,0.,1.));
#5299=DIRECTION('center_axis',(0.,1.,0.));
#5300=DIRECTION('ref_axis',(0.,0.,1.));
#5301=DIRECTION('center_axis',(0.,1.,0.));
#5302=DIRECTION('ref_axis',(0.,0.,1.));
#5303=DIRECTION('center_axis',(0.,1.,0.));
#5304=DIRECTION('ref_axis',(0.,0.,1.));
#5305=DIRECTION('center_axis',(-1.,0.,0.));
#5306=DIRECTION('ref_axis',(0.,0.,1.));
#5307=DIRECTION('center_axis',(0.,-1.,0.));
#5308=DIRECTION('ref_axis',(0.,0.,-1.));
#5309=DIRECTION('center_axis',(0.,1.,0.));
#5310=DIRECTION('ref_axis',(0.,0.,1.));
#5311=DIRECTION('center_axis',(0.,1.,0.));
#5312=DIRECTION('ref_axis',(0.,0.,1.));
#5313=DIRECTION('center_axis',(0.,-1.,0.));
#5314=DIRECTION('ref_axis',(0.,0.,-1.));
#5315=DIRECTION('center_axis',(-1.,0.,0.));
#5316=DIRECTION('ref_axis',(0.,0.,1.));
#5317=DIRECTION('center_axis',(1.,0.,0.));
#5318=DIRECTION('ref_axis',(0.,0.,-1.));
#5319=DIRECTION('center_axis',(-1.,0.,0.));
#5320=DIRECTION('ref_axis',(0.,0.,1.));
#5321=DIRECTION('center_axis',(1.,0.,0.));
#5322=DIRECTION('ref_axis',(0.,0.,-1.));
#5323=DIRECTION('center_axis',(1.,0.,0.));
#5324=DIRECTION('ref_axis',(0.,0.,-1.));
#5325=DIRECTION('center_axis',(1.,0.,0.));
#5326=DIRECTION('ref_axis',(0.,0.,-1.));
#5327=DIRECTION('center_axis',(1.,0.,0.));
#5328=DIRECTION('ref_axis',(0.,0.,-1.));
#5329=DIRECTION('center_axis',(1.,0.,0.));
#5330=DIRECTION('ref_axis',(0.,0.,-1.));
#5331=DIRECTION('center_axis',(1.,0.,0.));
#5332=DIRECTION('ref_axis',(0.,0.,-1.));
#5333=DIRECTION('center_axis',(7.59437276011507E-17,-0.939692620785909,
0.342020143325668));
#5334=DIRECTION('ref_axis',(1.,4.12824661543391E-32,-2.22044604925031E-16));
#5335=DIRECTION('',(-1.,-4.39226107481528E-32,2.22044604925031E-16));
#5336=DIRECTION('',(2.08653676733374E-16,0.342020143325669,0.939692620785909));
#5337=DIRECTION('',(1.,4.39226107481528E-32,-2.22044604925031E-16));
#5338=DIRECTION('',(2.08653676733374E-16,0.342020143325669,0.939692620785909));
#5339=DIRECTION('center_axis',(-1.,-4.39226107481528E-32,2.22044604925031E-16));
#5340=DIRECTION('ref_axis',(7.59437276011506E-17,-0.939692620785908,0.342020143325668));
#5341=DIRECTION('',(-7.59437276011507E-17,0.939692620785909,-0.342020143325668));
#5342=DIRECTION('',(7.59437276011507E-17,-0.939692620785909,0.342020143325668));
#5343=DIRECTION('',(2.08653676733374E-16,0.342020143325669,0.939692620785909));
#5344=DIRECTION('center_axis',(-7.59437276011507E-17,0.939692620785909,
-0.342020143325668));
#5345=DIRECTION('ref_axis',(-1.,-4.12824661543391E-32,2.22044604925031E-16));
#5346=DIRECTION('',(1.,4.39226107481528E-32,-2.22044604925031E-16));
#5347=DIRECTION('',(-1.,-4.39226107481528E-32,2.22044604925031E-16));
#5348=DIRECTION('',(2.08653676733374E-16,0.342020143325669,0.939692620785909));
#5349=DIRECTION('center_axis',(1.,4.39226107481528E-32,-2.22044604925031E-16));
#5350=DIRECTION('ref_axis',(-7.59437276011506E-17,0.939692620785908,-0.342020143325668));
#5351=DIRECTION('',(7.59437276011507E-17,-0.939692620785909,0.342020143325668));
#5352=DIRECTION('',(-7.59437276011507E-17,0.939692620785909,-0.342020143325668));
#5353=DIRECTION('center_axis',(2.08653676733374E-16,0.342020143325669,0.939692620785909));
#5354=DIRECTION('ref_axis',(-1.,-4.12824661543391E-32,2.22044604925031E-16));
#5355=DIRECTION('center_axis',(-2.08653676733374E-16,-0.342020143325669,
-0.939692620785909));
#5356=DIRECTION('ref_axis',(7.59437276011507E-17,-0.939692620785909,0.342020143325668));
#5357=DIRECTION('center_axis',(-2.08653676733374E-16,-0.342020143325669,
-0.939692620785909));
#5358=DIRECTION('ref_axis',(7.59437276011507E-17,-0.939692620785909,0.342020143325668));
#5359=DIRECTION('',(-2.08653676733374E-16,-0.342020143325669,-0.939692620785909));
#5360=DIRECTION('center_axis',(2.08653676733374E-16,0.342020143325669,0.939692620785909));
#5361=DIRECTION('ref_axis',(7.59437276011507E-17,-0.939692620785909,0.342020143325668));
#5362=DIRECTION('center_axis',(-2.08653676733374E-16,-0.342020143325669,
-0.939692620785909));
#5363=DIRECTION('ref_axis',(7.59437276011506E-17,-0.939692620785909,0.342020143325668));
#5364=DIRECTION('center_axis',(-2.08653676733374E-16,-0.342020143325669,
-0.939692620785909));
#5365=DIRECTION('ref_axis',(7.59437276011506E-17,-0.939692620785909,0.342020143325668));
#5366=DIRECTION('',(-2.08653676733374E-16,-0.342020143325668,-0.939692620785909));
#5367=DIRECTION('center_axis',(2.08653676733374E-16,0.342020143325669,0.939692620785909));
#5368=DIRECTION('ref_axis',(7.59437276011506E-17,-0.939692620785909,0.342020143325668));
#5369=DIRECTION('center_axis',(-2.08653676733374E-16,-0.342020143325669,
-0.939692620785909));
#5370=DIRECTION('ref_axis',(7.59437276011507E-17,-0.939692620785909,0.342020143325668));
#5371=DIRECTION('center_axis',(-2.08653676733374E-16,-0.342020143325669,
-0.939692620785909));
#5372=DIRECTION('ref_axis',(7.59437276011507E-17,-0.939692620785909,0.342020143325668));
#5373=DIRECTION('',(-2.08653676733374E-16,-0.342020143325669,-0.939692620785909));
#5374=DIRECTION('center_axis',(2.08653676733374E-16,0.342020143325669,0.939692620785909));
#5375=DIRECTION('ref_axis',(7.59437276011507E-17,-0.939692620785909,0.342020143325668));
#5376=DIRECTION('center_axis',(-2.08653676733374E-16,-0.342020143325669,
-0.939692620785909));
#5377=DIRECTION('ref_axis',(7.59437276011506E-17,-0.939692620785909,0.342020143325668));
#5378=DIRECTION('center_axis',(-2.08653676733374E-16,-0.342020143325669,
-0.939692620785909));
#5379=DIRECTION('ref_axis',(7.59437276011506E-17,-0.939692620785909,0.342020143325668));
#5380=DIRECTION('',(-2.08653676733374E-16,-0.342020143325668,-0.939692620785909));
#5381=DIRECTION('center_axis',(2.08653676733374E-16,0.342020143325669,0.939692620785909));
#5382=DIRECTION('ref_axis',(7.59437276011506E-17,-0.939692620785909,0.342020143325668));
#5383=DIRECTION('center_axis',(-2.08653676733374E-16,-0.342020143325669,
-0.939692620785909));
#5384=DIRECTION('ref_axis',(7.59437276011506E-17,-0.939692620785909,0.342020143325668));
#5385=DIRECTION('center_axis',(-2.08653676733374E-16,-0.342020143325669,
-0.939692620785909));
#5386=DIRECTION('ref_axis',(7.59437276011506E-17,-0.939692620785909,0.342020143325668));
#5387=DIRECTION('',(-2.08653676733374E-16,-0.342020143325668,-0.939692620785909));
#5388=DIRECTION('center_axis',(2.08653676733374E-16,0.342020143325669,0.939692620785909));
#5389=DIRECTION('ref_axis',(7.59437276011506E-17,-0.939692620785909,0.342020143325668));
#5390=DIRECTION('center_axis',(-2.08653676733374E-16,-0.342020143325669,
-0.939692620785909));
#5391=DIRECTION('ref_axis',(7.59437276011507E-17,-0.939692620785909,0.342020143325668));
#5392=DIRECTION('center_axis',(-2.08653676733374E-16,-0.342020143325669,
-0.939692620785909));
#5393=DIRECTION('ref_axis',(7.59437276011507E-17,-0.939692620785909,0.342020143325668));
#5394=DIRECTION('',(-2.08653676733374E-16,-0.342020143325669,-0.939692620785909));
#5395=DIRECTION('center_axis',(2.08653676733374E-16,0.342020143325669,0.939692620785909));
#5396=DIRECTION('ref_axis',(7.59437276011507E-17,-0.939692620785909,0.342020143325668));
#5397=DIRECTION('center_axis',(-2.08653676733374E-16,-0.342020143325669,
-0.939692620785909));
#5398=DIRECTION('ref_axis',(7.59437276011507E-17,-0.939692620785909,0.342020143325668));
#5399=DIRECTION('center_axis',(-2.08653676733374E-16,-0.342020143325669,
-0.939692620785909));
#5400=DIRECTION('ref_axis',(7.59437276011507E-17,-0.939692620785909,0.342020143325668));
#5401=DIRECTION('',(-2.08653676733374E-16,-0.342020143325669,-0.939692620785909));
#5402=DIRECTION('center_axis',(2.08653676733374E-16,0.342020143325669,0.939692620785909));
#5403=DIRECTION('ref_axis',(7.59437276011507E-17,-0.939692620785909,0.342020143325668));
#5404=DIRECTION('center_axis',(-2.08653676733374E-16,-0.342020143325669,
-0.939692620785909));
#5405=DIRECTION('ref_axis',(7.59437276011506E-17,-0.939692620785909,0.342020143325668));
#5406=DIRECTION('center_axis',(-2.08653676733374E-16,-0.342020143325669,
-0.939692620785909));
#5407=DIRECTION('ref_axis',(7.59437276011506E-17,-0.939692620785909,0.342020143325668));
#5408=DIRECTION('',(-2.08653676733374E-16,-0.342020143325668,-0.939692620785909));
#5409=DIRECTION('center_axis',(2.08653676733374E-16,0.342020143325669,0.939692620785909));
#5410=DIRECTION('ref_axis',(7.59437276011506E-17,-0.939692620785909,0.342020143325668));
#5411=DIRECTION('center_axis',(1.,4.39226107481528E-32,-2.22044604925031E-16));
#5412=DIRECTION('ref_axis',(7.59437276011506E-17,-0.939692620785908,0.342020143325668));
#5413=DIRECTION('',(7.59437276011507E-17,-0.939692620785909,0.342020143325668));
#5414=DIRECTION('',(-2.08653676733374E-16,-0.342020143325669,-0.939692620785909));
#5415=DIRECTION('',(7.59437276011507E-17,-0.939692620785909,0.342020143325668));
#5416=DIRECTION('',(-2.08653676733374E-16,-0.342020143325669,-0.939692620785909));
#5417=DIRECTION('center_axis',(-2.08653676733374E-16,-0.342020143325669,
-0.939692620785909));
#5418=DIRECTION('ref_axis',(-7.59437276011506E-17,0.939692620785909,-0.342020143325668));
#5419=DIRECTION('center_axis',(-2.08653676733374E-16,-0.342020143325669,
-0.939692620785909));
#5420=DIRECTION('ref_axis',(-7.59437276011506E-17,0.939692620785909,-0.342020143325668));
#5421=DIRECTION('center_axis',(-2.08653676733374E-16,-0.342020143325669,
-0.939692620785909));
#5422=DIRECTION('ref_axis',(-7.59437276011506E-17,0.939692620785909,-0.342020143325668));
#5423=DIRECTION('',(-2.08653676733374E-16,-0.342020143325669,-0.939692620785909));
#5424=DIRECTION('center_axis',(-7.59437276011507E-17,0.939692620785909,
-0.342020143325668));
#5425=DIRECTION('ref_axis',(1.,4.12824661543391E-32,-2.22044604925031E-16));
#5426=DIRECTION('',(1.,4.39226107481528E-32,-2.22044604925031E-16));
#5427=DIRECTION('',(1.,4.39226107481528E-32,-2.22044604925031E-16));
#5428=DIRECTION('',(-2.08653676733374E-16,-0.342020143325669,-0.939692620785909));
#5429=DIRECTION('center_axis',(-2.08653676733374E-16,-0.342020143325669,
-0.939692620785909));
#5430=DIRECTION('ref_axis',(-1.,1.72646084903143E-33,2.22044604925031E-16));
#5431=DIRECTION('center_axis',(-2.08653676733374E-16,-0.342020143325669,
-0.939692620785909));
#5432=DIRECTION('ref_axis',(-1.,1.72646084903143E-33,2.22044604925031E-16));
#5433=DIRECTION('center_axis',(-2.08653676733374E-16,-0.342020143325669,
-0.939692620785909));
#5434=DIRECTION('ref_axis',(-1.,1.72646084903143E-33,2.22044604925031E-16));
#5435=DIRECTION('',(-2.08653676733374E-16,-0.342020143325669,-0.939692620785909));
#5436=DIRECTION('center_axis',(-1.,-4.39226107481528E-32,2.22044604925031E-16));
#5437=DIRECTION('ref_axis',(-7.59437276011506E-17,0.939692620785908,-0.342020143325668));
#5438=DIRECTION('',(-7.59437276011507E-17,0.939692620785909,-0.342020143325668));
#5439=DIRECTION('',(-7.59437276011507E-17,0.939692620785909,-0.342020143325668));
#5440=DIRECTION('',(-2.08653676733374E-16,-0.342020143325669,-0.939692620785909));
#5441=DIRECTION('center_axis',(-2.08653676733374E-16,-0.342020143325669,
-0.939692620785909));
#5442=DIRECTION('ref_axis',(7.59437276011506E-17,-0.939692620785908,0.342020143325668));
#5443=DIRECTION('center_axis',(-2.08653676733374E-16,-0.342020143325669,
-0.939692620785909));
#5444=DIRECTION('ref_axis',(7.59437276011506E-17,-0.939692620785908,0.342020143325668));
#5445=DIRECTION('center_axis',(-2.08653676733374E-16,-0.342020143325669,
-0.939692620785909));
#5446=DIRECTION('ref_axis',(7.59437276011506E-17,-0.939692620785908,0.342020143325668));
#5447=DIRECTION('',(-2.08653676733374E-16,-0.342020143325669,-0.939692620785909));
#5448=DIRECTION('center_axis',(7.59437276011507E-17,-0.939692620785909,
0.342020143325668));
#5449=DIRECTION('ref_axis',(-1.,-4.12824661543391E-32,2.22044604925031E-16));
#5450=DIRECTION('',(-1.,-4.39226107481528E-32,2.22044604925031E-16));
#5451=DIRECTION('',(-1.,-4.39226107481528E-32,2.22044604925031E-16));
#5452=DIRECTION('',(-2.08653676733374E-16,-0.342020143325669,-0.939692620785909));
#5453=DIRECTION('center_axis',(-2.08653676733374E-16,-0.342020143325669,
-0.939692620785909));
#5454=DIRECTION('ref_axis',(1.,-1.72646084903143E-33,-2.22044604925031E-16));
#5455=DIRECTION('center_axis',(-2.08653676733374E-16,-0.342020143325669,
-0.939692620785909));
#5456=DIRECTION('ref_axis',(1.,-1.72646084903143E-33,-2.22044604925031E-16));
#5457=DIRECTION('center_axis',(-2.08653676733374E-16,-0.342020143325669,
-0.939692620785909));
#5458=DIRECTION('ref_axis',(1.,-1.72646084903143E-33,-2.22044604925031E-16));
#5459=DIRECTION('center_axis',(-2.08653676733374E-16,-0.342020143325669,
-0.939692620785909));
#5460=DIRECTION('ref_axis',(7.59437276011506E-17,-0.939692620785908,0.342020143325668));
#5461=DIRECTION('center_axis',(-2.08653676733374E-16,-0.342020143325669,
-0.939692620785909));
#5462=DIRECTION('ref_axis',(7.59437276011506E-17,-0.939692620785908,0.342020143325668));
#5463=CARTESIAN_POINT('',(0.,0.,0.));
#5464=CARTESIAN_POINT('Origin',(106.,275.,-116.329355962624));
#5465=CARTESIAN_POINT('',(106.,275.,-119.479355962624));
#5466=CARTESIAN_POINT('Origin',(106.,275.,-116.329355962624));
#5467=CARTESIAN_POINT('',(96.,275.,-119.479355962624));
#5468=CARTESIAN_POINT('',(106.,275.,-119.479355962624));
#5469=CARTESIAN_POINT('Origin',(96.,275.,-116.329355962624));
#5470=CARTESIAN_POINT('Origin',(106.,0.,-116.329355962624));
#5471=CARTESIAN_POINT('',(106.,-3.85763741731416E-16,-119.479355962624));
#5472=CARTESIAN_POINT('Origin',(106.,0.,-116.329355962624));
#5473=CARTESIAN_POINT('',(96.,-3.85763741731416E-16,-119.479355962624));
#5474=CARTESIAN_POINT('',(106.,-3.85763741731416E-16,-119.479355962624));
#5475=CARTESIAN_POINT('Origin',(96.,0.,-116.329355962624));
#5476=CARTESIAN_POINT('Origin',(106.,0.,116.329355962624));
#5477=CARTESIAN_POINT('',(106.,-3.85763741731416E-16,113.179355962624));
#5478=CARTESIAN_POINT('Origin',(106.,0.,116.329355962624));
#5479=CARTESIAN_POINT('',(96.,-3.85763741731416E-16,113.179355962624));
#5480=CARTESIAN_POINT('',(106.,-3.85763741731416E-16,113.179355962624));
#5481=CARTESIAN_POINT('Origin',(96.,0.,116.329355962624));
#5482=CARTESIAN_POINT('Origin',(221.170644037376,2.,-120.829355962624));
#5483=CARTESIAN_POINT('',(212.170644037376,2.,-120.829355962624));
#5484=CARTESIAN_POINT('Origin',(221.170644037376,2.,-120.829355962624));
#5485=CARTESIAN_POINT('',(212.170644037376,2.,-108.829355962624));
#5486=CARTESIAN_POINT('',(212.170644037376,2.,-120.829355962624));
#5487=CARTESIAN_POINT('Origin',(221.170644037376,2.,-108.829355962624));
#5488=CARTESIAN_POINT('Origin',(221.170644037376,2.,-56.8293559626241));
#5489=CARTESIAN_POINT('',(226.670644037376,2.,-120.829355962624));
#5490=CARTESIAN_POINT('Origin',(221.170644037376,2.,-120.829355962624));
#5491=CARTESIAN_POINT('',(226.670644037376,2.,-123.829355962624));
#5492=CARTESIAN_POINT('',(226.670644037376,2.,-56.8293559626241));
#5493=CARTESIAN_POINT('Origin',(221.170644037376,2.,-123.829355962624));
#5494=CARTESIAN_POINT('Origin',(134.25,131.695794825961,87.8293559626241));
#5495=CARTESIAN_POINT('',(131.954654310037,131.695794825961,108.829355962624));
#5496=CARTESIAN_POINT('Origin',(134.25,131.695794825961,108.829355962624));
#5497=CARTESIAN_POINT('',(131.954654310037,131.695794825961,123.829355962624));
#5498=CARTESIAN_POINT('',(131.954654310037,131.695794825961,87.8293559626241));
#5499=CARTESIAN_POINT('Origin',(134.25,131.695794825961,123.829355962624));
#5500=CARTESIAN_POINT('Origin',(110.000000000001,71.6957948259606,87.8293559626241));
#5501=CARTESIAN_POINT('',(96.,66.3106300188278,108.829355962624));
#5502=CARTESIAN_POINT('',(96.,77.0809596330935,108.829355962624));
#5503=CARTESIAN_POINT('Origin',(110.000000000001,71.6957948259606,108.829355962624));
#5504=CARTESIAN_POINT('',(96.,66.3106300188278,123.829355962624));
#5505=CARTESIAN_POINT('',(96.,66.3106300188278,87.8293559626241));
#5506=CARTESIAN_POINT('',(96.,77.0809596330935,123.829355962624));
#5507=CARTESIAN_POINT('Origin',(110.000000000001,71.6957948259606,123.829355962624));
#5508=CARTESIAN_POINT('',(96.,77.0809596330935,87.8293559626241));
#5509=CARTESIAN_POINT('Origin',(134.250000000001,71.6957948259606,87.8293559626241));
#5510=CARTESIAN_POINT('',(131.954654310038,71.6957948259606,108.829355962624));
#5511=CARTESIAN_POINT('Origin',(134.250000000001,71.6957948259606,108.829355962624));
#5512=CARTESIAN_POINT('',(131.954654310038,71.6957948259606,123.829355962624));
#5513=CARTESIAN_POINT('',(131.954654310038,71.6957948259606,87.8293559626241));
#5514=CARTESIAN_POINT('Origin',(134.250000000001,71.6957948259606,123.829355962624));
#5515=CARTESIAN_POINT('Origin',(110.,131.695794825961,87.8293559626241));
#5516=CARTESIAN_POINT('',(96.,126.310630018826,108.829355962624));
#5517=CARTESIAN_POINT('',(96.,137.080959633095,108.829355962624));
#5518=CARTESIAN_POINT('Origin',(110.,131.695794825961,108.829355962624));
#5519=CARTESIAN_POINT('',(96.,126.310630018826,123.829355962624));
#5520=CARTESIAN_POINT('',(96.,126.310630018826,87.8293559626241));
#5521=CARTESIAN_POINT('',(96.,137.080959633095,123.829355962624));
#5522=CARTESIAN_POINT('Origin',(110.,131.695794825961,123.829355962624));
#5523=CARTESIAN_POINT('',(96.,137.080959633095,87.8293559626241));
#5524=CARTESIAN_POINT('Origin',(0.,-28.,123.829355962624));
#5525=CARTESIAN_POINT('',(96.,35.5,123.829355962624));
#5526=CARTESIAN_POINT('',(96.,-28.,123.829355962624));
#5527=CARTESIAN_POINT('',(236.170644037376,35.5,123.829355962624));
#5528=CARTESIAN_POINT('',(60.,35.5,123.829355962624));
#5529=CARTESIAN_POINT('',(236.170644037376,181.695794825961,123.829355962624));
#5530=CARTESIAN_POINT('',(236.170644037376,290.,123.829355962624));
#5531=CARTESIAN_POINT('',(96.,181.695794825961,123.829355962624));
#5532=CARTESIAN_POINT('',(60.,181.695794825961,123.829355962624));
#5533=CARTESIAN_POINT('',(96.,-28.,123.829355962624));
#5534=CARTESIAN_POINT('',(96.,-28.,123.829355962624));
#5535=CARTESIAN_POINT('Origin',(0.,290.,0.));
#5536=CARTESIAN_POINT('',(96.,290.,86.8491665668778));
#5537=CARTESIAN_POINT('',(96.,290.,75.8426838126232));
#5538=CARTESIAN_POINT('',(96.,290.,0.));
#5539=CARTESIAN_POINT('',(236.170644037376,290.,86.8491665668777));
#5540=CARTESIAN_POINT('',(278.,290.,86.8491665668777));
#5541=CARTESIAN_POINT('',(236.170644037376,290.,75.8426838126232));
#5542=CARTESIAN_POINT('',(236.170644037376,290.,-103.829355962624));
#5543=CARTESIAN_POINT('',(241.170644037376,290.,75.8426838126232));
#5544=CARTESIAN_POINT('Origin',(0.,270.,-103.829355962624));
#5545=CARTESIAN_POINT('',(96.,289.364916731037,-108.829355962624));
#5546=CARTESIAN_POINT('',(96.,270.,-123.829355962624));
#5547=CARTESIAN_POINT('Origin',(96.,270.,-103.829355962624));
#5548=CARTESIAN_POINT('',(236.170644037376,289.364916731037,-108.829355962624));
#5549=CARTESIAN_POINT('',(0.,289.364916731037,-108.829355962624));
#5550=CARTESIAN_POINT('',(236.170644037376,270.,-123.829355962624));
#5551=CARTESIAN_POINT('Origin',(236.170644037376,270.,-103.829355962624));
#5552=CARTESIAN_POINT('',(236.170644037376,270.,-123.829355962624));
#5553=CARTESIAN_POINT('Origin',(236.170644037376,270.,-103.829355962624));
#5554=CARTESIAN_POINT('',(239.170644037376,289.131126469709,-108.829355962624));
#5555=CARTESIAN_POINT('Origin',(236.170644037376,270.,-108.829355962624));
#5556=CARTESIAN_POINT('',(241.170644037376,289.131126469709,-106.829355962624));
#5557=CARTESIAN_POINT('Ctrl Pts',(239.170644037376,289.131126469709,-108.829355962624));
#5558=CARTESIAN_POINT('Ctrl Pts',(239.420014436812,289.092022070943,-108.829355962624));
#5559=CARTESIAN_POINT('Ctrl Pts',(239.687325162323,289.057748965829,-108.779795657529));
#5560=CARTESIAN_POINT('Ctrl Pts',(240.180510703427,289.01211360014,-108.576165494077));
#5561=CARTESIAN_POINT('Ctrl Pts',(240.406371255569,289.000774648722,-108.422055869178));
#5562=CARTESIAN_POINT('Ctrl Pts',(240.76334394393,289.000774648722,-108.065083180817));
#5563=CARTESIAN_POINT('Ctrl Pts',(240.917453568829,289.012113600139,-107.839222628675));
#5564=CARTESIAN_POINT('Ctrl Pts',(241.121083732281,289.057748965829,-107.346037087571));
#5565=CARTESIAN_POINT('Ctrl Pts',(241.170644037376,289.092022070943,-107.07872636206));
#5566=CARTESIAN_POINT('Ctrl Pts',(241.170644037376,289.131126469709,-106.829355962624));
#5567=CARTESIAN_POINT('',(241.170644037376,289.364916731037,-103.829355962624));
#5568=CARTESIAN_POINT('Origin',(241.170644037376,270.,-103.829355962624));
#5569=CARTESIAN_POINT('',(256.170644037376,270.,-103.829355962624));
#5570=CARTESIAN_POINT('Origin',(236.170644037376,270.,-103.829355962624));
#5571=CARTESIAN_POINT('Origin',(236.170644037376,270.,-103.829355962624));
#5572=CARTESIAN_POINT('Origin',(236.170644037376,270.,0.));
#5573=CARTESIAN_POINT('',(241.170644037376,289.364916731037,73.8426838126232));
#5574=CARTESIAN_POINT('',(241.170644037376,289.364916731037,0.));
#5575=CARTESIAN_POINT('',(239.170644037376,289.773719933285,75.8426838126232));
#5576=CARTESIAN_POINT('Ctrl Pts',(241.170644037376,289.364916731037,73.8426838126232));
#5577=CARTESIAN_POINT('Ctrl Pts',(241.170644037376,289.364916731037,74.0940182477779));
#5578=CARTESIAN_POINT('Ctrl Pts',(241.120352112737,289.378114434424,74.3614461652764));
#5579=CARTESIAN_POINT('Ctrl Pts',(240.917504753734,289.428799300984,74.8521162015158));
#5580=CARTESIAN_POINT('Ctrl Pts',(240.765002459122,289.465970518839,75.0754128711715));
#5581=CARTESIAN_POINT('Ctrl Pts',(240.412164009515,289.545915663779,75.4309145009994));
#5582=CARTESIAN_POINT('Ctrl Pts',(240.186881007678,289.594212330492,75.5859360337397));
#5583=CARTESIAN_POINT('Ctrl Pts',(239.692644082912,289.689053606712,75.7918328268962));
#5584=CARTESIAN_POINT('Ctrl Pts',(239.423630104997,289.735337767187,75.8426838126232));
#5585=CARTESIAN_POINT('Ctrl Pts',(239.170644037376,289.773719933285,75.8426838126232));
#5586=CARTESIAN_POINT('Origin',(236.170644037376,270.,75.8426838126232));
#5587=CARTESIAN_POINT('',(256.170644037376,270.,94.2976551726732));
#5588=CARTESIAN_POINT('Origin',(236.170644037377,270.,94.2976551726732));
#5589=CARTESIAN_POINT('',(256.170644037376,270.,86.8491665668777));
#5590=CARTESIAN_POINT('Origin',(0.,-28.,-123.829355962624));
#5591=CARTESIAN_POINT('',(96.,-28.,-123.829355962624));
#5592=CARTESIAN_POINT('',(236.170644037376,-28.,-123.829355962624));
#5593=CARTESIAN_POINT('',(0.,-28.,-123.829355962624));
#5594=CARTESIAN_POINT('',(96.,-28.,-123.829355962624));
#5595=CARTESIAN_POINT('',(236.170644037376,-28.,-123.829355962624));
#5596=CARTESIAN_POINT('Origin',(256.170644037376,-28.,0.));
#5597=CARTESIAN_POINT('',(256.170644037376,-28.,-103.829355962624));
#5598=CARTESIAN_POINT('',(256.170644037376,-28.,-103.829355962624));
#5599=CARTESIAN_POINT('',(256.170644037376,244.40634927592,103.829355962624));
#5600=CARTESIAN_POINT('',(256.170644037376,39.1391414870789,180.275878880556));
#5601=CARTESIAN_POINT('',(256.170644037376,-28.,103.829355962624));
#5602=CARTESIAN_POINT('',(256.170644037376,-28.,103.829355962624));
#5603=CARTESIAN_POINT('',(256.170644037376,-28.,0.));
#5604=CARTESIAN_POINT('Origin',(0.,-28.,123.829355962624));
#5605=CARTESIAN_POINT('',(96.,-28.,123.829355962624));
#5606=CARTESIAN_POINT('',(96.,30.,123.829355962624));
#5607=CARTESIAN_POINT('',(96.,-28.,123.829355962624));
#5608=CARTESIAN_POINT('',(236.170644037376,-28.,123.829355962624));
#5609=CARTESIAN_POINT('',(0.,-28.,123.829355962624));
#5610=CARTESIAN_POINT('',(236.170644037376,30.,123.829355962624));
#5611=CARTESIAN_POINT('',(236.170644037376,290.,123.829355962624));
#5612=CARTESIAN_POINT('',(60.,30.,123.829355962624));
#5613=CARTESIAN_POINT('Origin',(0.,-28.,0.));
#5614=CARTESIAN_POINT('',(96.,-28.,0.));
#5615=CARTESIAN_POINT('Origin',(236.170644037376,-28.,-103.829355962624));
#5616=CARTESIAN_POINT('Origin',(236.170644037376,-28.,103.829355962624));
#5617=CARTESIAN_POINT('Origin',(236.170644037376,-28.,-103.829355962624));
#5618=CARTESIAN_POINT('Origin',(236.170644037376,-28.,103.829355962624));
#5619=CARTESIAN_POINT('',(246.935157494082,199.146119610341,120.685371210612));
#5620=CARTESIAN_POINT('Origin',(236.170644037376,244.406349275912,103.829355962627));
#5621=CARTESIAN_POINT('Ctrl Pts',(246.935157494083,199.146119610341,120.685371210611));
#5622=CARTESIAN_POINT('Ctrl Pts',(245.677063772137,196.988800837815,121.488809425423));
#5623=CARTESIAN_POINT('Ctrl Pts',(244.352813451465,194.794542578789,122.135826105001));
#5624=CARTESIAN_POINT('Ctrl Pts',(240.750991700391,188.935310223769,123.44416093193));
#5625=CARTESIAN_POINT('Ctrl Pts',(238.421640596044,185.254932891256,123.829355962624));
#5626=CARTESIAN_POINT('Ctrl Pts',(236.170644037376,181.695794825961,123.829355962624));
#5627=CARTESIAN_POINT('',(236.170644037376,35.5,123.829355962624));
#5628=CARTESIAN_POINT('Origin',(278.,290.,86.8491665668777));
#5629=CARTESIAN_POINT('',(96.,270.554686848274,94.0910762392155));
#5630=CARTESIAN_POINT('',(96.,290.,86.8491665668777));
#5631=CARTESIAN_POINT('',(217.1,270.554686848274,94.0910762392155));
#5632=CARTESIAN_POINT('',(217.1,270.554686848274,94.0910762392155));
#5633=CARTESIAN_POINT('',(217.1,199.146119610341,120.685371210612));
#5634=CARTESIAN_POINT('',(217.1,199.146119610341,120.685371210612));
#5635=CARTESIAN_POINT('',(236.170644037376,199.146119610341,120.685371210612));
#5636=CARTESIAN_POINT('Origin',(0.,181.695794825961,73.8293559626241));
#5637=CARTESIAN_POINT('',(96.,199.146119610341,120.685371210612));
#5638=CARTESIAN_POINT('Origin',(96.,181.695794825961,73.8293559626241));
#5639=CARTESIAN_POINT('',(217.1,199.146119610341,120.685371210612));
#5640=CARTESIAN_POINT('Origin',(60.,290.,-103.829355962624));
#5641=CARTESIAN_POINT('',(236.170644037376,287.,-103.829355962624));
#5642=CARTESIAN_POINT('',(96.,287.,-103.829355962624));
#5643=CARTESIAN_POINT('',(60.,287.,-103.829355962624));
#5644=CARTESIAN_POINT('',(96.,275.,-103.829355962624));
#5645=CARTESIAN_POINT('',(96.,290.,-103.829355962624));
#5646=CARTESIAN_POINT('',(236.170644037376,275.,-103.829355962624));
#5647=CARTESIAN_POINT('',(0.,275.,-103.829355962624));
#5648=CARTESIAN_POINT('',(236.170644037376,290.,-103.829355962624));
#5649=CARTESIAN_POINT('Origin',(236.170644037376,290.,-103.829355962624));
#5650=CARTESIAN_POINT('',(236.170644037376,275.,76.4290502669698));
#5651=CARTESIAN_POINT('',(236.170644037376,287.,71.9599571034925));
#5652=CARTESIAN_POINT('',(236.170644037376,347.12842486932,49.5666627273147));
#5653=CARTESIAN_POINT('',(236.170644037376,287.,-103.829355962624));
#5654=CARTESIAN_POINT('',(236.170644037376,275.,0.));
#5655=CARTESIAN_POINT('Origin',(0.,-28.,-108.829355962624));
#5656=CARTESIAN_POINT('',(96.,-13.,-108.829355962624));
#5657=CARTESIAN_POINT('',(96.,270.,-108.829355962624));
#5658=CARTESIAN_POINT('',(96.,-28.,-108.829355962624));
#5659=CARTESIAN_POINT('',(236.170644037376,-13.,-108.829355962624));
#5660=CARTESIAN_POINT('',(0.,-13.,-108.829355962624));
#5661=CARTESIAN_POINT('',(236.170644037376,270.,-108.829355962624));
#5662=CARTESIAN_POINT('',(236.170644037376,-28.,-108.829355962624));
#5663=CARTESIAN_POINT('',(0.,270.,-108.829355962624));
#5664=CARTESIAN_POINT('Origin',(241.170644037376,-28.,0.));
#5665=CARTESIAN_POINT('',(241.170644037376,-13.,-103.829355962624));
#5666=CARTESIAN_POINT('',(241.170644037376,270.,-103.829355962624));
#5667=CARTESIAN_POINT('',(241.170644037376,-28.,-103.829355962624));
#5668=CARTESIAN_POINT('',(241.170644037376,-13.,103.829355962624));
#5669=CARTESIAN_POINT('',(241.170644037376,-13.,0.));
#5670=CARTESIAN_POINT('',(241.170644037376,201.427206522582,103.829355962624));
#5671=CARTESIAN_POINT('',(241.170644037376,-28.,103.829355962624));
#5672=CARTESIAN_POINT('',(241.170644037376,270.,78.2911724184186));
#5673=CARTESIAN_POINT('',(241.170644037376,33.9040440517647,166.219074306159));
#5674=CARTESIAN_POINT('',(241.170644037376,270.,0.));
#5675=CARTESIAN_POINT('Origin',(0.,-28.,108.829355962624));
#5676=CARTESIAN_POINT('',(96.,-13.,108.829355962624));
#5677=CARTESIAN_POINT('',(236.170644037376,-13.,108.829355962624));
#5678=CARTESIAN_POINT('',(0.,-13.,108.829355962624));
#5679=CARTESIAN_POINT('',(96.,-28.,108.829355962624));
#5680=CARTESIAN_POINT('',(96.,-28.,108.829355962624));
#5681=CARTESIAN_POINT('',(96.,181.695794825961,108.829355962624));
#5682=CARTESIAN_POINT('',(96.,-28.,108.829355962624));
#5683=CARTESIAN_POINT('',(236.170644037376,181.695794825961,108.829355962624));
#5684=CARTESIAN_POINT('',(0.,181.695794825961,108.829355962624));
#5685=CARTESIAN_POINT('',(236.170644037376,35.5,108.829355962624));
#5686=CARTESIAN_POINT('',(236.170644037376,-28.,108.829355962624));
#5687=CARTESIAN_POINT('',(232.670644037376,35.5,108.829355962624));
#5688=CARTESIAN_POINT('',(0.,35.5,108.829355962624));
#5689=CARTESIAN_POINT('',(232.670644037376,30.,108.829355962624));
#5690=CARTESIAN_POINT('',(232.670644037376,-28.,108.829355962624));
#5691=CARTESIAN_POINT('',(236.170644037376,30.,108.829355962624));
#5692=CARTESIAN_POINT('',(0.,30.,108.829355962624));
#5693=CARTESIAN_POINT('',(236.170644037376,-28.,108.829355962624));
#5694=CARTESIAN_POINT('Origin',(0.,-13.,0.));
#5695=CARTESIAN_POINT('',(96.,-13.,0.));
#5696=CARTESIAN_POINT('Origin',(236.170644037376,-13.,103.829355962624));
#5697=CARTESIAN_POINT('Origin',(236.170644037376,-13.,-103.829355962624));
#5698=CARTESIAN_POINT('Origin',(236.170644037376,-28.,-103.829355962624));
#5699=CARTESIAN_POINT('Origin',(236.170644037376,270.,-103.829355962624));
#5700=CARTESIAN_POINT('Origin',(236.170644037376,-28.,103.829355962624));
#5701=CARTESIAN_POINT('',(240.313640489807,193.911022175027,106.628566636215));
#5702=CARTESIAN_POINT('Origin',(236.170644037544,201.427206522456,103.829355962672));
#5703=CARTESIAN_POINT('',(236.170644037376,-28.,108.829355962624));
#5704=CARTESIAN_POINT('Ctrl Pts',(240.313640489807,193.911022175027,106.628566636215));
#5705=CARTESIAN_POINT('Ctrl Pts',(240.066436983388,192.928606144342,106.994442366751));
#5706=CARTESIAN_POINT('Ctrl Pts',(239.778213933697,191.928330326082,107.316501609187));
#5707=CARTESIAN_POINT('Ctrl Pts',(238.979346872401,189.36898769086,108.015692561114));
#5708=CARTESIAN_POINT('Ctrl Pts',(238.432083459964,187.798091034883,108.328774040418));
#5709=CARTESIAN_POINT('Ctrl Pts',(237.305165402584,184.695526132808,108.735651591283));
#5710=CARTESIAN_POINT('Ctrl Pts',(236.72551464038,183.163844451329,108.829355962624));
#5711=CARTESIAN_POINT('Ctrl Pts',(236.170644037376,181.695794825961,108.829355962624));
#5712=CARTESIAN_POINT('Origin',(278.,284.764902564686,72.7923619924815));
#5713=CARTESIAN_POINT('',(96.,287.,71.9599571034925));
#5714=CARTESIAN_POINT('',(96.,274.903232461475,76.4650888623753));
#5715=CARTESIAN_POINT('',(96.,284.764902564686,72.7923619924815));
#5716=CARTESIAN_POINT('',(278.,287.,71.9599571034925));
#5717=CARTESIAN_POINT('Origin',(236.17064403738,270.000000000004,78.2911724184172));
#5718=CARTESIAN_POINT('',(233.806876020208,193.911022175027,106.628566636215));
#5719=CARTESIAN_POINT('',(278.,193.911022175027,106.628566636215));
#5720=CARTESIAN_POINT('',(233.806876020208,274.903232461475,76.4650888623753));
#5721=CARTESIAN_POINT('',(233.806876020208,284.764902564686,72.7923619924815));
#5722=CARTESIAN_POINT('',(278.,274.903232461475,76.4650888623753));
#5723=CARTESIAN_POINT('Origin',(0.,270.,-103.829355962624));
#5724=CARTESIAN_POINT('Origin',(96.,270.,-103.829355962624));
#5725=CARTESIAN_POINT('Origin',(236.170644037376,270.,-103.829355962624));
#5726=CARTESIAN_POINT('Origin',(236.170644037376,270.,-103.829355962624));
#5727=CARTESIAN_POINT('Origin',(236.170644037376,270.,-103.829355962624));
#5728=CARTESIAN_POINT('Origin',(236.170644037376,270.,0.));
#5729=CARTESIAN_POINT('Origin',(0.,181.695794825961,73.8293559626241));
#5730=CARTESIAN_POINT('',(96.,185.504670394853,108.621488218361));
#5731=CARTESIAN_POINT('Origin',(96.,181.695794825961,73.8293559626241));
#5732=CARTESIAN_POINT('',(233.806876020208,185.504670394853,108.621488218361));
#5733=CARTESIAN_POINT('',(0.,185.504670394853,108.621488218361));
#5734=CARTESIAN_POINT('Origin',(233.806876020208,181.695794825961,73.8293559626241));
#5735=CARTESIAN_POINT('Origin',(0.,287.,0.));
#5736=CARTESIAN_POINT('',(96.,287.,-108.829355962624));
#5737=CARTESIAN_POINT('',(239.170644037376,287.,-108.829355962624));
#5738=CARTESIAN_POINT('',(65.,287.,-108.829355962624));
#5739=CARTESIAN_POINT('',(96.,287.,0.));
#5740=CARTESIAN_POINT('',(96.,287.,75.8426838126232));
#5741=CARTESIAN_POINT('',(96.,287.,0.));
#5742=CARTESIAN_POINT('',(239.170644037376,287.,75.8426838126232));
#5743=CARTESIAN_POINT('',(241.170644037376,287.,75.8426838126232));
#5744=CARTESIAN_POINT('',(241.170644037376,287.,73.8426838126231));
#5745=CARTESIAN_POINT('Origin',(239.170644037376,287.,73.8426838126232));
#5746=CARTESIAN_POINT('',(241.170644037376,287.,-106.829355962624));
#5747=CARTESIAN_POINT('',(241.170644037376,287.,-108.829355962624));
#5748=CARTESIAN_POINT('Origin',(239.170644037376,287.,-106.829355962624));
#5749=CARTESIAN_POINT('Origin',(241.170644037376,287.,75.8426838126232));
#5750=CARTESIAN_POINT('',(96.,287.,75.8426838126232));
#5751=CARTESIAN_POINT('',(239.170644037376,287.,75.8426838126232));
#5752=CARTESIAN_POINT('Origin',(65.,287.,-108.829355962624));
#5753=CARTESIAN_POINT('',(96.,287.,-108.829355962624));
#5754=CARTESIAN_POINT('',(239.170644037376,288.70828693387,-108.829355962624));
#5755=CARTESIAN_POINT('Origin',(241.170644037376,287.,-108.829355962624));
#5756=CARTESIAN_POINT('',(241.170644037376,289.364916731037,73.8426838126232));
#5757=CARTESIAN_POINT('',(241.170644037376,287.,-106.829355962624));
#5758=CARTESIAN_POINT('Origin',(217.1,189.373937731088,94.4460026717386));
#5759=CARTESIAN_POINT('',(217.1,197.401087131903,115.999769685813));
#5760=CARTESIAN_POINT('',(217.1,189.373937731088,94.4460026717386));
#5761=CARTESIAN_POINT('',(96.,197.401087131903,115.999769685813));
#5762=CARTESIAN_POINT('',(217.1,197.401087131903,115.999769685813));
#5763=CARTESIAN_POINT('',(96.,189.373937731088,94.4460026717386));
#5764=CARTESIAN_POINT('Origin',(217.1,260.782504969021,67.8517077003425));
#5765=CARTESIAN_POINT('',(96.,268.809654369836,89.4054747144168));
#5766=CARTESIAN_POINT('',(96.,260.782504969021,67.8517077003425));
#5767=CARTESIAN_POINT('',(217.1,268.809654369836,89.4054747144168));
#5768=CARTESIAN_POINT('',(217.1,268.809654369836,89.4054747144168));
#5769=CARTESIAN_POINT('',(217.1,260.782504969021,67.8517077003425));
#5770=CARTESIAN_POINT('Origin',(217.1,189.373937731088,94.4460026717386));
#5771=CARTESIAN_POINT('',(217.1,197.401087131903,115.999769685813));
#5772=CARTESIAN_POINT('Origin',(78.8068760202079,179.594686567922,92.752540463423));
#5773=CARTESIAN_POINT('',(96.,189.366868447175,118.991909002296));
#5774=CARTESIAN_POINT('',(96.,179.594686567922,92.752540463423));
#5775=CARTESIAN_POINT('',(233.806876020208,189.366868447175,118.991909002296));
#5776=CARTESIAN_POINT('',(78.8068760202079,189.366868447175,118.991909002296));
#5777=CARTESIAN_POINT('',(233.806876020208,179.594686567922,92.752540463423));
#5778=CARTESIAN_POINT('Origin',(0.,61.9835540557408,166.432567292949));
#5779=CARTESIAN_POINT('',(96.,61.9835540557408,166.432567292949));
#5780=CARTESIAN_POINT('',(96.,278.393297418352,85.8362919119728));
#5781=CARTESIAN_POINT('',(96.,61.9835540557408,166.432567292949));
#5782=CARTESIAN_POINT('',(233.806876020208,278.393297418352,85.8362919119728));
#5783=CARTESIAN_POINT('',(78.8068760202079,278.393297418352,85.8362919119728));
#5784=CARTESIAN_POINT('',(233.806876020208,278.393297418352,85.8362919119728));
#5785=CARTESIAN_POINT('Origin',(78.8068760202079,268.621115539098,59.5969233730999));
#5786=CARTESIAN_POINT('',(96.,268.621115539098,59.5969233730999));
#5787=CARTESIAN_POINT('',(233.806876020208,268.621115539098,59.5969233730999));
#5788=CARTESIAN_POINT('Origin',(233.806876020208,268.621115539098,59.5969233730999));
#5789=CARTESIAN_POINT('Origin',(60.,35.5,120.829355962624));
#5790=CARTESIAN_POINT('',(96.,35.5,120.829355962624));
#5791=CARTESIAN_POINT('',(96.,35.5,120.829355962624));
#5792=CARTESIAN_POINT('',(229.670644037376,35.5,120.829355962624));
#5793=CARTESIAN_POINT('',(60.,35.5,120.829355962624));
#5794=CARTESIAN_POINT('',(232.670644037376,35.5,117.829355962624));
#5795=CARTESIAN_POINT('Origin',(229.670644037376,35.5,117.829355962624));
#5796=CARTESIAN_POINT('',(232.670644037376,35.5,99.8293559626241));
#5797=CARTESIAN_POINT('',(236.170644037376,35.5,120.829355962624));
#5798=CARTESIAN_POINT('Origin',(236.170644037376,35.5,120.829355962624));
#5799=CARTESIAN_POINT('',(236.170644037376,30.,120.829355962624));
#5800=CARTESIAN_POINT('Origin',(60.,30.,120.829355962624));
#5801=CARTESIAN_POINT('',(96.,30.,120.829355962624));
#5802=CARTESIAN_POINT('',(229.670644037376,30.,120.829355962624));
#5803=CARTESIAN_POINT('',(60.,30.,120.829355962624));
#5804=CARTESIAN_POINT('',(96.,30.,120.829355962624));
#5805=CARTESIAN_POINT('',(232.670644037376,30.,117.829355962624));
#5806=CARTESIAN_POINT('',(232.670644037376,30.,99.8293559626241));
#5807=CARTESIAN_POINT('Origin',(229.670644037376,30.,117.829355962624));
#5808=CARTESIAN_POINT('Origin',(0.,0.,120.829355962624));
#5809=CARTESIAN_POINT('',(96.,0.,120.829355962624));
#5810=CARTESIAN_POINT('',(229.670644037376,35.5,120.829355962624));
#5811=CARTESIAN_POINT('Origin',(232.670644037376,35.5,99.8293559626241));
#5812=CARTESIAN_POINT('',(232.670644037376,30.,117.829355962624));
#5813=CARTESIAN_POINT('Origin',(239.170644037376,287.,73.8426838126232));
#5814=CARTESIAN_POINT('Origin',(239.170644037376,287.,-106.829355962624));
#5815=CARTESIAN_POINT('Origin',(221.170644037376,2.,-120.829355962624));
#5816=CARTESIAN_POINT('Origin',(229.670644037376,35.5,117.829355962624));
#5817=CARTESIAN_POINT('Origin',(96.,0.,0.));
#5818=CARTESIAN_POINT('Origin',(96.,0.,0.));
#5819=CARTESIAN_POINT('Origin',(96.,0.,0.));
#5820=CARTESIAN_POINT('Origin',(96.,0.,0.));
#5821=CARTESIAN_POINT('Origin',(106.,0.,116.329355962624));
#5822=CARTESIAN_POINT('Origin',(106.,0.,-116.329355962624));
#5823=CARTESIAN_POINT('Origin',(106.,275.,-116.329355962624));
#5824=CARTESIAN_POINT('Origin',(86.,275.,-116.329355962624));
#5825=CARTESIAN_POINT('',(86.,275.,-113.179355962624));
#5826=CARTESIAN_POINT('Origin',(86.,275.,-116.329355962624));
#5827=CARTESIAN_POINT('',(96.,275.,-113.179355962624));
#5828=CARTESIAN_POINT('',(86.,275.,-113.179355962624));
#5829=CARTESIAN_POINT('Origin',(96.,275.,-116.329355962624));
#5830=CARTESIAN_POINT('Origin',(86.,0.,116.329355962624));
#5831=CARTESIAN_POINT('',(86.,-3.85763741731416E-16,119.479355962624));
#5832=CARTESIAN_POINT('Origin',(86.,0.,116.329355962624));
#5833=CARTESIAN_POINT('',(96.,-3.85763741731416E-16,119.479355962624));
#5834=CARTESIAN_POINT('',(86.,-3.85763741731416E-16,119.479355962624));
#5835=CARTESIAN_POINT('Origin',(96.,0.,116.329355962624));
#5836=CARTESIAN_POINT('Origin',(86.,0.,-116.329355962624));
#5837=CARTESIAN_POINT('',(86.,-3.85763741731416E-16,-113.179355962624));
#5838=CARTESIAN_POINT('Origin',(86.,0.,-116.329355962624));
#5839=CARTESIAN_POINT('',(96.,-3.85763741731416E-16,-113.179355962624));
#5840=CARTESIAN_POINT('',(86.,-3.85763741731416E-16,-113.179355962624));
#5841=CARTESIAN_POINT('Origin',(96.,0.,-116.329355962624));
#5842=CARTESIAN_POINT('Origin',(0.,0.,0.));
#5843=CARTESIAN_POINT('',(8.29698206422332E-15,-0.499999999999959,-67.75));
#5844=CARTESIAN_POINT('',(-8.29698206422332E-15,-0.499999999999959,67.75));
#5845=CARTESIAN_POINT('Origin',(0.,-0.499999999999959,0.));
#5846=CARTESIAN_POINT('Origin',(0.,-0.499999999999959,0.));
#5847=CARTESIAN_POINT('',(-8.23574972426595E-15,2.58733708305581E-15,67.25));
#5848=CARTESIAN_POINT('',(-8.23574972426595E-15,0.,67.25));
#5849=CARTESIAN_POINT('Origin',(0.,0.,0.));
#5850=CARTESIAN_POINT('Origin',(0.,-0.500000000000042,0.));
#5851=CARTESIAN_POINT('',(-9.22159039757957E-15,-0.500000000000048,-75.3));
#5852=CARTESIAN_POINT('Origin',(0.,-0.500000000000042,0.));
#5853=CARTESIAN_POINT('',(-9.28282273753694E-15,0.,-75.8));
#5854=CARTESIAN_POINT('',(-9.22159039757957E-15,-0.500000000000042,-75.3));
#5855=CARTESIAN_POINT('',(44.3274306880863,0.,61.4875506797345));
#5856=CARTESIAN_POINT('Origin',(0.,0.,0.));
#5857=CARTESIAN_POINT('',(47.255278925724,-0.299998333417116,58.8828402958731));
#5858=CARTESIAN_POINT('Ctrl Pts',(47.2552800761925,-0.299996389364814,58.8828417293742));
#5859=CARTESIAN_POINT('Ctrl Pts',(46.7439121261501,-0.299990966888176,59.2932370905443));
#5860=CARTESIAN_POINT('Ctrl Pts',(46.2408465495141,-0.276714105615613,59.7157918752979));
#5861=CARTESIAN_POINT('Ctrl Pts',(45.2623775180021,-0.178621568030565,60.5832918300114));
#5862=CARTESIAN_POINT('Ctrl Pts',(44.7852297684113,-0.103606984997656,61.0297916257234));
#5863=CARTESIAN_POINT('Ctrl Pts',(44.3274867876637,5.99681604401825E-5,
61.4875841635222));
#5864=CARTESIAN_POINT('',(47.2552778162799,-0.300000000000042,-58.8828389134407));
#5865=CARTESIAN_POINT('Origin',(0.,-0.300000000000042,0.));
#5866=CARTESIAN_POINT('',(44.3274306880862,0.,-61.4875506797345));
#5867=CARTESIAN_POINT('Ctrl Pts',(44.3274867876622,5.99681588746639E-5,
-61.4875841635214));
#5868=CARTESIAN_POINT('Ctrl Pts',(44.7852297684101,-0.103606984998988,-61.0297916257226));
#5869=CARTESIAN_POINT('Ctrl Pts',(45.2623775180013,-0.178621568031611,-60.5832918300107));
#5870=CARTESIAN_POINT('Ctrl Pts',(46.2408465495138,-0.27671410561607,-59.7157918752976));
#5871=CARTESIAN_POINT('Ctrl Pts',(46.7439121261501,-0.299990966888352,-59.2932370905441));
#5872=CARTESIAN_POINT('Ctrl Pts',(47.2552800761927,-0.299996389364802,-58.8828417293741));
#5873=CARTESIAN_POINT('Origin',(0.,0.,0.));
#5874=CARTESIAN_POINT('Origin',(0.,-5.,0.));
#5875=CARTESIAN_POINT('',(-8.29698206422332E-15,-5.,-67.75));
#5876=CARTESIAN_POINT('',(-8.29698206422332E-15,-5.,-67.75));
#5877=CARTESIAN_POINT('Origin',(0.,-5.,0.));
#5878=CARTESIAN_POINT('Origin',(0.,-5.,0.));
#5879=CARTESIAN_POINT('',(-9.22159039757957E-15,-5.,-75.3));
#5880=CARTESIAN_POINT('Origin',(0.,-5.,0.));
#5881=CARTESIAN_POINT('',(-9.22159039757957E-15,-5.,-75.3));
#5882=CARTESIAN_POINT('Origin',(85.75,131.695794825961,87.8293559626241));
#5883=CARTESIAN_POINT('',(84.15,131.695794825961,108.829355962624));
#5884=CARTESIAN_POINT('Origin',(85.75,131.695794825961,108.829355962624));
#5885=CARTESIAN_POINT('',(84.15,131.695794825961,123.829355962624));
#5886=CARTESIAN_POINT('',(84.15,131.695794825961,87.8293559626241));
#5887=CARTESIAN_POINT('Origin',(85.75,131.695794825961,123.829355962624));
#5888=CARTESIAN_POINT('Origin',(85.7500000000007,71.6957948259606,87.8293559626241));
#5889=CARTESIAN_POINT('',(84.1500000000006,71.6957948259606,108.829355962624));
#5890=CARTESIAN_POINT('Origin',(85.7500000000007,71.6957948259606,108.829355962624));
#5891=CARTESIAN_POINT('',(84.1500000000006,71.6957948259606,123.829355962624));
#5892=CARTESIAN_POINT('',(84.1500000000006,71.6957948259606,87.8293559626241));
#5893=CARTESIAN_POINT('Origin',(85.7500000000007,71.6957948259606,123.829355962624));
#5894=CARTESIAN_POINT('Origin',(0.,-28.,123.829355962624));
#5895=CARTESIAN_POINT('',(96.,35.5,123.829355962624));
#5896=CARTESIAN_POINT('',(60.,35.5,123.829355962624));
#5897=CARTESIAN_POINT('',(60.,35.5,123.829355962624));
#5898=CARTESIAN_POINT('',(96.,66.3106300188278,123.829355962624));
#5899=CARTESIAN_POINT('',(96.,-28.,123.829355962624));
#5900=CARTESIAN_POINT('',(96.,77.0809596330935,123.829355962624));
#5901=CARTESIAN_POINT('Origin',(110.000000000001,71.6957948259606,123.829355962624));
#5902=CARTESIAN_POINT('',(96.,126.310630018826,123.829355962624));
#5903=CARTESIAN_POINT('',(96.,-28.,123.829355962624));
#5904=CARTESIAN_POINT('',(96.,137.080959633095,123.829355962624));
#5905=CARTESIAN_POINT('Origin',(110.,131.695794825961,123.829355962624));
#5906=CARTESIAN_POINT('',(96.,181.695794825961,123.829355962624));
#5907=CARTESIAN_POINT('',(96.,-28.,123.829355962624));
#5908=CARTESIAN_POINT('',(60.,181.695794825961,123.829355962624));
#5909=CARTESIAN_POINT('',(60.,181.695794825961,123.829355962624));
#5910=CARTESIAN_POINT('',(60.,30.,123.829355962624));
#5911=CARTESIAN_POINT('Origin',(0.,290.,0.));
#5912=CARTESIAN_POINT('',(96.,290.,86.8491665668778));
#5913=CARTESIAN_POINT('',(70.,290.,86.8491665668777));
#5914=CARTESIAN_POINT('',(278.,290.,86.8491665668777));
#5915=CARTESIAN_POINT('',(96.,290.,75.8426838126232));
#5916=CARTESIAN_POINT('',(96.,290.,0.));
#5917=CARTESIAN_POINT('',(70.,290.,75.8426838126232));
#5918=CARTESIAN_POINT('',(241.170644037376,290.,75.8426838126232));
#5919=CARTESIAN_POINT('',(70.,290.,86.8491665668777));
#5920=CARTESIAN_POINT('Origin',(0.,270.,-103.829355962624));
#5921=CARTESIAN_POINT('',(67.5000000000218,289.364916072642,-108.82935594999));
#5922=CARTESIAN_POINT('',(96.,289.364916731037,-108.829355962624));
#5923=CARTESIAN_POINT('',(0.,289.364916731037,-108.829355962624));
#5924=CARTESIAN_POINT('',(96.,270.,-123.829355962624));
#5925=CARTESIAN_POINT('Origin',(96.,270.,-103.829355962624));
#5926=CARTESIAN_POINT('',(60.,270.,-123.829355962624));
#5927=CARTESIAN_POINT('',(236.170644037376,270.,-123.829355962624));
#5928=CARTESIAN_POINT('Ctrl Pts',(60.,270.,-123.829355962624));
#5929=CARTESIAN_POINT('Ctrl Pts',(59.9999999999995,270.313275893908,-123.829355962624));
#5930=CARTESIAN_POINT('Ctrl Pts',(60.0036837891105,270.629303606127,-123.821988206521));
#5931=CARTESIAN_POINT('Ctrl Pts',(60.0112293930703,270.947509035851,-123.806896664362));
#5932=CARTESIAN_POINT('Ctrl Pts',(60.0168004366244,271.18244534017,-123.795754330479));
#5933=CARTESIAN_POINT('Ctrl Pts',(60.0244762464791,271.418567970974,-123.780402378813));
#5934=CARTESIAN_POINT('Ctrl Pts',(60.0343222118868,271.655634208538,-123.760710040246));
#5935=CARTESIAN_POINT('Ctrl Pts',(60.0476259707827,271.975955470731,-123.734101971504));
#5936=CARTESIAN_POINT('Ctrl Pts',(60.0648926243895,272.298000066339,-123.699567974915));
#5937=CARTESIAN_POINT('Ctrl Pts',(60.0862514363829,272.621145851799,-123.656849547757));
#5938=CARTESIAN_POINT('Ctrl Pts',(60.1011752929829,272.846934690833,-123.627001273364));
#5939=CARTESIAN_POINT('Ctrl Pts',(60.1180965784264,273.0732605142,-123.593158085765));
#5940=CARTESIAN_POINT('Ctrl Pts',(60.1370535658444,273.299903473554,-123.55524344748));
#5941=CARTESIAN_POINT('Ctrl Pts',(60.1641844072988,273.624270107417,-123.500980815058));
#5942=CARTESIAN_POINT('Ctrl Pts',(60.1954858780258,273.949286771546,-123.438376828347));
#5943=CARTESIAN_POINT('Ctrl Pts',(60.2310358881669,274.274295478128,-123.367275693525));
#5944=CARTESIAN_POINT('Ctrl Pts',(60.254641712628,274.490106906744,-123.320063304529));
#5945=CARTESIAN_POINT('Ctrl Pts',(60.2801203542624,274.705914367867,-123.269105250656));
#5946=CARTESIAN_POINT('Ctrl Pts',(60.3074893267537,274.921520698475,-123.214366512387));
#5947=CARTESIAN_POINT('Ctrl Pts',(60.3487918606638,275.246892350042,-123.131760247419));
#5948=CARTESIAN_POINT('Ctrl Pts',(60.3944004727782,275.571806094832,-123.040541774409));
#5949=CARTESIAN_POINT('Ctrl Pts',(60.4443395145247,275.895581114717,-122.940662417435));
#5950=CARTESIAN_POINT('Ctrl Pts',(60.4759751531447,276.100687764045,-122.877390333463));
#5951=CARTESIAN_POINT('Ctrl Pts',(60.5093481473152,276.305337162166,-122.810643528476));
#5952=CARTESIAN_POINT('Ctrl Pts',(60.5444599509988,276.509354112743,-122.740419101294));
#5953=CARTESIAN_POINT('Ctrl Pts',(60.5998897945054,276.831428926816,-122.629558120067));
#5954=CARTESIAN_POINT('Ctrl Pts',(60.6596610861546,277.151921347643,-122.510014234688));
#5955=CARTESIAN_POINT('Ctrl Pts',(60.7237348290187,277.470156852009,-122.381865464869));
#5956=CARTESIAN_POINT('Ctrl Pts',(60.788190231991,277.79028795029,-122.252953367186));
#5957=CARTESIAN_POINT('Ctrl Pts',(60.8569994678129,278.108134818078,-122.115333622045));
#5958=CARTESIAN_POINT('Ctrl Pts',(60.9300991930933,278.423010330205,-121.969132941174));
#5959=CARTESIAN_POINT('Ctrl Pts',(61.0037162772837,278.740114354835,-121.821897533776));
#5960=CARTESIAN_POINT('Ctrl Pts',(61.0816847657428,279.054204441652,-121.665959361678));
#5961=CARTESIAN_POINT('Ctrl Pts',(61.1639164839783,279.364583744883,-121.501494797383));
#5962=CARTESIAN_POINT('Ctrl Pts',(61.1794768810379,279.423315646648,-121.47037378985));
#5963=CARTESIAN_POINT('Ctrl Pts',(61.1951898634431,279.481914701725,-121.438947614031));
#5964=CARTESIAN_POINT('Ctrl Pts',(61.2110547416652,279.540376225788,-121.407217649133));
#5965=CARTESIAN_POINT('Ctrl Pts',(61.2949070509056,279.849369066814,-121.23951192889));
#5966=CARTESIAN_POINT('Ctrl Pts',(61.3830037985344,280.154516250622,-121.063317403487));
#5967=CARTESIAN_POINT('Ctrl Pts',(61.4751940877947,280.45517283868,-120.878935887228));
#5968=CARTESIAN_POINT('Ctrl Pts',(61.5678327913727,280.757291822831,-120.693657537771));
#5969=CARTESIAN_POINT('Ctrl Pts',(61.6646048688519,281.054876050305,-120.500112533856));
#5970=CARTESIAN_POINT('Ctrl Pts',(61.7653350852916,281.347289255849,-120.298651363418));
#5971=CARTESIAN_POINT('Ctrl Pts',(61.8664861843603,281.640924256036,-120.096348424639));
#5972=CARTESIAN_POINT('Ctrl Pts',(61.9716284703239,281.92934455315,-119.886063224437));
#5973=CARTESIAN_POINT('Ctrl Pts',(62.0805636412246,282.211929756022,-119.668192381401));
#5974=CARTESIAN_POINT('Ctrl Pts',(62.0931808776997,282.244659721005,-119.642957850396));
#5975=CARTESIAN_POINT('Ctrl Pts',(62.1058489739728,282.277311437876,-119.617621601495));
#5976=CARTESIAN_POINT('Ctrl Pts',(62.118567604898,282.309883966896,-119.592184285009));
#5977=CARTESIAN_POINT('Ctrl Pts',(62.2289150981494,282.592484896775,-119.371488824487));
#5978=CARTESIAN_POINT('Ctrl Pts',(62.3430671440975,282.869120073682,-119.143184388431));
#5979=CARTESIAN_POINT('Ctrl Pts',(62.460767140374,283.139246343301,-118.907784191807));
#5980=CARTESIAN_POINT('Ctrl Pts',(62.583674529775,283.42132379154,-118.661969199905));
#5981=CARTESIAN_POINT('Ctrl Pts',(62.7104507193862,283.696302987931,-118.408416760414));
#5982=CARTESIAN_POINT('Ctrl Pts',(62.8407837125116,283.963606656029,-118.147750872896));
#5983=CARTESIAN_POINT('Ctrl Pts',(62.971116705637,284.230910324127,-117.887084985378));
#5984=CARTESIAN_POINT('Ctrl Pts',(63.1050063095478,284.490538087261,-117.619306035324));
#5985=CARTESIAN_POINT('Ctrl Pts',(63.242123129088,284.741960453633,-117.345072813128));
#5986=CARTESIAN_POINT('Ctrl Pts',(63.3744103222069,284.984527042081,-117.08049882909));
#5987=CARTESIAN_POINT('Ctrl Pts',(63.5096999917485,285.219454232044,-116.809920040364));
#5988=CARTESIAN_POINT('Ctrl Pts',(63.6476548623328,285.44637608419,-116.534010991648));
#5989=CARTESIAN_POINT('Ctrl Pts',(63.7851720218491,285.672577945763,-116.25897736287));
#5990=CARTESIAN_POINT('Ctrl Pts',(63.9253373088356,285.890824986731,-115.978647620353));
#5991=CARTESIAN_POINT('Ctrl Pts',(64.0678076906326,286.100802406716,-115.693707817596));
#5992=CARTESIAN_POINT('Ctrl Pts',(64.2092863108599,286.309318136677,-115.410751531289));
#5993=CARTESIAN_POINT('Ctrl Pts',(64.3530378632467,286.509678832633,-115.123249508245));
#5994=CARTESIAN_POINT('Ctrl Pts',(64.4987203452987,286.701625838654,-114.8318857361));
#5995=CARTESIAN_POINT('Ctrl Pts',(64.5160939622962,286.724516811676,-114.797138644254));
#5996=CARTESIAN_POINT('Ctrl Pts',(64.5334950360159,286.7472881836,-114.762336640525));
#5997=CARTESIAN_POINT('Ctrl Pts',(64.5509229824423,286.769939564697,-114.727480892908));
#5998=CARTESIAN_POINT('Ctrl Pts',(64.6979917744443,286.961087229128,-114.433344534505));
#5999=CARTESIAN_POINT('Ctrl Pts',(64.8469731151908,287.143684449283,-114.135383187767));
#6000=CARTESIAN_POINT('Ctrl Pts',(64.9974933312312,287.317593251517,-113.834344174862));
#6001=CARTESIAN_POINT('Ctrl Pts',(65.1470035218576,287.490335085522,-113.535325203262));
#6002=CARTESIAN_POINT('Ctrl Pts',(65.2980318253262,287.654504663066,-113.233270089245));
#6003=CARTESIAN_POINT('Ctrl Pts',(65.4502126557585,287.810018008566,-112.928909974903));
#6004=CARTESIAN_POINT('Ctrl Pts',(65.6008476947911,287.963951712326,-112.627641427652));
#6005=CARTESIAN_POINT('Ctrl Pts',(65.7526118071966,288.109404147563,-112.324114786143));
#6006=CARTESIAN_POINT('Ctrl Pts',(65.9051535453815,288.246344540312,-112.019032911895));
#6007=CARTESIAN_POINT('Ctrl Pts',(65.9397604502558,288.277411992419,-111.949819465617));
#6008=CARTESIAN_POINT('Ctrl Pts',(65.9744073971866,288.308041543606,-111.880525936176));
#6009=CARTESIAN_POINT('Ctrl Pts',(66.0090903177142,288.338233201826,-111.811160460065));
#6010=CARTESIAN_POINT('Ctrl Pts',(66.1628552873144,288.472086387711,-111.503632138826));
#6011=CARTESIAN_POINT('Ctrl Pts',(66.3173250575426,288.597327556594,-111.19469422692));
#6012=CARTESIAN_POINT('Ctrl Pts',(66.4721361798622,288.714052011774,-110.885073581501));
#6013=CARTESIAN_POINT('Ctrl Pts',(66.6258600786363,288.82995672239,-110.577627371943));
#6014=CARTESIAN_POINT('Ctrl Pts',(66.7799204138306,288.937463985997,-110.269508260575));
#6015=CARTESIAN_POINT('Ctrl Pts',(66.9339706439553,289.036713930939,-109.961409287832));
#6016=CARTESIAN_POINT('Ctrl Pts',(67.0866381955388,289.135073057549,-109.65607565882));
#6017=CARTESIAN_POINT('Ctrl Pts',(67.2392957087141,289.225322520566,-109.350762036337));
#6018=CARTESIAN_POINT('Ctrl Pts',(67.3916169223583,289.30764367258,-109.046120898535));
#6019=CARTESIAN_POINT('Ctrl Pts',(67.4277649004979,289.327179646147,-108.973825248269));
#6020=CARTESIAN_POINT('Ctrl Pts',(67.4638939923747,289.346269310239,-108.901567364077));
#6021=CARTESIAN_POINT('Ctrl Pts',(67.4999999402544,289.364915455769,-108.82935576082));
#6022=CARTESIAN_POINT('Origin',(0.,-28.,-123.829355962624));
#6023=CARTESIAN_POINT('',(96.,-28.,-123.829355962624));
#6024=CARTESIAN_POINT('',(96.,-28.,-123.829355962624));
#6025=CARTESIAN_POINT('',(0.,-28.,-123.829355962624));
#6026=CARTESIAN_POINT('',(0.,-28.,-123.829355962624));
#6027=CARTESIAN_POINT('',(0.,-10.,-123.829355962624));
#6028=CARTESIAN_POINT('',(0.,-28.,-123.829355962624));
#6029=CARTESIAN_POINT('',(20.,-10.,-123.829355962624));
#6030=CARTESIAN_POINT('',(20.,-10.,-123.829355962624));
#6031=CARTESIAN_POINT('',(60.,30.,-123.829355962624));
#6032=CARTESIAN_POINT('Origin',(20.,30.,-123.829355962624));
#6033=CARTESIAN_POINT('',(60.,-28.,-123.829355962624));
#6034=CARTESIAN_POINT('Origin',(0.,-28.,123.829355962624));
#6035=CARTESIAN_POINT('',(0.,-28.,123.829355962624));
#6036=CARTESIAN_POINT('',(96.,-28.,123.829355962624));
#6037=CARTESIAN_POINT('',(0.,-28.,123.829355962624));
#6038=CARTESIAN_POINT('',(96.,30.,123.829355962624));
#6039=CARTESIAN_POINT('',(96.,-28.,123.829355962624));
#6040=CARTESIAN_POINT('',(60.,30.,123.829355962624));
#6041=CARTESIAN_POINT('',(60.,30.,123.829355962624));
#6042=CARTESIAN_POINT('',(20.,-10.,123.829355962624));
#6043=CARTESIAN_POINT('Origin',(20.,30.,123.829355962624));
#6044=CARTESIAN_POINT('',(0.,-10.,123.829355962624));
#6045=CARTESIAN_POINT('',(0.,-10.,123.829355962624));
#6046=CARTESIAN_POINT('',(0.,-28.,123.829355962624));
#6047=CARTESIAN_POINT('Origin',(0.,-28.,0.));
#6048=CARTESIAN_POINT('',(96.,-28.,0.));
#6049=CARTESIAN_POINT('Origin',(0.,-28.,0.));
#6050=CARTESIAN_POINT('Origin',(278.,290.,86.8491665668777));
#6051=CARTESIAN_POINT('',(96.,199.146119610341,120.685371210612));
#6052=CARTESIAN_POINT('',(96.,199.146119610341,120.685371210612));
#6053=CARTESIAN_POINT('',(50.,270.,94.2976551726732));
#6054=CARTESIAN_POINT('Origin',(69.9999999999976,270.000000000002,94.2976551726724));
#6055=CARTESIAN_POINT('',(50.,217.555264366643,113.829355962624));
#6056=CARTESIAN_POINT('',(50.,290.,86.8491665668777));
#6057=CARTESIAN_POINT('',(52.7202297481745,199.146119610341,120.685371210612));
#6058=CARTESIAN_POINT('Origin',(60.0000000000349,217.555264366676,113.829355962612));
#6059=CARTESIAN_POINT('',(236.170644037376,199.146119610341,120.685371210612));
#6060=CARTESIAN_POINT('Origin',(0.,181.695794825961,73.8293559626241));
#6061=CARTESIAN_POINT('Origin',(96.,181.695794825961,73.8293559626241));
#6062=CARTESIAN_POINT('Ctrl Pts',(60.,181.695794825961,123.829355962624));
#6063=CARTESIAN_POINT('Ctrl Pts',(58.8874574295997,184.183515641238,123.829355962624));
#6064=CARTESIAN_POINT('Ctrl Pts',(57.7279731877207,186.773296012283,123.641056251886));
#6065=CARTESIAN_POINT('Ctrl Pts',(55.4773446520777,191.996812130997,122.828086140044));
#6066=CARTESIAN_POINT('Ctrl Pts',(54.3862296451171,194.63061244901,122.203749576101));
#6067=CARTESIAN_POINT('Ctrl Pts',(53.1786103114075,197.862111035449,121.148628227988));
#6068=CARTESIAN_POINT('Ctrl Pts',(52.9447080108941,198.506116581947,120.923723973845));
#6069=CARTESIAN_POINT('Ctrl Pts',(52.7202297481745,199.146119610341,120.685371210612));
#6070=CARTESIAN_POINT('Origin',(60.,290.,-103.829355962624));
#6071=CARTESIAN_POINT('',(96.,287.,-103.829355962624));
#6072=CARTESIAN_POINT('',(96.,275.,-103.829355962624));
#6073=CARTESIAN_POINT('',(96.,290.,-103.829355962624));
#6074=CARTESIAN_POINT('',(70.,287.,-103.829355962624));
#6075=CARTESIAN_POINT('',(60.,287.,-103.829355962624));
#6076=CARTESIAN_POINT('',(70.,275.,-103.829355962624));
#6077=CARTESIAN_POINT('',(70.,290.,-103.829355962624));
#6078=CARTESIAN_POINT('',(0.,275.,-103.829355962624));
#6079=CARTESIAN_POINT('Origin',(0.,-28.,-108.829355962624));
#6080=CARTESIAN_POINT('',(33.2664991614217,-13.,-108.829355962624));
#6081=CARTESIAN_POINT('',(96.,-13.,-108.829355962624));
#6082=CARTESIAN_POINT('',(0.,-13.,-108.829355962624));
#6083=CARTESIAN_POINT('',(96.,270.,-108.829355962624));
#6084=CARTESIAN_POINT('',(96.,-28.,-108.829355962624));
#6085=CARTESIAN_POINT('',(65.,270.,-108.829355962624));
#6086=CARTESIAN_POINT('',(0.,270.,-108.829355962624));
#6087=CARTESIAN_POINT('',(65.,240.,-108.829355962624));
#6088=CARTESIAN_POINT('',(65.,-28.,-108.829355962624));
#6089=CARTESIAN_POINT('',(53.,240.,-108.829355962624));
#6090=CARTESIAN_POINT('',(47.,240.,-108.829355962624));
#6091=CARTESIAN_POINT('',(53.,243.,-108.829355962624));
#6092=CARTESIAN_POINT('',(53.,245.,-108.829355962624));
#6093=CARTESIAN_POINT('',(50.,243.,-108.829355962624));
#6094=CARTESIAN_POINT('',(0.,243.,-108.829355962624));
#6095=CARTESIAN_POINT('',(50.,57.,-108.829355962624));
#6096=CARTESIAN_POINT('',(50.,290.,-108.829355962624));
#6097=CARTESIAN_POINT('',(53.,57.,-108.829355962624));
#6098=CARTESIAN_POINT('',(0.,57.,-108.829355962624));
#6099=CARTESIAN_POINT('',(53.,60.,-108.829355962624));
#6100=CARTESIAN_POINT('',(53.,245.,-108.829355962624));
#6101=CARTESIAN_POINT('',(65.,60.,-108.829355962624));
#6102=CARTESIAN_POINT('',(47.,60.,-108.829355962624));
#6103=CARTESIAN_POINT('',(65.,30.,-108.829355962624));
#6104=CARTESIAN_POINT('',(65.,-28.,-108.829355962624));
#6105=CARTESIAN_POINT('Origin',(20.,30.,-108.829355962624));
#6106=CARTESIAN_POINT('Origin',(0.,-28.,108.829355962624));
#6107=CARTESIAN_POINT('',(96.,-13.,108.829355962624));
#6108=CARTESIAN_POINT('',(96.,66.3106300188278,108.829355962624));
#6109=CARTESIAN_POINT('',(96.,-28.,108.829355962624));
#6110=CARTESIAN_POINT('',(33.2664991614217,-13.,108.829355962624));
#6111=CARTESIAN_POINT('',(0.,-13.,108.829355962624));
#6112=CARTESIAN_POINT('',(65.,30.,108.829355962624));
#6113=CARTESIAN_POINT('Origin',(20.,30.,108.829355962624));
#6114=CARTESIAN_POINT('',(65.,181.695794825961,108.829355962624));
#6115=CARTESIAN_POINT('',(65.,-28.,108.829355962624));
#6116=CARTESIAN_POINT('',(96.,181.695794825961,108.829355962624));
#6117=CARTESIAN_POINT('',(0.,181.695794825961,108.829355962624));
#6118=CARTESIAN_POINT('',(96.,137.080959633095,108.829355962624));
#6119=CARTESIAN_POINT('',(96.,-28.,108.829355962624));
#6120=CARTESIAN_POINT('',(96.,126.310630018826,108.829355962624));
#6121=CARTESIAN_POINT('Origin',(110.,131.695794825961,108.829355962624));
#6122=CARTESIAN_POINT('',(96.,77.0809596330935,108.829355962624));
#6123=CARTESIAN_POINT('',(96.,-28.,108.829355962624));
#6124=CARTESIAN_POINT('Origin',(110.000000000001,71.6957948259606,108.829355962624));
#6125=CARTESIAN_POINT('Origin',(0.,-13.,0.));
#6126=CARTESIAN_POINT('',(96.,-13.,0.));
#6127=CARTESIAN_POINT('',(33.2665180333277,-12.9999980874103,-88.9569674449752));
#6128=CARTESIAN_POINT('',(33.2664991614217,-13.,-56.5707521604583));
#6129=CARTESIAN_POINT('',(43.1317329718673,-13.,-79.5606913673048));
#6130=CARTESIAN_POINT('Ctrl Pts',(33.2665371796272,-13.,-88.9569653552703));
#6131=CARTESIAN_POINT('Ctrl Pts',(33.2665526681943,-13.,-88.7210911090722));
#6132=CARTESIAN_POINT('Ctrl Pts',(33.3156660900973,-13.,-88.4848785150202));
#6133=CARTESIAN_POINT('Ctrl Pts',(33.5182499821727,-13.,-87.8699307719013));
#6134=CARTESIAN_POINT('Ctrl Pts',(33.7586733885686,-13.,-87.3994108317577));
#6135=CARTESIAN_POINT('Ctrl Pts',(34.9689541700613,-13.,-85.7369230709181));
#6136=CARTESIAN_POINT('Ctrl Pts',(36.1664170410132,-13.0000000000139,-84.562886075431));
#6137=CARTESIAN_POINT('Ctrl Pts',(38.9991398246175,-13.0000000000139,-82.1582931776069));
#6138=CARTESIAN_POINT('Ctrl Pts',(41.0093616642187,-13.,-80.7114012976085));
#6139=CARTESIAN_POINT('Ctrl Pts',(43.1317555284408,-13.,-79.560732971439));
#6140=CARTESIAN_POINT('',(43.1317329718673,-13.,79.5606913673048));
#6141=CARTESIAN_POINT('Origin',(0.,-13.,0.));
#6142=CARTESIAN_POINT('',(33.266518288295,-13.0000019181909,88.9569686915203));
#6143=CARTESIAN_POINT('Ctrl Pts',(43.1317555284405,-13.,79.5607329714384));
#6144=CARTESIAN_POINT('Ctrl Pts',(41.014681283465,-13.,80.7085172347237));
#6145=CARTESIAN_POINT('Ctrl Pts',(39.0093608064074,-13.0000000000132,82.1509749876094));
#6146=CARTESIAN_POINT('Ctrl Pts',(36.1723836593334,-13.0000000000132,84.5567675415362));
#6147=CARTESIAN_POINT('Ctrl Pts',(34.9683707901617,-13.,85.7365473675836));
#6148=CARTESIAN_POINT('Ctrl Pts',(33.756719444273,-13.,87.4027435999341));
#6149=CARTESIAN_POINT('Ctrl Pts',(33.5169935554028,-13.,87.872709251615));
#6150=CARTESIAN_POINT('Ctrl Pts',(33.315335785841,-13.,88.4864773476139));
#6151=CARTESIAN_POINT('Ctrl Pts',(33.2665526161142,-13.,88.7218842167916));
#6152=CARTESIAN_POINT('Ctrl Pts',(33.2665371796272,-13.,88.9569653552716));
#6153=CARTESIAN_POINT('',(33.2664991614217,-13.,123.829355962624));
#6154=CARTESIAN_POINT('Origin',(278.,284.764902564686,72.7923619924815));
#6155=CARTESIAN_POINT('',(96.,287.,71.9599571034925));
#6156=CARTESIAN_POINT('',(70.,287.,71.9599571034925));
#6157=CARTESIAN_POINT('',(278.,287.,71.9599571034925));
#6158=CARTESIAN_POINT('',(96.,274.903232461475,76.4650888623753));
#6159=CARTESIAN_POINT('',(96.,284.764902564686,72.7923619924815));
#6160=CARTESIAN_POINT('',(78.8068760202079,274.903232461475,76.4650888623753));
#6161=CARTESIAN_POINT('',(278.,274.903232461475,76.4650888623753));
#6162=CARTESIAN_POINT('',(78.8068760202079,193.911022175027,106.628566636215));
#6163=CARTESIAN_POINT('',(78.8068760202079,284.764902564686,72.7923619924815));
#6164=CARTESIAN_POINT('',(65.,193.911022175027,106.628566636215));
#6165=CARTESIAN_POINT('',(278.,193.911022175027,106.628566636215));
#6166=CARTESIAN_POINT('',(65.,270.,78.2911724184186));
#6167=CARTESIAN_POINT('',(65.,284.764902564686,72.7923619924815));
#6168=CARTESIAN_POINT('',(70.,275.,76.4290502669698));
#6169=CARTESIAN_POINT('Origin',(70.0000000000002,270.,78.2911724184187));
#6170=CARTESIAN_POINT('',(70.,284.764902564686,72.7923619924815));
#6171=CARTESIAN_POINT('Origin',(0.,270.,-103.829355962624));
#6172=CARTESIAN_POINT('Origin',(96.,270.,-103.829355962624));
#6173=CARTESIAN_POINT('Origin',(69.9999999999969,270.000000000003,-103.829355962627));
#6174=CARTESIAN_POINT('Origin',(0.,181.695794825961,73.8293559626241));
#6175=CARTESIAN_POINT('',(96.,185.504670394853,108.621488218361));
#6176=CARTESIAN_POINT('Origin',(96.,181.695794825961,73.8293559626241));
#6177=CARTESIAN_POINT('Origin',(65.,181.695794825961,73.8293559626241));
#6178=CARTESIAN_POINT('',(78.8068760202079,185.504670394853,108.621488218361));
#6179=CARTESIAN_POINT('Origin',(78.8068760202079,181.695794825961,73.8293559626241));
#6180=CARTESIAN_POINT('',(0.,185.504670394853,108.621488218361));
#6181=CARTESIAN_POINT('Origin',(110.,131.695794825961,87.8293559626241));
#6182=CARTESIAN_POINT('',(96.,137.080959633095,87.8293559626241));
#6183=CARTESIAN_POINT('',(96.,126.310630018826,87.8293559626241));
#6184=CARTESIAN_POINT('Origin',(110.000000000001,71.6957948259606,87.8293559626241));
#6185=CARTESIAN_POINT('',(96.,77.0809596330935,87.8293559626241));
#6186=CARTESIAN_POINT('',(96.,66.3106300188278,87.8293559626241));
#6187=CARTESIAN_POINT('Origin',(0.,287.,0.));
#6188=CARTESIAN_POINT('',(96.,287.,-108.829355962624));
#6189=CARTESIAN_POINT('',(96.,287.,0.));
#6190=CARTESIAN_POINT('',(67.,287.,-108.829355962624));
#6191=CARTESIAN_POINT('',(65.,287.,-108.829355962624));
#6192=CARTESIAN_POINT('',(65.,287.,-106.829355962624));
#6193=CARTESIAN_POINT('Origin',(67.,287.,-106.829355962624));
#6194=CARTESIAN_POINT('',(65.,287.,-63.7749950999606));
#6195=CARTESIAN_POINT('',(65.,287.,-62.9702310619868));
#6196=CARTESIAN_POINT('',(65.5513513513514,287.,-62.3960762869885));
#6197=CARTESIAN_POINT('Origin',(67.,287.,-63.7749950999606));
#6198=CARTESIAN_POINT('',(65.5513513513514,287.,62.3960762869885));
#6199=CARTESIAN_POINT('Origin',(0.,287.,0.));
#6200=CARTESIAN_POINT('',(65.,287.,63.7749950999606));
#6201=CARTESIAN_POINT('Origin',(67.,287.,63.7749950999606));
#6202=CARTESIAN_POINT('',(65.,287.,73.8426838126232));
#6203=CARTESIAN_POINT('',(65.,287.,75.8426838126232));
#6204=CARTESIAN_POINT('',(67.,287.,75.8426838126232));
#6205=CARTESIAN_POINT('Origin',(67.,287.,73.8426838126232));
#6206=CARTESIAN_POINT('',(96.,287.,75.8426838126232));
#6207=CARTESIAN_POINT('',(241.170644037376,287.,75.8426838126232));
#6208=CARTESIAN_POINT('',(96.,287.,0.));
#6209=CARTESIAN_POINT('',(70.,287.,64.9634512629986));
#6210=CARTESIAN_POINT('',(70.,287.,86.8491665668777));
#6211=CARTESIAN_POINT('',(70.,287.,-64.9634512629986));
#6212=CARTESIAN_POINT('Origin',(0.,287.,0.));
#6213=CARTESIAN_POINT('',(70.,287.,-56.5707521604583));
#6214=CARTESIAN_POINT('Origin',(241.170644037376,287.,75.8426838126232));
#6215=CARTESIAN_POINT('',(96.,287.,75.8426838126232));
#6216=CARTESIAN_POINT('',(67.,289.773719933285,75.8426838126232));
#6217=CARTESIAN_POINT('',(67.,289.364916731037,75.8426838126232));
#6218=CARTESIAN_POINT('Origin',(70.,270.,75.8426838126232));
#6219=CARTESIAN_POINT('Origin',(65.,287.,-108.829355962624));
#6220=CARTESIAN_POINT('',(96.,287.,-108.829355962624));
#6221=CARTESIAN_POINT('',(67.0000000014551,289.356141427403,-108.829355962624));
#6222=CARTESIAN_POINT('Ctrl Pts',(67.0000000014569,289.356141427352,-108.829355962624));
#6223=CARTESIAN_POINT('Ctrl Pts',(67.0832995325687,289.35906065604,-108.829355962624));
#6224=CARTESIAN_POINT('Ctrl Pts',(67.1666239814031,289.361253743926,-108.82935596263));
#6225=CARTESIAN_POINT('Ctrl Pts',(67.3332993729567,289.364180714969,-108.82935596263));
#6226=CARTESIAN_POINT('Ctrl Pts',(67.4166496015948,289.364914586569,-108.829355962624));
#6227=CARTESIAN_POINT('Ctrl Pts',(67.4999999999983,289.364915403661,-108.829355962624));
#6228=CARTESIAN_POINT('',(67.,287.,-108.829355962624));
#6229=CARTESIAN_POINT('Origin',(78.8068760202079,179.594686567922,92.752540463423));
#6230=CARTESIAN_POINT('',(96.,189.366868447175,118.991909002296));
#6231=CARTESIAN_POINT('',(96.,179.594686567922,92.752540463423));
#6232=CARTESIAN_POINT('',(78.8068760202079,189.366868447175,118.991909002296));
#6233=CARTESIAN_POINT('',(78.8068760202079,179.594686567922,92.752540463423));
#6234=CARTESIAN_POINT('',(78.8068760202079,189.366868447175,118.991909002296));
#6235=CARTESIAN_POINT('Origin',(0.,61.9835540557408,166.432567292949));
#6236=CARTESIAN_POINT('',(96.,278.393297418352,85.8362919119728));
#6237=CARTESIAN_POINT('',(96.,197.401087131903,115.999769685813));
#6238=CARTESIAN_POINT('',(78.8068760202079,278.393297418352,85.8362919119728));
#6239=CARTESIAN_POINT('',(78.8068760202079,278.393297418352,85.8362919119728));
#6240=CARTESIAN_POINT('',(78.8068760202079,278.393297418352,85.8362919119728));
#6241=CARTESIAN_POINT('Origin',(78.8068760202079,268.621115539098,59.5969233730999));
#6242=CARTESIAN_POINT('',(96.,268.621115539098,59.5969233730999));
#6243=CARTESIAN_POINT('',(78.8068760202079,268.621115539098,59.5969233730999));
#6244=CARTESIAN_POINT('Origin',(60.,35.5,120.829355962624));
#6245=CARTESIAN_POINT('',(96.,35.5,120.829355962624));
#6246=CARTESIAN_POINT('',(96.,35.5,120.829355962624));
#6247=CARTESIAN_POINT('',(60.,35.5,120.829355962624));
#6248=CARTESIAN_POINT('',(60.,35.5,120.829355962624));
#6249=CARTESIAN_POINT('',(60.,35.5,120.829355962624));
#6250=CARTESIAN_POINT('Origin',(60.,30.,120.829355962624));
#6251=CARTESIAN_POINT('',(96.,30.,120.829355962624));
#6252=CARTESIAN_POINT('',(96.,30.,120.829355962624));
#6253=CARTESIAN_POINT('',(60.,30.,120.829355962624));
#6254=CARTESIAN_POINT('',(60.,30.,120.829355962624));
#6255=CARTESIAN_POINT('',(60.,30.,120.829355962624));
#6256=CARTESIAN_POINT('Origin',(0.,0.,120.829355962624));
#6257=CARTESIAN_POINT('',(96.,0.,120.829355962624));
#6258=CARTESIAN_POINT('',(60.,35.5,120.829355962624));
#6259=CARTESIAN_POINT('Origin',(47.,60.,-108.829355962624));
#6260=CARTESIAN_POINT('',(53.,60.,-64.9634512629987));
#6261=CARTESIAN_POINT('',(53.,60.,-108.829355962624));
#6262=CARTESIAN_POINT('',(65.,60.,-64.9634512629987));
#6263=CARTESIAN_POINT('',(47.,60.,-64.9634512629987));
#6264=CARTESIAN_POINT('',(65.,60.,-108.829355962624));
#6265=CARTESIAN_POINT('Origin',(47.,240.,-108.829355962624));
#6266=CARTESIAN_POINT('',(53.,240.,-64.9634512629986));
#6267=CARTESIAN_POINT('',(53.,240.,-108.829355962624));
#6268=CARTESIAN_POINT('',(65.,240.,-64.9634512629986));
#6269=CARTESIAN_POINT('',(65.,240.,-108.829355962624));
#6270=CARTESIAN_POINT('',(47.,240.,-64.9634512629986));
#6271=CARTESIAN_POINT('Origin',(65.,290.,-56.5707521604583));
#6272=CARTESIAN_POINT('',(65.,30.,-64.9634512629986));
#6273=CARTESIAN_POINT('',(65.,290.,-64.9634512629986));
#6274=CARTESIAN_POINT('',(65.,30.,-56.5707521604583));
#6275=CARTESIAN_POINT('Origin',(70.,270.,0.));
#6276=CARTESIAN_POINT('',(50.,270.,-64.9634512629986));
#6277=CARTESIAN_POINT('',(65.,289.364916731037,-64.9634512629986));
#6278=CARTESIAN_POINT('Origin',(70.,270.,-64.9634512629986));
#6279=CARTESIAN_POINT('',(65.0000000126339,289.364916072642,-106.329355962602));
#6280=CARTESIAN_POINT('',(65.,289.364916731037,0.));
#6281=CARTESIAN_POINT('',(50.,270.,-113.829355962624));
#6282=CARTESIAN_POINT('Ctrl Pts',(50.,270.,-113.829355962624));
#6283=CARTESIAN_POINT('Ctrl Pts',(50.,270.313275893775,-113.829355962627));
#6284=CARTESIAN_POINT('Ctrl Pts',(50.0073677560964,270.629303605859,-113.825672173519));
#6285=CARTESIAN_POINT('Ctrl Pts',(50.0224592982428,270.947509035447,-113.818126569565));
#6286=CARTESIAN_POINT('Ctrl Pts',(50.0336016321273,271.182445339899,-113.812555526009));
#6287=CARTESIAN_POINT('Ctrl Pts',(50.0489535838,271.418567970838,-113.804879716151));
#6288=CARTESIAN_POINT('Ctrl Pts',(50.0686459223786,271.655634208538,-113.795033750737));
#6289=CARTESIAN_POINT('Ctrl Pts',(50.09525399112,271.975955470729,-113.781729991841));
#6290=CARTESIAN_POINT('Ctrl Pts',(50.1297879877087,272.298000066335,-113.764463338235));
#6291=CARTESIAN_POINT('Ctrl Pts',(50.1725064148662,272.621145851793,-113.743104526242));
#6292=CARTESIAN_POINT('Ctrl Pts',(50.2023546892592,272.846934690828,-113.728180669641));
#6293=CARTESIAN_POINT('Ctrl Pts',(50.2361978768587,273.073260514198,-113.711259384198));
#6294=CARTESIAN_POINT('Ctrl Pts',(50.2741125151436,273.299903473554,-113.69230239678));
#6295=CARTESIAN_POINT('Ctrl Pts',(50.328375147566,273.624270107418,-113.665171555325));
#6296=CARTESIAN_POINT('Ctrl Pts',(50.390979134277,273.949286771548,-113.633870084598));
#6297=CARTESIAN_POINT('Ctrl Pts',(50.4620802690997,274.274295478131,-113.598320074456));
#6298=CARTESIAN_POINT('Ctrl Pts',(50.5092926580956,274.490106906746,-113.574714249995));
#6299=CARTESIAN_POINT('Ctrl Pts',(50.5602507119687,274.705914367868,-113.549235608361));
#6300=CARTESIAN_POINT('Ctrl Pts',(50.614989450237,274.921520698475,-113.52186663587));
#6301=CARTESIAN_POINT('Ctrl Pts',(50.6975957151973,275.24689235001,-113.480564101965));
#6302=CARTESIAN_POINT('Ctrl Pts',(50.7888141881967,275.571806094768,-113.434955489855));
#6303=CARTESIAN_POINT('Ctrl Pts',(50.8886935451596,275.895581114621,-113.385016448114));
#6304=CARTESIAN_POINT('Ctrl Pts',(50.95196562914,276.100687763981,-113.35338080949));
#6305=CARTESIAN_POINT('Ctrl Pts',(51.0187124341367,276.305337162134,-113.320007815314));
#6306=CARTESIAN_POINT('Ctrl Pts',(51.0889368613297,276.509354112743,-113.284896011625));
#6307=CARTESIAN_POINT('Ctrl Pts',(51.1997978425533,276.831428926805,-113.229466168121));
#6308=CARTESIAN_POINT('Ctrl Pts',(51.3193417279279,277.15192134762,-113.169694876474));
#6309=CARTESIAN_POINT('Ctrl Pts',(51.4474904977416,277.470156851977,-113.105621133612));
#6310=CARTESIAN_POINT('Ctrl Pts',(51.5764025954205,277.790287950247,-113.041165730642));
#6311=CARTESIAN_POINT('Ctrl Pts',(51.7140223405561,278.108134818024,-112.972356494823));
#6312=CARTESIAN_POINT('Ctrl Pts',(51.860223021421,278.423010330142,-112.899256769545));
#6313=CARTESIAN_POINT('Ctrl Pts',(52.0074584288146,278.740114354765,-112.825639685357));
#6314=CARTESIAN_POINT('Ctrl Pts',(52.1633966009067,279.054204441575,-112.7476711969));
#6315=CARTESIAN_POINT('Ctrl Pts',(52.3278611651963,279.3645837448,-112.665439478668));
#6316=CARTESIAN_POINT('Ctrl Pts',(52.3589821727439,279.423315646593,-112.649879081601));
#6317=CARTESIAN_POINT('Ctrl Pts',(52.3904083485779,279.481914701698,-112.634166099188));
#6318=CARTESIAN_POINT('Ctrl Pts',(52.4221383134909,279.540376225788,-112.618301220959));
#6319=CARTESIAN_POINT('Ctrl Pts',(52.5898440337328,279.849369066811,-112.53444891172));
#6320=CARTESIAN_POINT('Ctrl Pts',(52.7660385591338,280.154516250616,-112.446352164092));
#6321=CARTESIAN_POINT('Ctrl Pts',(52.9504200753919,280.455172838672,-112.354161874833));
#6322=CARTESIAN_POINT('Ctrl Pts',(53.1356984248492,280.757291822825,-112.261523171254));
#6323=CARTESIAN_POINT('Ctrl Pts',(53.3292434287654,281.054876050302,-112.164751093774));
#6324=CARTESIAN_POINT('Ctrl Pts',(53.5307045992052,281.347289255848,-112.064020877334));
#6325=CARTESIAN_POINT('Ctrl Pts',(53.7330075379859,281.640924256037,-111.962869778264));
#6326=CARTESIAN_POINT('Ctrl Pts',(53.9432927381904,281.929344553154,-111.857727492299));
#6327=CARTESIAN_POINT('Ctrl Pts',(54.1611635812287,282.211929756029,-111.748792321397));
#6328=CARTESIAN_POINT('Ctrl Pts',(54.1863981122316,282.24465972101,-111.736175084923));
#6329=CARTESIAN_POINT('Ctrl Pts',(54.2117343611307,282.277311437878,-111.72350698865));
#6330=CARTESIAN_POINT('Ctrl Pts',(54.2371716776148,282.309883966896,-111.710788357726));
#6331=CARTESIAN_POINT('Ctrl Pts',(54.457867138137,282.592484896774,-111.600440864475));
#6332=CARTESIAN_POINT('Ctrl Pts',(54.6861715741922,282.869120073681,-111.486288818527));
#6333=CARTESIAN_POINT('Ctrl Pts',(54.9215717708163,283.1392463433,-111.36858882225));
#6334=CARTESIAN_POINT('Ctrl Pts',(55.1673867627182,283.421323791539,-111.245681432849));
#6335=CARTESIAN_POINT('Ctrl Pts',(55.42093920221,283.69630298793,-111.118905243238));
#6336=CARTESIAN_POINT('Ctrl Pts',(55.6816050897277,283.963606656029,-110.988572250113));
#6337=CARTESIAN_POINT('Ctrl Pts',(55.9422709772454,284.230910324127,-110.858239256987));
#6338=CARTESIAN_POINT('Ctrl Pts',(56.2100499272998,284.490538087261,-110.724349653076));
#6339=CARTESIAN_POINT('Ctrl Pts',(56.4842831494964,284.741960453633,-110.587232833536));
#6340=CARTESIAN_POINT('Ctrl Pts',(56.7488571335324,284.984527042079,-110.454945640418));
#6341=CARTESIAN_POINT('Ctrl Pts',(57.0194359222569,285.219454232041,-110.319655970877));
#6342=CARTESIAN_POINT('Ctrl Pts',(57.2953449709723,285.446376084186,-110.181701100294));
#6343=CARTESIAN_POINT('Ctrl Pts',(57.5703785997444,285.672577945755,-110.04418394078));
#6344=CARTESIAN_POINT('Ctrl Pts',(57.8507083422551,285.890824986719,-109.904018653797));
#6345=CARTESIAN_POINT('Ctrl Pts',(58.1356481450066,286.100802406699,-109.761548272003));
#6346=CARTESIAN_POINT('Ctrl Pts',(58.4186044313058,286.309318136656,-109.62006965178));
#6347=CARTESIAN_POINT('Ctrl Pts',(58.7061064543416,286.509678832607,-109.476318099397));
#6348=CARTESIAN_POINT('Ctrl Pts',(58.9974702264771,286.701625838623,-109.330635617349));
#6349=CARTESIAN_POINT('Ctrl Pts',(59.0322173183385,286.724516811656,-109.313262000344));
#6350=CARTESIAN_POINT('Ctrl Pts',(59.0670193220835,286.747288183589,-109.295860926616));
#6351=CARTESIAN_POINT('Ctrl Pts',(59.1018750697157,286.769939564697,-109.278432980182));
#6352=CARTESIAN_POINT('Ctrl Pts',(59.3960114281031,286.961087229117,-109.131364188187));
#6353=CARTESIAN_POINT('Ctrl Pts',(59.6939727748257,287.143684449263,-108.982382847448));
#6354=CARTESIAN_POINT('Ctrl Pts',(59.9950117877155,287.31759325149,-108.831862631415));
#6355=CARTESIAN_POINT('Ctrl Pts',(60.2940307593026,287.490335085488,-108.682352440795));
#6356=CARTESIAN_POINT('Ctrl Pts',(60.5960858733076,287.654504663027,-108.531324137333));
#6357=CARTESIAN_POINT('Ctrl Pts',(60.900445987636,287.810018008523,-108.379143306907));
#6358=CARTESIAN_POINT('Ctrl Pts',(61.2017145348633,287.963951712272,-108.228508267887));
#6359=CARTESIAN_POINT('Ctrl Pts',(61.5052411763486,288.1094041475,-108.076744155493));
#6360=CARTESIAN_POINT('Ctrl Pts',(61.8103230505729,288.246344540242,-107.924202417321));
#6361=CARTESIAN_POINT('Ctrl Pts',(61.8795364969027,288.277411992373,-107.88959551242));
#6362=CARTESIAN_POINT('Ctrl Pts',(61.9488300263959,288.308041543583,-107.854948565464));
#6363=CARTESIAN_POINT('Ctrl Pts',(62.0181955025592,288.338233201826,-107.82026564491));
#6364=CARTESIAN_POINT('Ctrl Pts',(62.3257238237959,288.47208638771,-107.666500675311));
#6365=CARTESIAN_POINT('Ctrl Pts',(62.6346617356991,288.597327556592,-107.512030905084));
#6366=CARTESIAN_POINT('Ctrl Pts',(62.9442823811154,288.714052011771,-107.357219782765));
#6367=CARTESIAN_POINT('Ctrl Pts',(63.2517285906708,288.829956722386,-107.203495883993));
#6368=CARTESIAN_POINT('Ctrl Pts',(63.5598477020348,288.937463985992,-107.049435548801));
#6369=CARTESIAN_POINT('Ctrl Pts',(63.8679466747748,289.036713930934,-106.895385318677));
#6370=CARTESIAN_POINT('Ctrl Pts',(64.1732803037826,289.135073057543,-106.742717767096));
#6371=CARTESIAN_POINT('Ctrl Pts',(64.478593926261,289.225322520559,-106.590060253923));
#6372=CARTESIAN_POINT('Ctrl Pts',(64.7832350640591,289.307643672572,-106.437739040281));
#6373=CARTESIAN_POINT('Ctrl Pts',(64.8555307143351,289.327179646142,-106.401591062136));
#6374=CARTESIAN_POINT('Ctrl Pts',(64.9277885985372,289.346269310236,-106.365461970254));
#6375=CARTESIAN_POINT('Ctrl Pts',(65.0000002018039,289.364915455769,-106.32935602237));
#6376=CARTESIAN_POINT('',(50.,270.,-113.829355962624));
#6377=CARTESIAN_POINT('Ctrl Pts',(50.,270.,-113.829355962624));
#6378=CARTESIAN_POINT('Ctrl Pts',(50.,270.,-123.829355962624));
#6379=CARTESIAN_POINT('Ctrl Pts',(60.,270.,-123.829355962624));
#6380=CARTESIAN_POINT('Ctrl Pts',(50.,270.552510518641,-113.82935596263));
#6381=CARTESIAN_POINT('Ctrl Pts',(50.0000000000077,270.828802307149,-123.829355962632));
#6382=CARTESIAN_POINT('Ctrl Pts',(59.9999999999991,270.552510518641,-123.829355962624));
#6383=CARTESIAN_POINT('Ctrl Pts',(50.0229081697183,271.105020206702,-113.817901877766));
#6384=CARTESIAN_POINT('Ctrl Pts',(50.0458787563639,271.655605145611,-123.78347720626));
#6385=CARTESIAN_POINT('Ctrl Pts',(60.0114540848582,271.105020206702,-123.806447792906));
#6386=CARTESIAN_POINT('Ctrl Pts',(50.1143836648042,272.206248087166,-113.772164130221));
#6387=CARTESIAN_POINT('Ctrl Pts',(50.2266600526587,273.28507190006,-123.602695909965));
#6388=CARTESIAN_POINT('Ctrl Pts',(60.0571918324031,272.206248087166,-123.71497229782));
#6389=CARTESIAN_POINT('Ctrl Pts',(50.1829509187215,272.754965219918,-113.737880503263));
#6390=CARTESIAN_POINT('Ctrl Pts',(50.3607393797971,274.084148280404,-123.468616582831));
#6391=CARTESIAN_POINT('Ctrl Pts',(60.0914754593611,272.754965219918,-123.646405043903));
#6392=CARTESIAN_POINT('Ctrl Pts',(50.3652739669772,273.844840862884,-113.646718979136));
#6393=CARTESIAN_POINT('Ctrl Pts',(50.7087365536224,275.633870957167,-123.120619408998));
#6394=CARTESIAN_POINT('Ctrl Pts',(60.1826369834882,273.844840862884,-123.464081995647));
#6395=CARTESIAN_POINT('Ctrl Pts',(50.4790296188807,274.385998521688,-113.589841153182));
#6396=CARTESIAN_POINT('Ctrl Pts',(50.9212212177722,276.381765223138,-122.908134744849));
#6397=CARTESIAN_POINT('Ctrl Pts',(60.2395148094409,274.385998521689,-123.350326343743));
#6398=CARTESIAN_POINT('Ctrl Pts',(50.7509486470247,275.457040375818,-113.453881639113));
#6399=CARTESIAN_POINT('Ctrl Pts',(51.4125118830146,277.811909598602,-122.416844079612));
#6400=CARTESIAN_POINT('Ctrl Pts',(60.3754743235118,275.457040375817,-123.0784073156));
#6401=CARTESIAN_POINT('Ctrl Pts',(50.9091118107965,275.986923734286,-113.374800057225));
#6402=CARTESIAN_POINT('Ctrl Pts',(51.6896063463925,278.492451799525,-122.139749616229));
#6403=CARTESIAN_POINT('Ctrl Pts',(60.4545559053985,275.986923734286,-122.920244151828));
#6404=CARTESIAN_POINT('Ctrl Pts',(51.4485844032013,277.55420743468,-113.105063761026));
#6405=CARTESIAN_POINT('Ctrl Pts',(52.5907761162714,280.407284231884,-121.238579846359));
#6406=CARTESIAN_POINT('Ctrl Pts',(60.7242922016003,277.55420743468,-122.380771559423));
#6407=CARTESIAN_POINT('Ctrl Pts',(51.8950200367821,278.569175639649,-112.88184594423));
#6408=CARTESIAN_POINT('Ctrl Pts',(53.2884476370744,281.539718821969,-120.54090832555));
#6409=CARTESIAN_POINT('Ctrl Pts',(60.947510018392,278.569175639649,-121.934335925842));
#6410=CARTESIAN_POINT('Ctrl Pts',(52.9492507001093,280.511565959644,-112.354730612573));
#6411=CARTESIAN_POINT('Ctrl Pts',(54.785922248929,283.507324244213,-119.043433713695));
#6412=CARTESIAN_POINT('Ctrl Pts',(61.4746253500537,280.511565959644,-120.880105262515));
#6413=CARTESIAN_POINT('Ctrl Pts',(53.5570324887414,281.438963678398,-112.050839718257));
#6414=CARTESIAN_POINT('Ctrl Pts',(55.5776216510931,284.348410078922,-118.251734311529));
#6415=CARTESIAN_POINT('Ctrl Pts',(61.7785162443672,281.438963678397,-120.272323473884));
#6416=CARTESIAN_POINT('Ctrl Pts',(54.9172992513577,283.180789382238,-111.370706336942));
#6417=CARTESIAN_POINT('Ctrl Pts',(57.1960704542566,285.78896935798,-116.63328550837));
#6418=CARTESIAN_POINT('Ctrl Pts',(62.4586496256824,283.180789382239,-118.912056711266));
#6419=CARTESIAN_POINT('Ctrl Pts',(55.669767139877,283.995195489417,-110.994472392683));
#6420=CARTESIAN_POINT('Ctrl Pts',(58.0210040320615,286.397183680422,-115.808351930563));
#6421=CARTESIAN_POINT('Ctrl Pts',(62.8348835699407,283.995195489417,-118.159588822747));
#6422=CARTESIAN_POINT('Ctrl Pts',(57.2987833973478,285.488710967181,-110.179964263952));
#6423=CARTESIAN_POINT('Ctrl Pts',(59.6761506341344,287.430635381506,-114.15320532849));
#6424=CARTESIAN_POINT('Ctrl Pts',(63.6493916986716,285.488710967181,-116.530572565276));
#6425=CARTESIAN_POINT('Ctrl Pts',(58.1753113046209,286.167801578135,-109.74170031032));
#6426=CARTESIAN_POINT('Ctrl Pts',(60.5087465449012,287.863648754118,-113.320609417731));
#6427=CARTESIAN_POINT('Ctrl Pts',(64.0876556523045,286.167801578132,-115.654044658007));
#6428=CARTESIAN_POINT('Ctrl Pts',(60.0284236943294,287.37206771207,-108.815144115453));
#6429=CARTESIAN_POINT('Ctrl Pts',(62.1694204531941,288.58922282551,-111.659935509423));
#6430=CARTESIAN_POINT('Ctrl Pts',(65.0142118471706,287.372067712072,-113.800932268291));
#6431=CARTESIAN_POINT('Ctrl Pts',(61.0049848997545,287.897228108262,-108.326863512739));
#6432=CARTESIAN_POINT('Ctrl Pts',(63.0023204298796,288.88769946664,-110.827035532739));
#6433=CARTESIAN_POINT('Ctrl Pts',(65.5024924498854,287.897228108262,-112.82437106287));
#6434=CARTESIAN_POINT('Ctrl Pts',(63.0313973053643,288.779234465151,-107.31365730995));
#6435=CARTESIAN_POINT('Ctrl Pts',(64.6614207938715,289.370221470164,-109.167935168758));
#6436=CARTESIAN_POINT('Ctrl Pts',(66.515698652674,288.779234465151,-110.79795865726));
#6437=CARTESIAN_POINT('Ctrl Pts',(64.0812132498584,289.136066898561,-106.78874933769));
#6438=CARTESIAN_POINT('Ctrl Pts',(65.493857421745,289.558353731385,-108.335498540901));
#6439=CARTESIAN_POINT('Ctrl Pts',(67.040606624934,289.136066898561,-109.748142712766));
#6440=CARTESIAN_POINT('Ctrl Pts',(65.1533060191669,289.403854190757,-106.252702953041));
#6441=CARTESIAN_POINT('Ctrl Pts',(66.3283247863712,289.697350334893,-107.501031176253));
#6442=CARTESIAN_POINT('Ctrl Pts',(67.5766530095835,289.403854190757,-108.676049943457));
#6443=CARTESIAN_POINT('',(65.,289.356141427403,-106.829355961169));
#6444=CARTESIAN_POINT('Ctrl Pts',(65.,289.364915403661,-106.329355962626));
#6445=CARTESIAN_POINT('Ctrl Pts',(65.,289.364914586568,-106.412706361023));
#6446=CARTESIAN_POINT('Ctrl Pts',(64.9999999999936,289.364180714969,-106.496056589655));
#6447=CARTESIAN_POINT('Ctrl Pts',(64.9999999999936,289.361253743926,-106.662731981224));
#6448=CARTESIAN_POINT('Ctrl Pts',(65.,289.359060656039,-106.746056430062));
#6449=CARTESIAN_POINT('Ctrl Pts',(65.,289.356141427352,-106.829355961167));
#6450=CARTESIAN_POINT('Ctrl Pts',(65.,289.356141427352,-106.829355961167));
#6451=CARTESIAN_POINT('Ctrl Pts',(64.9999999998073,289.346871887264,-107.093860192158));
#6452=CARTESIAN_POINT('Ctrl Pts',(65.0524785529223,289.342898066338,-107.355864811602));
#6453=CARTESIAN_POINT('Ctrl Pts',(65.2548342843411,289.338699851958,-107.840403476216));
#6454=CARTESIAN_POINT('Ctrl Pts',(65.4011836880644,289.338352111201,-108.05883665685));
#6455=CARTESIAN_POINT('Ctrl Pts',(65.7693914011781,289.338350019496,-108.42730425502));
#6456=CARTESIAN_POINT('Ctrl Pts',(65.9877211146123,289.338695587816,-108.57380769919));
#6457=CARTESIAN_POINT('Ctrl Pts',(66.4725552247493,289.342883471015,-108.776688803243));
#6458=CARTESIAN_POINT('Ctrl Pts',(66.7350209397095,289.34685524684,-108.829355962817));
#6459=CARTESIAN_POINT('Ctrl Pts',(67.0000000014569,289.356141427352,-108.829355962624));
#6460=CARTESIAN_POINT('Origin',(60.,270.,-113.829355962624));
#6461=CARTESIAN_POINT('Origin',(70.,270.,0.));
#6462=CARTESIAN_POINT('',(65.,289.364916731037,73.8426838126232));
#6463=CARTESIAN_POINT('Ctrl Pts',(67.,289.773719933285,75.8426838126232));
#6464=CARTESIAN_POINT('Ctrl Pts',(66.7470139323791,289.735337767187,75.8426838126232));
#6465=CARTESIAN_POINT('Ctrl Pts',(66.477999954464,289.689053606712,75.7918328268962));
#6466=CARTESIAN_POINT('Ctrl Pts',(65.9837630296982,289.594212330492,75.5859360337397));
#6467=CARTESIAN_POINT('Ctrl Pts',(65.7584800278608,289.545915663779,75.4309145009994));
#6468=CARTESIAN_POINT('Ctrl Pts',(65.405641578254,289.465970518839,75.0754128711715));
#6469=CARTESIAN_POINT('Ctrl Pts',(65.253139283642,289.428799300984,74.8521162015157));
#6470=CARTESIAN_POINT('Ctrl Pts',(65.0502919246389,289.378114434424,74.3614461652764));
#6471=CARTESIAN_POINT('Ctrl Pts',(65.,289.364916731037,74.0940182477779));
#6472=CARTESIAN_POINT('Ctrl Pts',(65.,289.364916731037,73.8426838126232));
#6473=CARTESIAN_POINT('',(65.,289.364916731037,64.9634512629986));
#6474=CARTESIAN_POINT('',(65.,289.364916731037,0.));
#6475=CARTESIAN_POINT('',(50.,270.,64.9634512629986));
#6476=CARTESIAN_POINT('Origin',(70.,270.,64.9634512629986));
#6477=CARTESIAN_POINT('',(50.,270.,56.5707521604583));
#6478=CARTESIAN_POINT('Origin',(70.,270.,-64.9634512629986));
#6479=CARTESIAN_POINT('',(66.3350785340314,289.364916731037,-61.5622234481819));
#6480=CARTESIAN_POINT('',(55.3403141361257,270.,-51.3585400037319));
#6481=CARTESIAN_POINT('Origin',(70.,270.,-64.9634512629986));
#6482=CARTESIAN_POINT('',(65.5513513513514,289.329203577319,-62.3960762869885));
#6483=CARTESIAN_POINT('Ctrl Pts',(66.3350785340314,289.364916731037,-61.562223448182));
#6484=CARTESIAN_POINT('Ctrl Pts',(66.0801915452676,289.364916731037,-61.8368715597984));
#6485=CARTESIAN_POINT('Ctrl Pts',(65.8183618920489,289.35339776534,-62.1155634276979));
#6486=CARTESIAN_POINT('Ctrl Pts',(65.5513513513513,289.329203577319,-62.3960762869885));
#6487=CARTESIAN_POINT('',(65.,289.328413591098,-63.7749950999606));
#6488=CARTESIAN_POINT('Ctrl Pts',(65.5513513513513,289.329203577319,-62.3960762869885));
#6489=CARTESIAN_POINT('Ctrl Pts',(65.3879279904892,289.314395564461,-62.5677637196665));
#6490=CARTESIAN_POINT('Ctrl Pts',(65.2469969430264,289.305572226616,-62.7802444935227));
#6491=CARTESIAN_POINT('Ctrl Pts',(65.0499053298273,289.30431611164,-63.2573555566356));
#6492=CARTESIAN_POINT('Ctrl Pts',(65.,289.313023101355,-63.5246924296739));
#6493=CARTESIAN_POINT('Ctrl Pts',(65.,289.328413591098,-63.7749950999606));
#6494=CARTESIAN_POINT('Origin',(65.,270.,-64.9634512629986));
#6495=CARTESIAN_POINT('Origin',(70.,270.,-64.9634512629986));
#6496=CARTESIAN_POINT('Origin',(0.,270.,0.));
#6497=CARTESIAN_POINT('',(66.3350785340314,289.364916731037,61.562223448182));
#6498=CARTESIAN_POINT('',(55.3403141361257,270.,51.3585400037319));
#6499=CARTESIAN_POINT('Origin',(70.,270.,64.9634512629986));
#6500=CARTESIAN_POINT('Origin',(0.,289.364916731037,0.));
#6501=CARTESIAN_POINT('Origin',(0.,270.,0.));
#6502=CARTESIAN_POINT('Origin',(70.,270.,64.9634512629986));
#6503=CARTESIAN_POINT('',(65.,289.328413591098,63.7749950999606));
#6504=CARTESIAN_POINT('Origin',(65.,270.,64.9634512629986));
#6505=CARTESIAN_POINT('',(65.5513513513514,289.329203577319,62.3960762869885));
#6506=CARTESIAN_POINT('Ctrl Pts',(65.,289.328413591098,63.7749950999606));
#6507=CARTESIAN_POINT('Ctrl Pts',(65.,289.313023101355,63.5246924296739));
#6508=CARTESIAN_POINT('Ctrl Pts',(65.0499053298273,289.30431611164,63.2573555566356));
#6509=CARTESIAN_POINT('Ctrl Pts',(65.2469969430264,289.305572226616,62.7802444935227));
#6510=CARTESIAN_POINT('Ctrl Pts',(65.3879279904892,289.314395564461,62.5677637196665));
#6511=CARTESIAN_POINT('Ctrl Pts',(65.5513513513513,289.329203577319,62.3960762869885));
#6512=CARTESIAN_POINT('Origin',(63.720088702565,271.738902722113,59.1355218463892));
#6513=CARTESIAN_POINT('Origin',(70.,270.,64.9634512629986));
#6514=CARTESIAN_POINT('Origin',(0.,-28.,0.));
#6515=CARTESIAN_POINT('Origin',(0.,-10.,0.));
#6516=CARTESIAN_POINT('Origin',(50.,290.,123.829355962624));
#6517=CARTESIAN_POINT('',(50.,30.,64.9634512629986));
#6518=CARTESIAN_POINT('',(50.,290.,64.9634512629986));
#6519=CARTESIAN_POINT('',(50.,30.,113.829355962624));
#6520=CARTESIAN_POINT('',(50.,30.,123.829355962624));
#6521=CARTESIAN_POINT('',(50.,290.,113.829355962624));
#6522=CARTESIAN_POINT('Origin',(50.,290.,-56.5707521604583));
#6523=CARTESIAN_POINT('',(50.,55.,-106.829355962624));
#6524=CARTESIAN_POINT('',(50.,55.,-66.9634512629987));
#6525=CARTESIAN_POINT('',(50.,55.,-108.829355962624));
#6526=CARTESIAN_POINT('Origin',(50.,57.,-106.829355962624));
#6527=CARTESIAN_POINT('',(50.,245.,-106.829355962624));
#6528=CARTESIAN_POINT('Origin',(50.,243.,-106.829355962624));
#6529=CARTESIAN_POINT('',(50.,245.,-66.9634512629986));
#6530=CARTESIAN_POINT('',(50.,245.,-108.829355962624));
#6531=CARTESIAN_POINT('',(50.,243.,-64.9634512629986));
#6532=CARTESIAN_POINT('Origin',(50.,243.,-66.9634512629986));
#6533=CARTESIAN_POINT('',(50.,290.,-64.9634512629986));
#6534=CARTESIAN_POINT('',(50.,30.,-113.829355962624));
#6535=CARTESIAN_POINT('',(50.,290.,-113.829355962624));
#6536=CARTESIAN_POINT('',(50.,30.,-64.9634512629986));
#6537=CARTESIAN_POINT('',(50.,30.,-56.5707521604583));
#6538=CARTESIAN_POINT('',(50.,57.,-64.9634512629986));
#6539=CARTESIAN_POINT('',(50.,290.,-64.9634512629986));
#6540=CARTESIAN_POINT('Origin',(50.,57.,-66.9634512629987));
#6541=CARTESIAN_POINT('Origin',(0.,290.,0.));
#6542=CARTESIAN_POINT('',(55.3403141361257,30.,-51.3585400037319));
#6543=CARTESIAN_POINT('Ctrl Pts',(55.3403141361257,30.,-51.3585400037319));
#6544=CARTESIAN_POINT('Ctrl Pts',(55.3403141361257,27.245085328099,-51.3585400037319));
#6545=CARTESIAN_POINT('Ctrl Pts',(55.1616251882449,24.5318584595132,-51.5529117537007));
#6546=CARTESIAN_POINT('Ctrl Pts',(54.6380649664685,20.5197135502398,-52.1056259692107));
#6547=CARTESIAN_POINT('Ctrl Pts',(54.4207174037955,19.1919648561402,-52.3333105103749));
#6548=CARTESIAN_POINT('Ctrl Pts',(54.0298691385838,17.2143676461638,-52.7357393879832));
#6549=CARTESIAN_POINT('Ctrl Pts',(53.8884608960801,16.5562382542932,-52.8803396542568));
#6550=CARTESIAN_POINT('Ctrl Pts',(53.5853871832165,15.2515918074375,-53.1874310351862));
#6551=CARTESIAN_POINT('Ctrl Pts',(53.4238640683685,14.6054417588064,-53.3497815462758));
#6552=CARTESIAN_POINT('Ctrl Pts',(52.5670079172628,11.4043013352608,-54.2023501992332));
#6553=CARTESIAN_POINT('Ctrl Pts',(51.7253173108568,8.93742860976034,-55.0142259950064));
#6554=CARTESIAN_POINT('Ctrl Pts',(50.2250197907822,5.36286324758622,-56.3751121080938));
#6555=CARTESIAN_POINT('Ctrl Pts',(49.6838957787496,4.19047738534727,-56.8536745045752));
#6556=CARTESIAN_POINT('Ctrl Pts',(48.5271204664508,1.90421457050754,-57.8441732872862));
#6557=CARTESIAN_POINT('Ctrl Pts',(47.9107367939365,0.78830397919498,-58.3568130401193));
#6558=CARTESIAN_POINT('Ctrl Pts',(47.2552784449949,-0.299998955954697,-58.8828384088776));
#6559=CARTESIAN_POINT('',(55.3403141361257,30.,51.3585400037319));
#6560=CARTESIAN_POINT('Ctrl Pts',(47.2552784449949,-0.299998955954782,58.8828384088777));
#6561=CARTESIAN_POINT('Ctrl Pts',(47.9107367939365,0.788303979194904,58.3568130401193));
#6562=CARTESIAN_POINT('Ctrl Pts',(48.5271204664507,1.90421457050749,57.8441732872861));
#6563=CARTESIAN_POINT('Ctrl Pts',(49.6838957787496,4.19047738534726,56.8536745045752));
#6564=CARTESIAN_POINT('Ctrl Pts',(50.2250197907822,5.36286324758621,56.3751121080938));
#6565=CARTESIAN_POINT('Ctrl Pts',(51.7253173108568,8.93742860976032,55.0142259950064));
#6566=CARTESIAN_POINT('Ctrl Pts',(52.5670079172628,11.4043013352608,54.2023501992331));
#6567=CARTESIAN_POINT('Ctrl Pts',(53.4238640683685,14.6054417588064,53.3497815462758));
#6568=CARTESIAN_POINT('Ctrl Pts',(53.5853871832165,15.2515918074375,53.1874310351863));
#6569=CARTESIAN_POINT('Ctrl Pts',(53.8884608960801,16.5562382542932,52.8803396542568));
#6570=CARTESIAN_POINT('Ctrl Pts',(54.0298691385838,17.2143676461638,52.7357393879832));
#6571=CARTESIAN_POINT('Ctrl Pts',(54.4207174037955,19.1919648561402,52.3333105103749));
#6572=CARTESIAN_POINT('Ctrl Pts',(54.6380649664685,20.5197135502398,52.1056259692106));
#6573=CARTESIAN_POINT('Ctrl Pts',(55.1616251882449,24.5318584595132,51.5529117537007));
#6574=CARTESIAN_POINT('Ctrl Pts',(55.3403141361257,27.245085328099,51.3585400037319));
#6575=CARTESIAN_POINT('Ctrl Pts',(55.3403141361257,30.,51.3585400037319));
#6576=CARTESIAN_POINT('',(55.3403141361257,290.,51.3585400037319));
#6577=CARTESIAN_POINT('',(55.3403141361257,290.,-51.3585400037319));
#6578=CARTESIAN_POINT('Origin',(20.,30.,-56.5707521604583));
#6579=CARTESIAN_POINT('',(19.9999999991449,-5.3595891305671E-6,-93.3822788329234));
#6580=CARTESIAN_POINT('',(20.,0.,-113.829355962624));
#6581=CARTESIAN_POINT('',(20.,0.,0.));
#6582=CARTESIAN_POINT('Ctrl Pts',(19.9999999984609,-1.60787673649588E-5,
-93.3822788330512));
#6583=CARTESIAN_POINT('Ctrl Pts',(20.467655356125,-6.38320940167971E-5,
-93.2153466927884));
#6584=CARTESIAN_POINT('Ctrl Pts',(20.9296573166388,0.0107261709095353,-93.040267891383));
#6585=CARTESIAN_POINT('Ctrl Pts',(21.3862780003142,0.0317474478178879,-92.8574474792506));
#6586=CARTESIAN_POINT('Ctrl Pts',(21.8510876281452,0.0531457161084446,-92.6713484023557));
#6587=CARTESIAN_POINT('Ctrl Pts',(22.3103212264684,0.0851455574593219,-92.4772275370015));
#6588=CARTESIAN_POINT('Ctrl Pts',(22.76425417121,0.127149649493437,-92.2754805923349));
#6589=CARTESIAN_POINT('Ctrl Pts',(23.2230086239428,0.169599893470821,-92.0715907661763));
#6590=CARTESIAN_POINT('Ctrl Pts',(23.6763491983866,0.222268129567652,-91.8599119438627));
#6591=CARTESIAN_POINT('Ctrl Pts',(24.1245486105664,0.28457965475654,-91.6408212415121));
#6592=CARTESIAN_POINT('Ctrl Pts',(24.5795989769657,0.347843643056281,-91.4183816272021));
#6593=CARTESIAN_POINT('Ctrl Pts',(25.0293497931404,0.421048039254047,-91.1883017812291));
#6594=CARTESIAN_POINT('Ctrl Pts',(25.4740749423305,0.503633198814744,-90.9509448592401));
#6595=CARTESIAN_POINT('Ctrl Pts',(25.5814111655564,0.523565462906151,-90.8936578009094));
#6596=CARTESIAN_POINT('Ctrl Pts',(25.6884545833716,0.544044359341215,-90.8359466990486));
#6597=CARTESIAN_POINT('Ctrl Pts',(25.7952089495896,0.565062370872688,-90.7778163933801));
#6598=CARTESIAN_POINT('Ctrl Pts',(25.9610154584645,0.597706685470623,-90.6875307836746));
#6599=CARTESIAN_POINT('Ctrl Pts',(26.1261227852161,0.631664768723677,-90.5962300247097));
#6600=CARTESIAN_POINT('Ctrl Pts',(26.2905428155904,0.666920803607559,-90.5039289301717));
#6601=CARTESIAN_POINT('Ctrl Pts',(26.7876232968931,0.773508101694095,-90.2248809796678));
#6602=CARTESIAN_POINT('Ctrl Pts',(27.2783932122157,0.891949979403736,-89.9367142761867));
#6603=CARTESIAN_POINT('Ctrl Pts',(27.7631241713378,1.02181757898119,-89.6398522422305));
#6604=CARTESIAN_POINT('Ctrl Pts',(28.081923933974,1.10722941237103,-89.4446108527959));
#6605=CARTESIAN_POINT('Ctrl Pts',(28.3981091218988,1.19758293232325,-89.2456082107219));
#6606=CARTESIAN_POINT('Ctrl Pts',(28.7118022127279,1.2927796154641,-89.042922842762));
#6607=CARTESIAN_POINT('Ctrl Pts',(28.8750754518927,1.34232827072161,-88.9374277026853));
#6608=CARTESIAN_POINT('Ctrl Pts',(29.0371898962888,1.3930417555574,-88.8312483881209));
#6609=CARTESIAN_POINT('Ctrl Pts',(29.1981753044,1.44489340959058,-88.7244082107228));
#6610=CARTESIAN_POINT('Ctrl Pts',(29.5944496326865,1.57252907305617,-88.4614153095079));
#6611=CARTESIAN_POINT('Ctrl Pts',(29.9838236146823,1.70703899012529,-88.1944675099025));
#6612=CARTESIAN_POINT('Ctrl Pts',(30.3667193221887,1.84804276066622,-87.9238992226266));
#6613=CARTESIAN_POINT('Ctrl Pts',(30.7496150296951,1.98904653120715,-87.6533309353507));
#6614=CARTESIAN_POINT('Ctrl Pts',(31.1260323525636,2.13654434206725,-87.3791419429054));
#6615=CARTESIAN_POINT('Ctrl Pts',(31.4963695767878,2.29019150997326,-87.1016362986164));
#6616=CARTESIAN_POINT('Ctrl Pts',(31.6346987223907,2.34758212606723,-86.997981801678));
#6617=CARTESIAN_POINT('Ctrl Pts',(31.7721914144475,2.40582535106144,-86.8938588265935));
#6618=CARTESIAN_POINT('Ctrl Pts',(31.9088661197074,2.46491437721664,-86.7892785464266));
#6619=CARTESIAN_POINT('Ctrl Pts',(32.3467153417657,2.65421117566244,-86.4542465869531));
#6620=CARTESIAN_POINT('Ctrl Pts',(32.7761251427037,2.85216618176036,-86.1145674986363));
#6621=CARTESIAN_POINT('Ctrl Pts',(33.1975721241702,3.05852365222097,-85.7706787172642));
#6622=CARTESIAN_POINT('Ctrl Pts',(33.6247641676478,3.26769413716835,-85.4221021282655));
#6623=CARTESIAN_POINT('Ctrl Pts',(34.0437747592497,3.48549774478253,-85.0692001369878));
#6624=CARTESIAN_POINT('Ctrl Pts',(34.4550729283233,3.7116999308321,-84.7123935810176));
#6625=CARTESIAN_POINT('Ctrl Pts',(34.8755247546629,3.94293636560832,-84.347646107316));
#6626=CARTESIAN_POINT('Ctrl Pts',(35.2879170260405,4.18294933850638,-83.978818215109));
#6627=CARTESIAN_POINT('Ctrl Pts',(35.6927230006366,4.4315214705595,-83.6063254924058));
#6628=CARTESIAN_POINT('Ctrl Pts',(35.9874737504811,4.61251391363348,-83.3351029408169));
#6629=CARTESIAN_POINT('Ctrl Pts',(36.2782018758684,4.7980448756988,-83.0619366762247));
#6630=CARTESIAN_POINT('Ctrl Pts',(36.565081276096,4.98804121392455,-82.7869768138197));
#6631=CARTESIAN_POINT('Ctrl Pts',(36.6269734479303,5.02903156040478,-82.727656196731));
#6632=CARTESIAN_POINT('Ctrl Pts',(36.6886850198334,5.07023254009953,-82.6682521181378));
#6633=CARTESIAN_POINT('Ctrl Pts',(36.7502172739191,5.11164433198776,-82.6087661380759));
#6634=CARTESIAN_POINT('Ctrl Pts',(37.0839041166098,5.33621874894498,-82.2861761539094));
#6635=CARTESIAN_POINT('Ctrl Pts',(37.412219636106,5.56692283086644,-81.9612768749958));
#6636=CARTESIAN_POINT('Ctrl Pts',(37.7354918706355,5.80387782915157,-81.6341854388202));
#6637=CARTESIAN_POINT('Ctrl Pts',(38.0353659276722,6.02368222025336,-81.3307686108001));
#6638=CARTESIAN_POINT('Ctrl Pts',(38.331314429325,6.24920432529361,-81.0250203690295));
#6639=CARTESIAN_POINT('Ctrl Pts',(38.6224819278207,6.47973284619565,-80.7181883991307));
#6640=CARTESIAN_POINT('Ctrl Pts',(38.7048459027256,6.54494357681819,-80.6313933385579));
#6641=CARTESIAN_POINT('Ctrl Pts',(38.7868273212786,6.61055515832508,-80.544511342319));
#6642=CARTESIAN_POINT('Ctrl Pts',(38.8684068066631,6.67655204352773,-80.4575701897358));
#6643=CARTESIAN_POINT('Ctrl Pts',(38.8861488323396,6.69090514254903,-80.4386621008431));
#6644=CARTESIAN_POINT('Ctrl Pts',(38.9038693940915,6.7052742553809,-80.4197539612612));
#6645=CARTESIAN_POINT('Ctrl Pts',(38.9215685702803,6.7196594042679,-80.4008457996218));
#6646=CARTESIAN_POINT('Ctrl Pts',(39.3240965605949,7.04681729060629,-79.9708221519631));
#6647=CARTESIAN_POINT('Ctrl Pts',(39.7160238473099,7.38263830399669,-79.5402979749644));
#6648=CARTESIAN_POINT('Ctrl Pts',(40.0979305920246,7.7272617326589,-79.1098663291532));
#6649=CARTESIAN_POINT('Ctrl Pts',(40.377245984995,7.97930920166994,-78.7950612466024));
#6650=CARTESIAN_POINT('Ctrl Pts',(40.6512004631314,8.23606582216971,-78.4803054911775));
#6651=CARTESIAN_POINT('Ctrl Pts',(40.9200077462742,8.49759767481219,-78.1658312843033));
#6652=CARTESIAN_POINT('Ctrl Pts',(40.9429253241599,8.5198949746936,-78.1390203026779));
#6653=CARTESIAN_POINT('Ctrl Pts',(40.9658053706702,8.54222688138909,-78.1122115051058));
#6654=CARTESIAN_POINT('Ctrl Pts',(40.9886480303055,8.56459345242174,-78.0854050182998));
#6655=CARTESIAN_POINT('Ctrl Pts',(41.325034775366,8.89396919710202,-77.690645958402));
#6656=CARTESIAN_POINT('Ctrl Pts',(41.6533878663314,9.23075959734154,-77.2962898937874));
#6657=CARTESIAN_POINT('Ctrl Pts',(41.9739266282912,9.57543602029759,-76.9029395034633));
#6658=CARTESIAN_POINT('Ctrl Pts',(42.2892132711918,9.91446482173301,-76.516034271501));
#6659=CARTESIAN_POINT('Ctrl Pts',(42.5969394361308,10.2611232359526,-76.1301014970038));
#6660=CARTESIAN_POINT('Ctrl Pts',(42.897280995034,10.6158939955531,-75.7457289300405));
#6661=CARTESIAN_POINT('Ctrl Pts',(43.1887543559241,10.9601894238111,-75.3727057482476));
#6662=CARTESIAN_POINT('Ctrl Pts',(43.4732725876116,11.312125194253,-75.0011515916201));
#6663=CARTESIAN_POINT('Ctrl Pts',(43.7509675865292,11.6721756153803,-74.6316238966031));
#6664=CARTESIAN_POINT('Ctrl Pts',(43.973502798402,11.9607076273457,-74.3354971236184));
#6665=CARTESIAN_POINT('Ctrl Pts',(44.1916556720427,12.2544513490644,-74.0406720000864));
#6666=CARTESIAN_POINT('Ctrl Pts',(44.4054810857386,12.5536671165701,-73.7474478729103));
#6667=CARTESIAN_POINT('Ctrl Pts',(44.4840269043892,12.6635799047916,-73.6397360311834));
#6668=CARTESIAN_POINT('Ctrl Pts',(44.5619820878366,12.7742219149454,-73.5322528073928));
#6669=CARTESIAN_POINT('Ctrl Pts',(44.6393545743454,12.8856140581312,-73.425005138715));
#6670=CARTESIAN_POINT('Ctrl Pts',(44.8385756331686,13.1724299756669,-73.1488605416578));
#6671=CARTESIAN_POINT('Ctrl Pts',(45.0338856519036,13.4642854169805,-72.8743410305867));
#6672=CARTESIAN_POINT('Ctrl Pts',(45.2253228006301,13.7616755362627,-72.6017012990137));
#6673=CARTESIAN_POINT('Ctrl Pts',(45.2948113757377,13.8696233184851,-72.5027375054619));
#6674=CARTESIAN_POINT('Ctrl Pts',(45.3637894162775,13.9783006618239,-72.4040216385095));
#6675=CARTESIAN_POINT('Ctrl Pts',(45.4322578620096,14.0877324041577,-72.3055668074103));
#6676=CARTESIAN_POINT('Ctrl Pts',(45.5843855354059,14.3308750106378,-72.0868134206553));
#6677=CARTESIAN_POINT('Ctrl Pts',(45.7341823590336,14.5780916247671,-71.8690672325119));
#6678=CARTESIAN_POINT('Ctrl Pts',(45.8810910533084,14.8286989756304,-71.653333235355));
#6679=CARTESIAN_POINT('Ctrl Pts',(45.8898673059347,14.8436701346354,-71.6404453932263));
#6680=CARTESIAN_POINT('Ctrl Pts',(45.8986332426078,14.8586533905174,-71.6275647446564));
#6681=CARTESIAN_POINT('Ctrl Pts',(45.9073887410891,14.8736485959603,-71.6146915087995));
#6682=CARTESIAN_POINT('Ctrl Pts',(45.997909262836,15.0286796114185,-71.4815989123202));
#6683=CARTESIAN_POINT('Ctrl Pts',(46.0872987794771,15.1849612692271,-71.349323712097));
#6684=CARTESIAN_POINT('Ctrl Pts',(46.175421339757,15.3423290497358,-71.2181113367269));
#6685=CARTESIAN_POINT('Ctrl Pts',(46.3373144388391,15.6314350130816,-70.9770564012016));
#6686=CARTESIAN_POINT('Ctrl Pts',(46.4951075207486,15.9244042840158,-70.7393493273083));
#6687=CARTESIAN_POINT('Ctrl Pts',(46.6487786310051,16.2215986798154,-70.5053562346167));
#6688=CARTESIAN_POINT('Ctrl Pts',(46.7979780973883,16.5101450773223,-70.2781720585626));
#6689=CARTESIAN_POINT('Ctrl Pts',(46.9432919229739,16.8026742706077,-70.054488684678));
#6690=CARTESIAN_POINT('Ctrl Pts',(47.0846769400985,17.0995367006223,-69.8346801789132));
#6691=CARTESIAN_POINT('Ctrl Pts',(47.133104772453,17.2012193561504,-69.7593903802926));
#6692=CARTESIAN_POINT('Ctrl Pts',(47.1810714656769,17.3034105716946,-69.6845555494875));
#6693=CARTESIAN_POINT('Ctrl Pts',(47.2285746562427,17.4061249786429,-69.6101918744782));
#6694=CARTESIAN_POINT('Ctrl Pts',(47.315492770009,17.5940648286245,-69.4741262694618));
#6695=CARTESIAN_POINT('Ctrl Pts',(47.4008478584902,17.7837312671259,-69.3396579323285));
#6696=CARTESIAN_POINT('Ctrl Pts',(47.4846244651461,17.9752165088013,-69.2068885069436));
#6697=CARTESIAN_POINT('Ctrl Pts',(47.6075838045416,18.2562603438315,-69.0120221655043));
#6698=CARTESIAN_POINT('Ctrl Pts',(47.7271473640933,18.5412179802288,-68.8208062356874));
#6699=CARTESIAN_POINT('Ctrl Pts',(47.8431871126284,18.8304456512291,-68.6336894251169));
#6700=CARTESIAN_POINT('Ctrl Pts',(47.955870004656,19.1113063979484,-68.4519856242366));
#6701=CARTESIAN_POINT('Ctrl Pts',(48.0652299966201,19.396193679082,-68.2741470924642));
#6702=CARTESIAN_POINT('Ctrl Pts',(48.1711300407729,19.6854521469798,-68.10062543647));
#6703=CARTESIAN_POINT('Ctrl Pts',(48.2296157281504,19.8452016585131,-68.0047941891189));
#6704=CARTESIAN_POINT('Ctrl Pts',(48.2870457627035,20.0062847343598,-67.9102803459395));
#6705=CARTESIAN_POINT('Ctrl Pts',(48.3433943707467,20.1687619974937,-67.8171657610585));
#6706=CARTESIAN_POINT('Ctrl Pts',(48.4134113532105,20.3706510605726,-67.7014645488519));
#6707=CARTESIAN_POINT('Ctrl Pts',(48.4817211003551,20.5745809709324,-67.5879816244771));
#6708=CARTESIAN_POINT('Ctrl Pts',(48.5483157542425,20.7807989719088,-67.476814275102));
#6709=CARTESIAN_POINT('Ctrl Pts',(48.616177119083,20.9909394889627,-67.3635323881349));
#6710=CARTESIAN_POINT('Ctrl Pts',(48.6823356250215,21.203791710397,-67.2525202080081));
#6711=CARTESIAN_POINT('Ctrl Pts',(48.7466110418148,21.4191283184002,-67.1441709993346));
#6712=CARTESIAN_POINT('Ctrl Pts',(48.7701710041601,21.4980593098934,-67.1044559200111));
#6713=CARTESIAN_POINT('Ctrl Pts',(48.7934777213643,21.5773239790985,-67.0650990373482));
#6714=CARTESIAN_POINT('Ctrl Pts',(48.8165214487735,21.6569106443841,-67.026121218235));
#6715=CARTESIAN_POINT('Ctrl Pts',(48.8737900403483,21.8547005308952,-66.9292530005357));
#6716=CARTESIAN_POINT('Ctrl Pts',(48.929392705445,22.054336223157,-66.8347894928412));
#6717=CARTESIAN_POINT('Ctrl Pts',(48.9831323850921,22.2554511333222,-66.7431308677881));
#6718=CARTESIAN_POINT('Ctrl Pts',(49.0679016005272,22.572690708604,-66.598548135166));
#6719=CARTESIAN_POINT('Ctrl Pts',(49.147960412671,22.8931739809158,-66.4610837195014));
#6720=CARTESIAN_POINT('Ctrl Pts',(49.2230925970406,23.2168621048093,-66.3313808695188));
#6721=CARTESIAN_POINT('Ctrl Pts',(49.2648473164178,23.3967518137579,-66.2592984969791));
#6722=CARTESIAN_POINT('Ctrl Pts',(49.305093588475,23.577685795227,-66.1895917340234));
#6723=CARTESIAN_POINT('Ctrl Pts',(49.3438023995731,23.7597066787839,-66.1223598842207));
#6724=CARTESIAN_POINT('Ctrl Pts',(49.40717461865,24.0577025867471,-66.0122911067568));
#6725=CARTESIAN_POINT('Ctrl Pts',(49.4664871758265,24.3586064183053,-65.9088538358471));
#6726=CARTESIAN_POINT('Ctrl Pts',(49.5215309378471,24.6626186155399,-65.8125247253435));
#6727=CARTESIAN_POINT('Ctrl Pts',(49.5760487552301,24.9637259679923,-65.7171160421009));
#6728=CARTESIAN_POINT('Ctrl Pts',(49.6263790104327,25.2678825505728,-65.6286801792606));
#6729=CARTESIAN_POINT('Ctrl Pts',(49.6722965214538,25.5752899652835,-65.5477261078644));
#6730=CARTESIAN_POINT('Ctrl Pts',(49.7182140324749,25.8826973799942,-65.4667720364683));
#6731=CARTESIAN_POINT('Ctrl Pts',(49.7597188844006,26.1933555960322,-65.3932995203238));
#6732=CARTESIAN_POINT('Ctrl Pts',(49.7965627729483,26.507473482302,-65.3278666070296));
#6733=CARTESIAN_POINT('Ctrl Pts',(49.8174838694997,26.6858393086626,-65.2907117802558));
#6734=CARTESIAN_POINT('Ctrl Pts',(49.8369118037806,26.8654276868648,-65.2561322523971));
#6735=CARTESIAN_POINT('Ctrl Pts',(49.8547598227659,27.0458815666269,-65.2243051488396));
#6736=CARTESIAN_POINT('Ctrl Pts',(49.8724384415975,27.2246227120517,-65.1927801245347));
#6737=CARTESIAN_POINT('Ctrl Pts',(49.8885669741202,27.4042130181905,-65.1639556251087));
#6738=CARTESIAN_POINT('Ctrl Pts',(49.9030864893262,27.5842982235059,-65.137960192911));
#6739=CARTESIAN_POINT('Ctrl Pts',(49.9174565536965,27.7625297936239,-65.1122323343211));
#6740=CARTESIAN_POINT('Ctrl Pts',(49.9302505566244,27.9412461311077,-65.0892756606818));
#6741=CARTESIAN_POINT('Ctrl Pts',(49.9414364586455,28.1200965300474,-65.0691707257391));
#6742=CARTESIAN_POINT('Ctrl Pts',(49.9439735250631,28.1606614608027,-65.0646107398591));
#6743=CARTESIAN_POINT('Ctrl Pts',(49.9464279696222,28.2012332580559,-65.0601972717288));
#6744=CARTESIAN_POINT('Ctrl Pts',(49.9487995999953,28.2418077769229,-65.0559309374048));
#6745=CARTESIAN_POINT('Ctrl Pts',(49.9828594551481,28.8245133499246,-64.9946605426761));
#6746=CARTESIAN_POINT('Ctrl Pts',(50.,29.41053565493,-64.9634512629986));
#6747=CARTESIAN_POINT('Ctrl Pts',(50.,30.,-64.9634512629986));
#6748=CARTESIAN_POINT('Origin',(20.,30.,-113.829355962624));
#6749=CARTESIAN_POINT('Origin',(20.,30.,123.829355962624));
#6750=CARTESIAN_POINT('',(20.,0.,93.3822788327635));
#6751=CARTESIAN_POINT('Ctrl Pts',(50.,30.,64.9634512629986));
#6752=CARTESIAN_POINT('Ctrl Pts',(50.,29.5137059735014,64.9634512629986));
#6753=CARTESIAN_POINT('Ctrl Pts',(49.9883369308939,29.0318571401216,64.9846899414144));
#6754=CARTESIAN_POINT('Ctrl Pts',(49.9654233130146,28.5542290302348,65.0260010058879));
#6755=CARTESIAN_POINT('Ctrl Pts',(49.9420944681087,28.0679456263275,65.0680606850303));
#6756=CARTESIAN_POINT('Ctrl Pts',(49.9071036039772,27.5860373113602,65.1309268894476));
#6757=CARTESIAN_POINT('Ctrl Pts',(49.8608646903698,27.108275343155,65.2134177988661));
#6758=CARTESIAN_POINT('Ctrl Pts',(49.8424608245955,26.9181180395143,65.2462505690609));
#6759=CARTESIAN_POINT('Ctrl Pts',(49.8222748396997,26.7286176779758,65.2821927657403));
#6760=CARTESIAN_POINT('Ctrl Pts',(49.8003319342639,26.539760179849,65.3211719354356));
#6761=CARTESIAN_POINT('Ctrl Pts',(49.7432134017558,26.0481542173791,65.422636756395));
#6762=CARTESIAN_POINT('Ctrl Pts',(49.6741928523302,25.5609137355488,65.5446693844801));
#6763=CARTESIAN_POINT('Ctrl Pts',(49.5937016051427,25.0778004563867,65.6860125114987));
#6764=CARTESIAN_POINT('Ctrl Pts',(49.5817334580041,25.0059669215407,65.7070286517662));
#6765=CARTESIAN_POINT('Ctrl Pts',(49.5695116740096,24.9342246435791,65.7284718002851));
#6766=CARTESIAN_POINT('Ctrl Pts',(49.557037630914,24.8625728508511,65.7503379117397));
#6767=CARTESIAN_POINT('Ctrl Pts',(49.5146453290885,24.6190684473142,65.824648605509));
#6768=CARTESIAN_POINT('Ctrl Pts',(49.4694593354968,24.3773115155389,65.9036332769919));
#6769=CARTESIAN_POINT('Ctrl Pts',(49.4216580522428,24.1375920912474,65.9869227063497));
#6770=CARTESIAN_POINT('Ctrl Pts',(49.3964246655258,24.0110487743128,66.0308896092724));
#6771=CARTESIAN_POINT('Ctrl Pts',(49.3704629926147,23.8850730929841,66.0760553151716));
#6772=CARTESIAN_POINT('Ctrl Pts',(49.343802437171,23.7597068555815,66.1223607180684));
#6773=CARTESIAN_POINT('Ctrl Pts',(49.3061584237976,23.5826929772577,66.187742746946));
#6774=CARTESIAN_POINT('Ctrl Pts',(49.2670995487815,23.4068959473842,66.255397233622));
#6775=CARTESIAN_POINT('Ctrl Pts',(49.2267024803076,23.2324332177513,66.3251485342733));
#6776=CARTESIAN_POINT('Ctrl Pts',(49.1608682788653,22.9481151986292,66.4388206731542));
#6777=CARTESIAN_POINT('Ctrl Pts',(49.0913769154845,22.6668785383546,66.5582372371966));
#6778=CARTESIAN_POINT('Ctrl Pts',(49.0183597328535,22.3885079724567,66.6829945477339));
#6779=CARTESIAN_POINT('Ctrl Pts',(49.0067069684958,22.3440829961477,66.70290448522));
#6780=CARTESIAN_POINT('Ctrl Pts',(48.9949643643499,22.2997310301953,66.7229505432453));
#6781=CARTESIAN_POINT('Ctrl Pts',(48.9831324071827,22.2554512159946,66.7431311916903));
#6782=CARTESIAN_POINT('Ctrl Pts',(48.9303545005102,22.0579356343939,66.8331494672104));
#6783=CARTESIAN_POINT('Ctrl Pts',(48.875827967514,21.8620250405772,66.9257907565749));
#6784=CARTESIAN_POINT('Ctrl Pts',(48.8197243457603,21.6679804992905,67.0207031874165));
#6785=CARTESIAN_POINT('Ctrl Pts',(48.7572172152106,21.4517882625769,67.1264486548205));
#6786=CARTESIAN_POINT('Ctrl Pts',(48.6927718521511,21.2379757190789,67.2349890639066));
#6787=CARTESIAN_POINT('Ctrl Pts',(48.6265739819895,21.0267654578572,67.3459228683769));
#6788=CARTESIAN_POINT('Ctrl Pts',(48.6007515135753,20.9443765488814,67.3891959322232));
#6789=CARTESIAN_POINT('Ctrl Pts',(48.5746620979344,20.8623834529252,67.4328336667361));
#6790=CARTESIAN_POINT('Ctrl Pts',(48.5483157278135,20.7807988900677,67.4768139956719));
#6791=CARTESIAN_POINT('Ctrl Pts',(48.4828321937835,20.5780216014438,67.5861264874234));
#6792=CARTESIAN_POINT('Ctrl Pts',(48.4156901654057,20.377456220117,67.6976782017391));
#6793=CARTESIAN_POINT('Ctrl Pts',(48.346895112119,20.178861952154,67.8113798817124));
#6794=CARTESIAN_POINT('Ctrl Pts',(48.2453134834361,19.8856209671849,67.9792698866456));
#6795=CARTESIAN_POINT('Ctrl Pts',(48.1402112686868,19.5969214347461,68.1517173607463));
#6796=CARTESIAN_POINT('Ctrl Pts',(48.0317354335267,19.3124113069548,68.3282511781776));
#6797=CARTESIAN_POINT('Ctrl Pts',(47.9200910424297,19.0195906992008,68.5099415106471));
#6798=CARTESIAN_POINT('Ctrl Pts',(47.8048730835839,18.731207837452,68.6959605180697));
#6799=CARTESIAN_POINT('Ctrl Pts',(47.6862197452958,18.4468997827007,68.8858412414004));
#6800=CARTESIAN_POINT('Ctrl Pts',(47.6200820371801,18.2884256646408,68.9916812964516));
#6801=CARTESIAN_POINT('Ctrl Pts',(47.5528765726533,18.1312179476329,69.0987219931277));
#6802=CARTESIAN_POINT('Ctrl Pts',(47.4846244239024,17.9752164145315,69.2068882369705));
#6803=CARTESIAN_POINT('Ctrl Pts',(47.4021089344569,17.786613665846,69.3376590729884));
#6804=CARTESIAN_POINT('Ctrl Pts',(47.3180620851219,17.5997753032531,69.4700781552862));
#6805=CARTESIAN_POINT('Ctrl Pts',(47.2324986398452,17.4146131365184,69.6040483757713));
#6806=CARTESIAN_POINT('Ctrl Pts',(47.093845565395,17.1145632307834,69.8211432215312));
#6807=CARTESIAN_POINT('Ctrl Pts',(46.9512391807975,16.8189744851635,70.0422591983199));
#6808=CARTESIAN_POINT('Ctrl Pts',(46.8047320162661,16.5274918249247,70.2670052051517));
#6809=CARTESIAN_POINT('Ctrl Pts',(46.6539179403718,16.2274403688495,70.4983581320865));
#6810=CARTESIAN_POINT('Ctrl Pts',(46.4989704367709,15.9317399784749,70.7335578388992));
#6811=CARTESIAN_POINT('Ctrl Pts',(46.3399217013211,15.6400247922823,70.9722220198252));
#6812=CARTESIAN_POINT('Ctrl Pts',(46.2855672368848,15.540331936073,71.0537848420488));
#6813=CARTESIAN_POINT('Ctrl Pts',(46.2307335694306,15.4411046953996,71.1357526429991));
#6814=CARTESIAN_POINT('Ctrl Pts',(46.1754213185628,15.3423290118875,71.2181112373494));
#6815=CARTESIAN_POINT('Ctrl Pts',(46.0886573626563,15.1873874046592,71.3473006544608));
#6816=CARTESIAN_POINT('Ctrl Pts',(46.0006657728656,15.0334997046589,71.4775195381204));
#6817=CARTESIAN_POINT('Ctrl Pts',(45.9115766488929,14.8808233403302,71.6085331764241));
#6818=CARTESIAN_POINT('Ctrl Pts',(45.7648670538642,14.6293999725577,71.8242829443158));
#6819=CARTESIAN_POINT('Ctrl Pts',(45.6152190713443,14.3813247532268,72.0421255556413));
#6820=CARTESIAN_POINT('Ctrl Pts',(45.4631951701661,14.137286725662,72.261047496361));
#6821=CARTESIAN_POINT('Ctrl Pts',(45.4528935750113,14.1207499775397,72.2758823031665));
#6822=CARTESIAN_POINT('Ctrl Pts',(45.4425810591136,14.104231762694,72.2907220814824));
#6823=CARTESIAN_POINT('Ctrl Pts',(45.4322577928383,14.0877322936017,72.3055665224499));
#6824=CARTESIAN_POINT('Ctrl Pts',(45.2430751164082,13.7853654225616,72.5776035887679));
#6825=CARTESIAN_POINT('Ctrl Pts',(45.0500017948822,13.4887520717889,72.8516345846415));
#6826=CARTESIAN_POINT('Ctrl Pts',(44.8530111492735,13.1973833437499,73.1273894326689));
#6827=CARTESIAN_POINT('Ctrl Pts',(44.7822980452112,13.0927916403081,73.2263762713789));
#6828=CARTESIAN_POINT('Ctrl Pts',(44.7110799118888,12.988876077064,73.3255855100733));
#6829=CARTESIAN_POINT('Ctrl Pts',(44.6393546716127,12.8856141981682,73.4250054980837));
#6830=CARTESIAN_POINT('Ctrl Pts',(44.5633736017613,12.7762252577731,73.530324588331));
#6831=CARTESIAN_POINT('Ctrl Pts',(44.4868307098254,12.6675598710472,73.6358706834135));
#6832=CARTESIAN_POINT('Ctrl Pts',(44.4097186127565,12.5595983935142,73.7416370299483));
#6833=CARTESIAN_POINT('Ctrl Pts',(44.1425499231612,12.1855464927663,74.1080835056776));
#6834=CARTESIAN_POINT('Ctrl Pts',(43.8686231894089,11.820043901847,74.4770328638998));
#6835=CARTESIAN_POINT('Ctrl Pts',(43.5878285617845,11.4625856864388,74.8479035839379));
#6836=CARTESIAN_POINT('Ctrl Pts',(43.3017126051281,11.0983532930648,75.2258026618416));
#6837=CARTESIAN_POINT('Ctrl Pts',(43.0084661019377,10.7424731346586,75.6056970613011));
#6838=CARTESIAN_POINT('Ctrl Pts',(42.7079426260188,10.3944483023263,75.9869993766284));
#6839=CARTESIAN_POINT('Ctrl Pts',(42.3992607532595,10.0369755402315,76.3786530150766));
#6840=CARTESIAN_POINT('Ctrl Pts',(42.082901630276,9.68779043001969,76.7717925419166));
#6841=CARTESIAN_POINT('Ctrl Pts',(41.7586725874208,9.34639268796524,77.1658032825595));
#6842=CARTESIAN_POINT('Ctrl Pts',(41.5067833148932,9.08116527918219,77.4719050369077));
#6843=CARTESIAN_POINT('Ctrl Pts',(41.2501434478178,8.82063876156997,77.7785331447374));
#6844=CARTESIAN_POINT('Ctrl Pts',(40.9886480624983,8.56459348394363,78.0854051078559));
#6845=CARTESIAN_POINT('Ctrl Pts',(40.967165413939,8.54355857846027,78.110615581564));
#6846=CARTESIAN_POINT('Ctrl Pts',(40.9456496971365,8.52255433178013,78.1358280998084));
#6847=CARTESIAN_POINT('Ctrl Pts',(40.924100791878,8.5015806960171,78.1610425572109));
#6848=CARTESIAN_POINT('Ctrl Pts',(40.5566122879938,8.14390266387994,78.591042277194));
#6849=CARTESIAN_POINT('Ctrl Pts',(40.1795034731066,7.79515228194481,79.0215705426956));
#6850=CARTESIAN_POINT('Ctrl Pts',(39.7922229909438,7.45516508100799,79.4520340007912));
#6851=CARTESIAN_POINT('Ctrl Pts',(39.508835808962,7.20638410902277,79.7670197332366));
#6852=CARTESIAN_POINT('Ctrl Pts',(39.220001596641,6.96229598350946,80.0819709424337));
#6853=CARTESIAN_POINT('Ctrl Pts',(38.925490930769,6.72284788169064,80.3966550858389));
#6854=CARTESIAN_POINT('Ctrl Pts',(38.9064875635516,6.70739743885224,80.4169601512494));
#6855=CARTESIAN_POINT('Ctrl Pts',(38.8874595495712,6.69196549801201,80.4372651844502));
#6856=CARTESIAN_POINT('Ctrl Pts',(38.8684067914649,6.67655203123258,80.4575701504123));
#6857=CARTESIAN_POINT('Ctrl Pts',(38.5802134408165,6.4434068555316,80.7647044846012));
#6858=CARTESIAN_POINT('Ctrl Pts',(38.2870061267912,6.21506884214882,81.0711008954273));
#6859=CARTESIAN_POINT('Ctrl Pts',(37.9896369832272,5.99223542646575,81.3755254590003));
#6860=CARTESIAN_POINT('Ctrl Pts',(37.9052505916395,5.92900052707678,81.4619140133833));
#6861=CARTESIAN_POINT('Ctrl Pts',(37.8205290485767,5.86620914679476,81.5481435751885));
#6862=CARTESIAN_POINT('Ctrl Pts',(37.7354918606012,5.80387782179647,81.634185413411));
#6863=CARTESIAN_POINT('Ctrl Pts',(37.4133882866047,5.56777943905516,81.960094398227));
#6864=CARTESIAN_POINT('Ctrl Pts',(37.0862779722038,5.33788696086769,82.2838268974539));
#6865=CARTESIAN_POINT('Ctrl Pts',(36.7538345989775,5.11407920805518,82.6052688062446));
#6866=CARTESIAN_POINT('Ctrl Pts',(36.6911036661301,5.07184744697016,82.6659238002033));
#6867=CARTESIAN_POINT('Ctrl Pts',(36.6281863434055,5.0298348446229,82.7264936838369));
#6868=CARTESIAN_POINT('Ctrl Pts',(36.5650812720417,4.98804121123947,82.7869768036775));
#6869=CARTESIAN_POINT('Ctrl Pts',(36.1714784675101,4.72736340903147,83.164225812063));
#6870=CARTESIAN_POINT('Ctrl Pts',(35.7706316943984,4.47509007531392,83.5380997040421));
#6871=CARTESIAN_POINT('Ctrl Pts',(35.3620883545829,4.23141444480191,83.9082067237814));
#6872=CARTESIAN_POINT('Ctrl Pts',(34.9592888895915,3.99116474780272,84.2731102603511));
#6873=CARTESIAN_POINT('Ctrl Pts',(34.5490078126975,3.75927268508528,84.6343522631445));
#6874=CARTESIAN_POINT('Ctrl Pts',(34.1307860332948,3.53595429880774,84.9915273061455));
#6875=CARTESIAN_POINT('Ctrl Pts',(33.7215465066088,3.31743217681053,85.3410312123041));
#6876=CARTESIAN_POINT('Ctrl Pts',(33.3047037248601,3.10711943450073,85.6866410857504));
#6877=CARTESIAN_POINT('Ctrl Pts',(32.8798026046656,2.90524806287726,86.0279462424793));
#6878=CARTESIAN_POINT('Ctrl Pts',(32.5616728563438,2.754103983477,86.2834864574859));
#6879=CARTESIAN_POINT('Ctrl Pts',(32.239025318849,2.60769250788428,86.5366129560609));
#6880=CARTESIAN_POINT('Ctrl Pts',(31.9116593636686,2.46612215660203,86.7871410608115));
#6881=CARTESIAN_POINT('Ctrl Pts',(31.774064788768,2.40661898593028,86.8924400619089));
#6882=CARTESIAN_POINT('Ctrl Pts',(31.6356411373608,2.34797311939017,86.9972756071009));
#6883=CARTESIAN_POINT('Ctrl Pts',(31.496369572557,2.29019150821796,87.1016362875864));
#6884=CARTESIAN_POINT('Ctrl Pts',(31.126385851876,2.136691003513,87.3788770359991));
#6885=CARTESIAN_POINT('Ctrl Pts',(30.7503334588659,1.9893280586196,87.6528075827173));
#6886=CARTESIAN_POINT('Ctrl Pts',(30.3678154288158,1.84844643314373,87.9231246292391));
#6887=CARTESIAN_POINT('Ctrl Pts',(29.9852973987656,1.70756480766786,88.1934416757609));
#6888=CARTESIAN_POINT('Ctrl Pts',(29.596313841193,1.57316431585876,88.4601454383146));
#6889=CARTESIAN_POINT('Ctrl Pts',(29.2004441165265,1.44562426881172,88.7229023974599));
#6890=CARTESIAN_POINT('Ctrl Pts',(29.0387131491813,1.39351830086596,88.8302506853722));
#6891=CARTESIAN_POINT('Ctrl Pts',(28.8758425592152,1.34256106537759,88.9369320595363));
#6892=CARTESIAN_POINT('Ctrl Pts',(28.711802213981,1.29277961584437,89.042922846292));
#6893=CARTESIAN_POINT('Ctrl Pts',(28.398748383238,1.19777692943777,89.24519517003));
#6894=CARTESIAN_POINT('Ctrl Pts',(28.0832124300407,1.10759764331851,89.4437998664424));
#6895=CARTESIAN_POINT('Ctrl Pts',(27.7650729638095,1.02233976364644,89.6386586834811));
#6896=CARTESIAN_POINT('Ctrl Pts',(27.2802282771077,0.892406717463402,89.9356236064988));
#6897=CARTESIAN_POINT('Ctrl Pts',(26.7893417476722,0.773904962471589,90.2238890747593));
#6898=CARTESIAN_POINT('Ctrl Pts',(26.2921415729587,0.667263665333664,90.5030313818007));
#6899=CARTESIAN_POINT('Ctrl Pts',(26.127193088404,0.63188491599193,90.5956381483774));
#6900=CARTESIAN_POINT('Ctrl Pts',(25.9615528798377,0.597812494037604,90.6872381346063));
#6901=CARTESIAN_POINT('Ctrl Pts',(25.795208946224,0.565062370210057,90.7778163826796));
#6902=CARTESIAN_POINT('Ctrl Pts',(25.3353884870131,0.474532005498506,91.0281996140894));
#6903=CARTESIAN_POINT('Ctrl Pts',(24.8702063577419,0.393999938908605,91.270808334517));
#6904=CARTESIAN_POINT('Ctrl Pts',(24.3993576468391,0.324084829088294,91.5052421806351));
#6905=CARTESIAN_POINT('Ctrl Pts',(23.9542219851103,0.257987783574392,91.7268735938831));
#6906=CARTESIAN_POINT('Ctrl Pts',(23.5040216864245,0.201379990478955,91.941198434315));
#6907=CARTESIAN_POINT('Ctrl Pts',(23.0484881043536,0.154824113447231,92.1478482746284));
#6908=CARTESIAN_POINT('Ctrl Pts',(22.5977567229391,0.108759024958951,92.3523196279151));
#6909=CARTESIAN_POINT('Ctrl Pts',(22.1418039341629,0.0725349508234607,92.5492769978141));
#6910=CARTESIAN_POINT('Ctrl Pts',(21.6803585595703,0.0467366510655836,92.7383337201617));
#6911=CARTESIAN_POINT('Ctrl Pts',(21.2256357696985,0.0213141948318211,92.9246361623648));
#6912=CARTESIAN_POINT('Ctrl Pts',(20.7655792800061,0.00601589290631097,
93.1032665114484));
#6913=CARTESIAN_POINT('Ctrl Pts',(20.2999186561164,0.00144108481390456,
93.2738251351747));
#6914=CARTESIAN_POINT('Ctrl Pts',(20.2002036933053,0.000461451159265311,
93.3103479716558));
#6915=CARTESIAN_POINT('Ctrl Pts',(20.1002317150591,-2.63136505035006E-5,
93.3465005730575));
#6916=CARTESIAN_POINT('Ctrl Pts',(19.9999999984609,-1.60787674048201E-5,
93.3822788330513));
#6917=CARTESIAN_POINT('',(20.,0.,113.829355962624));
#6918=CARTESIAN_POINT('',(20.,0.,0.));
#6919=CARTESIAN_POINT('Origin',(20.,30.,113.829355962624));
#6920=CARTESIAN_POINT('Origin',(60.,-28.,113.829355962624));
#6921=CARTESIAN_POINT('Origin',(60.,30.,113.829355962624));
#6922=CARTESIAN_POINT('',(60.,35.5,123.829355962624));
#6923=CARTESIAN_POINT('Origin',(20.,30.,113.829355962624));
#6924=CARTESIAN_POINT('Origin',(20.,-10.,113.829355962624));
#6925=CARTESIAN_POINT('Origin',(0.,-10.,113.829355962624));
#6926=CARTESIAN_POINT('',(0.,0.,113.829355962624));
#6927=CARTESIAN_POINT('',(0.,0.,113.829355962624));
#6928=CARTESIAN_POINT('Origin',(0.,-10.,113.829355962624));
#6929=CARTESIAN_POINT('Origin',(0.,-10.,0.));
#6930=CARTESIAN_POINT('',(0.,0.,-113.829355962624));
#6931=CARTESIAN_POINT('Origin',(0.,0.,0.));
#6932=CARTESIAN_POINT('Origin',(0.,-10.,-113.829355962624));
#6933=CARTESIAN_POINT('Origin',(0.,-10.,-113.829355962624));
#6934=CARTESIAN_POINT('',(0.,0.,-113.829355962624));
#6935=CARTESIAN_POINT('Origin',(20.,-10.,-113.829355962624));
#6936=CARTESIAN_POINT('Origin',(20.,30.,-113.829355962624));
#6937=CARTESIAN_POINT('Origin',(60.,30.,-113.829355962624));
#6938=CARTESIAN_POINT('Origin',(60.,290.,-113.829355962624));
#6939=CARTESIAN_POINT('Ctrl Pts',(49.9999999611255,30.0015376403997,-64.9634513338107));
#6940=CARTESIAN_POINT('Ctrl Pts',(49.9999999385641,30.0019713623283,-57.1128619939256));
#6941=CARTESIAN_POINT('Ctrl Pts',(55.3403390719322,30.0025627367666,-51.3585131355172));
#6942=CARTESIAN_POINT('Ctrl Pts',(50.0001083772426,27.8573887408483,-64.9632538467731));
#6943=CARTESIAN_POINT('Ctrl Pts',(50.0001712775965,27.2530011785087,-57.1127075164089));
#6944=CARTESIAN_POINT('Ctrl Pts',(55.3404819231958,26.4289773792308,-51.3583570071999));
#6945=CARTESIAN_POINT('Ctrl Pts',(49.7734458114277,25.7800238906191,-65.3761399542516));
#6946=CARTESIAN_POINT('Ctrl Pts',(49.640968940805,24.5776058331926,-57.4365637657519));
#6947=CARTESIAN_POINT('Ctrl Pts',(55.0418255280011,22.9666989677825,-51.6847749056651));
#6948=CARTESIAN_POINT('Ctrl Pts',(49.2364173013128,23.2547484824667,-66.3088720135075));
#6949=CARTESIAN_POINT('Ctrl Pts',(48.8109150117862,21.3996758716249,-58.1469224914361));
#6950=CARTESIAN_POINT('Ctrl Pts',(54.3342229228334,18.757901890163,-52.4221707062875));
#6951=CARTESIAN_POINT('Ctrl Pts',(49.1161800746713,22.7533678058958,-66.5162047384034));
#6952=CARTESIAN_POINT('Ctrl Pts',(48.6245634989062,20.7684500957335,-58.3051165410552));
#6953=CARTESIAN_POINT('Ctrl Pts',(54.1757952556084,17.9222665006704,-52.5860830300877));
#6954=CARTESIAN_POINT('Ctrl Pts',(48.8500858992573,21.7575389656491,-66.970074646941));
#6955=CARTESIAN_POINT('Ctrl Pts',(48.2135379890461,19.5208877915175,-58.6498350771602));
#6956=CARTESIAN_POINT('Ctrl Pts',(53.8251827080523,16.2625499071714,-52.9449017986436));
#6957=CARTESIAN_POINT('Ctrl Pts',(48.704408622842,21.2641587005183,-67.216274542742));
#6958=CARTESIAN_POINT('Ctrl Pts',(47.9889175319793,18.9056280632741,-58.8362754358835));
#6959=CARTESIAN_POINT('Ctrl Pts',(53.6332345693346,15.4402485379066,-53.1395415906495));
#6960=CARTESIAN_POINT('Ctrl Pts',(48.2361336598428,19.8140907950859,-67.9979322544892));
#6961=CARTESIAN_POINT('Ctrl Pts',(47.2682702421561,17.1044613138121,-59.4262333258958));
#6962=CARTESIAN_POINT('Ctrl Pts',(53.016223385084,13.0234659652139,-53.7575016279387));
#6963=CARTESIAN_POINT('Ctrl Pts',(47.8806558113906,18.880411825489,-68.5792716942653));
#6964=CARTESIAN_POINT('Ctrl Pts',(46.7240931887107,15.9599663081903,-59.8613908158021));
#6965=CARTESIAN_POINT('Ctrl Pts',(52.5478365755855,11.467332551328,-54.217094810041));
#6966=CARTESIAN_POINT('Ctrl Pts',(47.0885970720819,17.0700302277868,-69.8345311962998));
#6967=CARTESIAN_POINT('Ctrl Pts',(45.5248622243424,13.7754163656521,-60.7874637396936));
#6968=CARTESIAN_POINT('Ctrl Pts',(51.5041994228261,8.45002631884089,-55.2094732829905));
#6969=CARTESIAN_POINT('Ctrl Pts',(46.6519806219217,16.1933606687717,-70.5085252580151));
#6970=CARTESIAN_POINT('Ctrl Pts',(44.8676176494792,12.7344455564589,-61.2797736564289));
#6971=CARTESIAN_POINT('Ctrl Pts',(50.9289022339475,6.98890862359028,-55.7423170687062));
#6972=CARTESIAN_POINT('Ctrl Pts',(45.9371427777014,14.9168151671269,-71.5729094355284));
#6973=CARTESIAN_POINT('Ctrl Pts',(43.8089981559769,11.2537805541073,-62.041441034287));
#6974=CARTESIAN_POINT('Ctrl Pts',(49.987013218984,4.86133012158308,-56.5837941302521));
#6975=CARTESIAN_POINT('Ctrl Pts',(45.6884981965633,14.4972765577606,-71.9371183376278));
#6976=CARTESIAN_POINT('Ctrl Pts',(43.4415738712054,10.7710623298064,-62.3008433487365));
#6977=CARTESIAN_POINT('Ctrl Pts',(49.6593926191426,4.16209822738178,-56.8717291147922));
#6978=CARTESIAN_POINT('Ctrl Pts',(45.1760304846754,13.6782089599184,-72.6740686560177));
#6979=CARTESIAN_POINT('Ctrl Pts',(42.6894155713257,9.83971219296636,-62.8209255788993));
#6980=CARTESIAN_POINT('Ctrl Pts',(48.9841517414054,2.79698382489102,-57.4543447092834));
#6981=CARTESIAN_POINT('Ctrl Pts',(44.9116890470945,13.2776911896241,-73.0475998123605));
#6982=CARTESIAN_POINT('Ctrl Pts',(42.3036689258905,9.38995460123816,-63.0822778317658));
#6983=CARTESIAN_POINT('Ctrl Pts',(48.635848529736,2.12945334516601,-57.749649668327));
#6984=CARTESIAN_POINT('Ctrl Pts',(43.5500985844159,11.3174234452638,-74.9349290383685));
#6985=CARTESIAN_POINT('Ctrl Pts',(40.3124231945842,7.19673756368245,-64.4022495903257));
#6986=CARTESIAN_POINT('Ctrl Pts',(46.8417812295347,-1.13766370886752,-59.2417278187967));
#6987=CARTESIAN_POINT('Ctrl Pts',(42.3346892612431,9.88258045223043,-76.5057950059922));
#6988=CARTESIAN_POINT('Ctrl Pts',(38.5877758993308,5.70597208486793,-65.4500588921945));
#6989=CARTESIAN_POINT('Ctrl Pts',(45.2403257952252,-3.52907204144885,-60.4836177617789));
#6990=CARTESIAN_POINT('Ctrl Pts',(40.3156282880718,7.90560080755271,-78.8752124536741));
#6991=CARTESIAN_POINT('Ctrl Pts',(35.8828847892043,3.82491980050392,-66.9279096631598));
#6992=CARTESIAN_POINT('Ctrl Pts',(42.5799570505161,-6.82404314462002,-62.3568242557714));
#6993=CARTESIAN_POINT('Ctrl Pts',(39.6096649755978,7.27622156780333,-79.6675942436063));
#6994=CARTESIAN_POINT('Ctrl Pts',(34.9491479803943,3.2521812518485,-67.4109422783607));
#6995=CARTESIAN_POINT('Ctrl Pts',(41.6497608602534,-7.87301017297399,-62.9832629580301));
#6996=CARTESIAN_POINT('Ctrl Pts',(38.4977780405737,6.37671753895408,-80.8525589865665));
#6997=CARTESIAN_POINT('Ctrl Pts',(33.5260514308741,2.48304423855142,-68.1053700065005));
#6998=CARTESIAN_POINT('Ctrl Pts',(40.1847086366497,-9.37218599492475,-63.9200687570348));
#6999=CARTESIAN_POINT('Ctrl Pts',(38.1193959070787,6.08527527712083,-81.2457467426231));
#7000=CARTESIAN_POINT('Ctrl Pts',(33.0463621652233,2.24129122995311,-68.3324265864977));
#7001=CARTESIAN_POINT('Ctrl Pts',(39.6861421129998,-9.85792389719231,-64.2309139385523));
#7002=CARTESIAN_POINT('Ctrl Pts',(37.3515882143828,5.52248065985773,-82.022625097738));
#7003=CARTESIAN_POINT('Ctrl Pts',(32.0877731298326,1.79069024421979,-68.7725382985381));
#7004=CARTESIAN_POINT('Ctrl Pts',(38.6744578957485,-10.7959164994148,-64.8450960955582));
#7005=CARTESIAN_POINT('Ctrl Pts',(36.9614805680782,5.25057109868985,-82.4070476405127));
#7006=CARTESIAN_POINT('Ctrl Pts',(31.6079926128075,1.58162493913452,-68.9859158310981));
#7007=CARTESIAN_POINT('Ctrl Pts',(38.1604414662257,-11.2490998781515,-65.1490117289732));
#7008=CARTESIAN_POINT('Ctrl Pts',(34.9794855845733,3.93792265266729,-84.3066972004858));
#7009=CARTESIAN_POINT('Ctrl Pts',(29.1810387236844,0.601541642409362,-70.0317447620607));
#7010=CARTESIAN_POINT('Ctrl Pts',(35.5489110342335,-13.4368510056603,-66.65083103501));
#7011=CARTESIAN_POINT('Ctrl Pts',(33.2941694967991,3.03607094538632,-85.7545008633409));
#7012=CARTESIAN_POINT('Ctrl Pts',(27.2727754173665,0.0852138166967618,-70.7422178355908));
#7013=CARTESIAN_POINT('Ctrl Pts',(33.328292227007,-14.9399401123098,-67.7954316460345));
#7014=CARTESIAN_POINT('Ctrl Pts',(30.597472468612,1.91725297544812,-87.7752114511684));
#7015=CARTESIAN_POINT('Ctrl Pts',(24.5163683796003,-0.373954841966996,-71.6423500045));
#7016=CARTESIAN_POINT('Ctrl Pts',(29.7750491155644,-16.804640697351,-69.3929596831188));
#7017=CARTESIAN_POINT('Ctrl Pts',(29.6699434576853,1.58354748956218,-88.4238460345183));
#7018=CARTESIAN_POINT('Ctrl Pts',(23.6057063766999,-0.473528138931607,-71.9171673718394));
#7019=CARTESIAN_POINT('Ctrl Pts',(28.5529109600894,-17.3608177455274,-69.9057555245586));
#7020=CARTESIAN_POINT('Ctrl Pts',(27.7536617792346,1.00201198762172,-89.6620019369323));
#7021=CARTESIAN_POINT('Ctrl Pts',(21.8230516934754,-0.577756820725463,-72.4197152396033));
#7022=CARTESIAN_POINT('Ctrl Pts',(26.0279643602212,-18.330045853429,-70.8846136394519));
#7023=CARTESIAN_POINT('Ctrl Pts',(26.7815644409821,0.759258031818967,-90.2407210265155));
#7024=CARTESIAN_POINT('Ctrl Pts',(20.969094215784,-0.580224398047782,-72.6419958475739));
#7025=CARTESIAN_POINT('Ctrl Pts',(24.7471014400988,-18.7346368038755,-71.3421359197354));
#7026=CARTESIAN_POINT('Ctrl Pts',(23.8225008848486,0.176671623491289,-91.8520164047167));
#7027=CARTESIAN_POINT('Ctrl Pts',(18.4926277348904,-0.474890033735287,-73.2517920505099));
#7028=CARTESIAN_POINT('Ctrl Pts',(20.8481553996666,-19.7056167667493,-72.6159897297851));
#7029=CARTESIAN_POINT('Ctrl Pts',(21.7930333145496,-0.019364642397586,-92.7602865184809));
#7030=CARTESIAN_POINT('Ctrl Pts',(17.0079910147077,-0.254527352526039,-73.5698370341843));
#7031=CARTESIAN_POINT('Ctrl Pts',(18.1739839277941,-20.0323440208217,-73.3340657729037));
#7032=CARTESIAN_POINT('Ctrl Pts',(19.7009561018937,0.00149049124261932,
-93.4876347483327));
#7033=CARTESIAN_POINT('Ctrl Pts',(15.6089145030855,0.0422825202787179,-73.8690683908602));
#7034=CARTESIAN_POINT('Ctrl Pts',(15.4174894720039,-19.9975870021544,-73.9090726392894));
#7035=CARTESIAN_POINT('Ctrl Pts',(44.3274306880862,0.,-61.4875506797345));
#7036=CARTESIAN_POINT('Ctrl Pts',(41.9131314006915,0.,-63.8110139173865));
#7037=CARTESIAN_POINT('Ctrl Pts',(39.7355484534542,0.,-66.3369745546245));
#7038=CARTESIAN_POINT('Ctrl Pts',(35.6203917394431,0.,-71.5942100667586));
#7039=CARTESIAN_POINT('Ctrl Pts',(33.6848434677955,0.,-74.3275492344809));
#7040=CARTESIAN_POINT('Ctrl Pts',(29.8748470973014,0.,-79.8451372036425));
#7041=CARTESIAN_POINT('Ctrl Pts',(28.0032334039828,0.,-82.6270168669757));
#7042=CARTESIAN_POINT('Ctrl Pts',(25.1038947156323,0.,-86.7362531965844));
#7043=CARTESIAN_POINT('Ctrl Pts',(24.1222990524077,0.,-88.0950705619022));
#7044=CARTESIAN_POINT('Ctrl Pts',(22.6097955060165,0.,-90.1040074354178));
#7045=CARTESIAN_POINT('Ctrl Pts',(22.0991105572757,0.,-90.7685512979235));
#7046=CARTESIAN_POINT('Ctrl Pts',(21.3212525163698,0.,-91.7561057642789));
#7047=CARTESIAN_POINT('Ctrl Pts',(21.0599953974759,0.,-92.08374755192));
#7048=CARTESIAN_POINT('Ctrl Pts',(20.5332056029851,-2.05432527401307E-29,
-92.7356841058427));
#7049=CARTESIAN_POINT('Ctrl Pts',(20.2662766670776,-2.74406270218436E-14,
-93.0615284080263));
#7050=CARTESIAN_POINT('Ctrl Pts',(20.,0.,-93.3822788327635));
#7051=CARTESIAN_POINT('Origin',(70.,30.,-64.9634512629986));
#7052=CARTESIAN_POINT('Origin',(70.,290.,-64.9634512629986));
#7053=CARTESIAN_POINT('',(50.,290.,-64.9634512629986));
#7054=CARTESIAN_POINT('Origin',(70.,290.,64.9634512629986));
#7055=CARTESIAN_POINT('Origin',(70.,30.,64.9634512629986));
#7056=CARTESIAN_POINT('Ctrl Pts',(55.3403390719322,30.0025627367655,51.3585131355172));
#7057=CARTESIAN_POINT('Ctrl Pts',(49.9999999385641,30.0019713623275,57.1128619939255));
#7058=CARTESIAN_POINT('Ctrl Pts',(49.9999999611255,30.0015376403991,64.9634513338107));
#7059=CARTESIAN_POINT('Ctrl Pts',(55.3404819231771,26.4289773792302,51.3583570072199));
#7060=CARTESIAN_POINT('Ctrl Pts',(50.0001712776212,27.2530011785128,57.1127075164958));
#7061=CARTESIAN_POINT('Ctrl Pts',(50.0001083772425,27.8573887408523,64.9632538467732));
#7062=CARTESIAN_POINT('Ctrl Pts',(55.041825528001,22.9666989677822,51.6847749056652));
#7063=CARTESIAN_POINT('Ctrl Pts',(49.6409689408049,24.5776058331863,57.436563765752));
#7064=CARTESIAN_POINT('Ctrl Pts',(49.7734458114265,25.780023890613,65.3761399542516));
#7065=CARTESIAN_POINT('Ctrl Pts',(54.3342229228334,18.757901890163,52.4221707062875));
#7066=CARTESIAN_POINT('Ctrl Pts',(48.8109150117862,21.3996758716264,58.1469224914361));
#7067=CARTESIAN_POINT('Ctrl Pts',(49.2364173013131,23.2547484824681,66.3088720135075));
#7068=CARTESIAN_POINT('Ctrl Pts',(54.1757952556083,17.9222665006719,52.5860830300877));
#7069=CARTESIAN_POINT('Ctrl Pts',(48.6245634989062,20.7684500957335,58.3051165410521));
#7070=CARTESIAN_POINT('Ctrl Pts',(49.1161800746713,22.7533678058958,66.5162047384034));
#7071=CARTESIAN_POINT('Ctrl Pts',(53.8251827080523,16.2625499071699,52.9449017986436));
#7072=CARTESIAN_POINT('Ctrl Pts',(48.2135379890461,19.5208877915175,58.6498350771633));
#7073=CARTESIAN_POINT('Ctrl Pts',(48.8500858992573,21.7575389656491,66.970074646941));
#7074=CARTESIAN_POINT('Ctrl Pts',(53.6332345693346,15.4402485379074,53.1395415906495));
#7075=CARTESIAN_POINT('Ctrl Pts',(47.9889175319762,18.9056280632741,58.8362754358835));
#7076=CARTESIAN_POINT('Ctrl Pts',(48.704408622842,21.2641587005183,67.216274542742));
#7077=CARTESIAN_POINT('Ctrl Pts',(53.016223385084,13.0234659652123,53.7575016279387));
#7078=CARTESIAN_POINT('Ctrl Pts',(47.2682702421623,17.1044613138122,59.4262333258958));
#7079=CARTESIAN_POINT('Ctrl Pts',(48.2361336598428,19.8140907950859,67.9979322544893));
#7080=CARTESIAN_POINT('Ctrl Pts',(52.5478365755855,11.4673325513281,54.217094810041));
#7081=CARTESIAN_POINT('Ctrl Pts',(46.7240931887108,15.9599663081903,59.8613908158021));
#7082=CARTESIAN_POINT('Ctrl Pts',(47.8806558113906,18.880411825489,68.5792716942653));
#7083=CARTESIAN_POINT('Ctrl Pts',(51.5041994228261,8.4500263188409,55.2094732829905));
#7084=CARTESIAN_POINT('Ctrl Pts',(45.5248622243424,13.7754163656521,60.7874637396936));
#7085=CARTESIAN_POINT('Ctrl Pts',(47.0885970720819,17.0700302277868,69.8345311962998));
#7086=CARTESIAN_POINT('Ctrl Pts',(50.9289022339536,6.98890862358877,55.7423170687007));
#7087=CARTESIAN_POINT('Ctrl Pts',(44.8676176494731,12.7344455564589,61.2797736564166));
#7088=CARTESIAN_POINT('Ctrl Pts',(46.6519806219211,16.1933606687706,70.5085252580028));
#7089=CARTESIAN_POINT('Ctrl Pts',(49.987013218981,4.86133012158387,56.5837941302548));
#7090=CARTESIAN_POINT('Ctrl Pts',(43.80899815598,11.2537805541073,62.0414410342932));
#7091=CARTESIAN_POINT('Ctrl Pts',(45.9371427777017,14.9168151671275,71.5729094355346));
#7092=CARTESIAN_POINT('Ctrl Pts',(49.6593926191426,4.1620982273818,56.8717291147922));
#7093=CARTESIAN_POINT('Ctrl Pts',(43.4415738712024,10.7710623298064,62.3008433487365));
#7094=CARTESIAN_POINT('Ctrl Pts',(45.6884981965633,14.4972765577606,71.9371183376278));
#7095=CARTESIAN_POINT('Ctrl Pts',(48.9841517414054,2.79698382489103,57.4543447092834));
#7096=CARTESIAN_POINT('Ctrl Pts',(42.6894155713288,9.83971219296636,62.8209255788993));
#7097=CARTESIAN_POINT('Ctrl Pts',(45.1760304846754,13.6782089599184,72.6740686560177));
#7098=CARTESIAN_POINT('Ctrl Pts',(48.635848529736,2.12945334516603,57.749649668327));
#7099=CARTESIAN_POINT('Ctrl Pts',(42.3036689258874,9.38995460123817,63.0822778317658));
#7100=CARTESIAN_POINT('Ctrl Pts',(44.9116890470945,13.2776911896241,73.0475998123605));
#7101=CARTESIAN_POINT('Ctrl Pts',(46.8417812295347,-1.13766370886751,59.2417278187967));
#7102=CARTESIAN_POINT('Ctrl Pts',(40.3124231945966,7.19673756368245,64.4022495903257));
#7103=CARTESIAN_POINT('Ctrl Pts',(43.5500985844159,11.3174234452638,74.9349290383685));
#7104=CARTESIAN_POINT('Ctrl Pts',(45.2403257952252,-3.52907204144884,60.4836177617789));
#7105=CARTESIAN_POINT('Ctrl Pts',(38.5877758993428,5.70597208486793,65.4500588921945));
#7106=CARTESIAN_POINT('Ctrl Pts',(42.3346892612431,9.88258045223043,76.5057950059922));
#7107=CARTESIAN_POINT('Ctrl Pts',(42.5799570505161,-6.82404314461999,62.3568242557714));
#7108=CARTESIAN_POINT('Ctrl Pts',(35.8828847891982,3.82491980050393,66.9279096631598));
#7109=CARTESIAN_POINT('Ctrl Pts',(40.3156282880718,7.90560080755271,78.8752124536741));
#7110=CARTESIAN_POINT('Ctrl Pts',(41.6497608602534,-7.87301017297397,62.9832629580301));
#7111=CARTESIAN_POINT('Ctrl Pts',(34.9491479803882,3.2521812518485,67.4109422783607));
#7112=CARTESIAN_POINT('Ctrl Pts',(39.6096649755978,7.27622156780333,79.6675942436063));
#7113=CARTESIAN_POINT('Ctrl Pts',(40.1847086366497,-9.37218599492473,63.9200687570348));
#7114=CARTESIAN_POINT('Ctrl Pts',(33.5260514308772,2.48304423855142,68.1053700065006));
#7115=CARTESIAN_POINT('Ctrl Pts',(38.4977780405737,6.37671753895408,80.8525589865665));
#7116=CARTESIAN_POINT('Ctrl Pts',(39.6861421129998,-9.85792389719228,64.2309139385523));
#7117=CARTESIAN_POINT('Ctrl Pts',(33.0463621652234,2.24129122995312,68.3324265864977));
#7118=CARTESIAN_POINT('Ctrl Pts',(38.1193959070787,6.08527527712083,81.2457467426231));
#7119=CARTESIAN_POINT('Ctrl Pts',(38.6744578957485,-10.7959164994147,64.8450960955581));
#7120=CARTESIAN_POINT('Ctrl Pts',(32.0877731298326,1.79069024421979,68.7725382985381));
#7121=CARTESIAN_POINT('Ctrl Pts',(37.3515882143828,5.52248065985773,82.022625097738));
#7122=CARTESIAN_POINT('Ctrl Pts',(38.1604414662257,-11.2490998781515,65.1490117289732));
#7123=CARTESIAN_POINT('Ctrl Pts',(31.6079926128075,1.58162493913471,68.9859158310981));
#7124=CARTESIAN_POINT('Ctrl Pts',(36.9614805680782,5.25057109868985,82.4070476405127));
#7125=CARTESIAN_POINT('Ctrl Pts',(35.5489110342335,-13.4368510056603,66.65083103501));
#7126=CARTESIAN_POINT('Ctrl Pts',(29.1810387236844,0.601541642408591,70.0317447620608));
#7127=CARTESIAN_POINT('Ctrl Pts',(34.9794855845733,3.93792265266729,84.3066972004858));
#7128=CARTESIAN_POINT('Ctrl Pts',(33.328292227007,-14.9399401123097,67.7954316460344));
#7129=CARTESIAN_POINT('Ctrl Pts',(27.2727754173485,0.0852138166967646,70.7422178355909));
#7130=CARTESIAN_POINT('Ctrl Pts',(33.2941694967991,3.03607094538632,85.7545008633409));
#7131=CARTESIAN_POINT('Ctrl Pts',(29.7750491155643,-16.804640697351,69.3929596831189));
#7132=CARTESIAN_POINT('Ctrl Pts',(24.5163683796095,-0.373954841966993,71.6423500045));
#7133=CARTESIAN_POINT('Ctrl Pts',(30.597472468612,1.91725297544812,87.7752114511684));
#7134=CARTESIAN_POINT('Ctrl Pts',(28.5529109600894,-17.3608177455273,69.9057555245586));
#7135=CARTESIAN_POINT('Ctrl Pts',(23.6057063766999,-0.473528138931607,71.9171673718394));
#7136=CARTESIAN_POINT('Ctrl Pts',(29.6699434576853,1.58354748956218,88.4238460345183));
#7137=CARTESIAN_POINT('Ctrl Pts',(26.0279643602212,-18.330045853429,70.8846136394519));
#7138=CARTESIAN_POINT('Ctrl Pts',(21.8230516934754,-0.57775682072546,72.4197152396033));
#7139=CARTESIAN_POINT('Ctrl Pts',(27.7536617792346,1.00201198762172,89.6620019369323));
#7140=CARTESIAN_POINT('Ctrl Pts',(24.7471014400988,-18.7346368038755,71.3421359197355));
#7141=CARTESIAN_POINT('Ctrl Pts',(20.969094215784,-0.580224398047779,72.6419958475739));
#7142=CARTESIAN_POINT('Ctrl Pts',(26.7815644409821,0.759258031818967,90.2407210265155));
#7143=CARTESIAN_POINT('Ctrl Pts',(20.8481553996666,-19.7056167667493,72.6159897297851));
#7144=CARTESIAN_POINT('Ctrl Pts',(18.4926277348904,-0.474890033735286,73.2517920505099));
#7145=CARTESIAN_POINT('Ctrl Pts',(23.8225008848486,0.176671623491289,91.8520164047167));
#7146=CARTESIAN_POINT('Ctrl Pts',(18.173983927794,-20.0323440208277,73.3340657729037));
#7147=CARTESIAN_POINT('Ctrl Pts',(17.0079910146995,-0.254527352609744,73.5698370342292));
#7148=CARTESIAN_POINT('Ctrl Pts',(21.7930333145823,-0.0193646423979083,
92.760286518575));
#7149=CARTESIAN_POINT('Ctrl Pts',(15.4174894720039,-19.9975870021543,73.9090726392894));
#7150=CARTESIAN_POINT('Ctrl Pts',(15.6089145030856,0.042282520278721,73.8690683908602));
#7151=CARTESIAN_POINT('Ctrl Pts',(19.7009561018937,0.00149049124262279,
93.4876347483327));
#7152=CARTESIAN_POINT('Ctrl Pts',(20.,0.,93.3822788327635));
#7153=CARTESIAN_POINT('Ctrl Pts',(22.1417453715051,-2.77555756156289E-14,
90.8023842256405));
#7154=CARTESIAN_POINT('Ctrl Pts',(24.1375445061512,-7.70371977754894E-31,
88.1058663259247));
#7155=CARTESIAN_POINT('Ctrl Pts',(28.0033064477406,0.,82.6269095664428));
#7156=CARTESIAN_POINT('Ctrl Pts',(29.8749122274151,0.,79.8450414565402));
#7157=CARTESIAN_POINT('Ctrl Pts',(33.6848924801223,0.,74.3274796820048));
#7158=CARTESIAN_POINT('Ctrl Pts',(35.6204422602146,0.,71.5941418464735));
#7159=CARTESIAN_POINT('Ctrl Pts',(39.7355843042395,0.,66.3369324327455));
#7160=CARTESIAN_POINT('Ctrl Pts',(41.9131560850195,0.,63.8109901617862));
#7161=CARTESIAN_POINT('Ctrl Pts',(44.3274306880863,0.,61.4875506797345));
#7162=CARTESIAN_POINT('Origin',(70.,290.,86.8491665668777));
#7163=CARTESIAN_POINT('',(70.,275.,64.9634512629986));
#7164=CARTESIAN_POINT('',(70.,290.,64.9634512629986));
#7165=CARTESIAN_POINT('',(70.,275.,0.));
#7166=CARTESIAN_POINT('Origin',(0.,290.,0.));
#7167=CARTESIAN_POINT('',(70.,275.,-64.9634512629986));
#7168=CARTESIAN_POINT('',(70.,290.,-64.9634512629986));
#7169=CARTESIAN_POINT('Origin',(0.,275.,0.));
#7170=CARTESIAN_POINT('Origin',(70.,290.,-56.5707521604583));
#7171=CARTESIAN_POINT('',(70.,275.,0.));
#7172=CARTESIAN_POINT('Origin',(65.,290.,123.829355962624));
#7173=CARTESIAN_POINT('',(65.,270.,64.9634512629986));
#7174=CARTESIAN_POINT('',(65.,270.,123.829355962624));
#7175=CARTESIAN_POINT('',(65.,30.,64.9634512629986));
#7176=CARTESIAN_POINT('',(65.,30.,123.829355962624));
#7177=CARTESIAN_POINT('',(65.,290.,64.9634512629986));
#7178=CARTESIAN_POINT('Origin',(65.,290.,-56.5707521604583));
#7179=CARTESIAN_POINT('',(65.,270.,-64.9634512629986));
#7180=CARTESIAN_POINT('',(65.,270.,-56.5707521604583));
#7181=CARTESIAN_POINT('',(65.,290.,-64.9634512629986));
#7182=CARTESIAN_POINT('Origin',(0.,290.,0.));
#7183=CARTESIAN_POINT('',(66.3350785340314,30.,-61.5622234481819));
#7184=CARTESIAN_POINT('Ctrl Pts',(66.3350785340314,30.,-61.5622234481819));
#7185=CARTESIAN_POINT('Ctrl Pts',(66.3350785340314,27.7006038937775,-61.5622234481819));
#7186=CARTESIAN_POINT('Ctrl Pts',(66.1856213657645,25.4429358160508,-61.7243049404891));
#7187=CARTESIAN_POINT('Ctrl Pts',(65.6100427520842,21.003100854765,-62.3357729239681));
#7188=CARTESIAN_POINT('Ctrl Pts',(65.1838415655251,18.8209297260708,-62.7850522761472));
#7189=CARTESIAN_POINT('Ctrl Pts',(64.3398001081903,15.6000305544396,-63.6459081141719));
#7190=CARTESIAN_POINT('Ctrl Pts',(64.0268901801814,14.5457669713684,-63.9612258146974));
#7191=CARTESIAN_POINT('Ctrl Pts',(63.3438214373976,12.4819198834269,-64.6377703790192));
#7192=CARTESIAN_POINT('Ctrl Pts',(62.9732220936003,11.4706828561621,-64.9994458719945));
#7193=CARTESIAN_POINT('Ctrl Pts',(61.7769340143041,8.49399998110694,-66.1443805765644));
#7194=CARTESIAN_POINT('Ctrl Pts',(60.8672671013418,6.58522804956036,-66.9871620714831));
#7195=CARTESIAN_POINT('Ctrl Pts',(58.8244153285545,2.90203801794238,-68.7880240160375));
#7196=CARTESIAN_POINT('Ctrl Pts',(57.7089983204397,1.15977684546611,-69.7302170392626));
#7197=CARTESIAN_POINT('Ctrl Pts',(55.2979722836306,-2.14638382918999,-71.6572809755575));
#7198=CARTESIAN_POINT('Ctrl Pts',(54.00171146183,-3.71116619387191,-72.6428824186515));
#7199=CARTESIAN_POINT('Ctrl Pts',(51.9149759135206,-5.93349488018575,-74.1337715054534));
#7200=CARTESIAN_POINT('Ctrl Pts',(51.1955825417505,-6.65335194861869,-74.632875579994));
#7201=CARTESIAN_POINT('Ctrl Pts',(49.7069711965239,-8.05120736399151,-75.6324718860623));
#7202=CARTESIAN_POINT('Ctrl Pts',(48.936420413175,-8.73029936513346,-76.1338032268681));
#7203=CARTESIAN_POINT('Ctrl Pts',(46.5544345375815,-10.6960979315254,-77.6302233119035));
#7204=CARTESIAN_POINT('Ctrl Pts',(44.8863176608887,-11.9013707276921,-78.6094894988593));
#7205=CARTESIAN_POINT('Ctrl Pts',(43.1317329718673,-13.,-79.5606913673048));
#7206=CARTESIAN_POINT('',(66.3350785340314,270.,-61.5622234481819));
#7207=CARTESIAN_POINT('',(66.3350785340314,290.,-61.5622234481819));
#7208=CARTESIAN_POINT('',(66.3350785340314,270.,61.562223448182));
#7209=CARTESIAN_POINT('Origin',(0.,270.,0.));
#7210=CARTESIAN_POINT('',(66.3350785340314,30.,61.562223448182));
#7211=CARTESIAN_POINT('',(66.3350785340314,290.,61.5622234481819));
#7212=CARTESIAN_POINT('Ctrl Pts',(43.1317329718673,-13.,79.5606913673048));
#7213=CARTESIAN_POINT('Ctrl Pts',(44.8863176608887,-11.9013707276921,78.6094894988594));
#7214=CARTESIAN_POINT('Ctrl Pts',(46.5544345375815,-10.6960979315254,77.6302233119035));
#7215=CARTESIAN_POINT('Ctrl Pts',(48.9364204131751,-8.73029936513346,76.1338032268681));
#7216=CARTESIAN_POINT('Ctrl Pts',(49.7069711965239,-8.05120736399151,75.6324718860623));
#7217=CARTESIAN_POINT('Ctrl Pts',(51.1955825417505,-6.65335194861869,74.632875579994));
#7218=CARTESIAN_POINT('Ctrl Pts',(51.9149759135206,-5.93349488018574,74.1337715054533));
#7219=CARTESIAN_POINT('Ctrl Pts',(54.00171146183,-3.7111661938719,72.6428824186515));
#7220=CARTESIAN_POINT('Ctrl Pts',(55.2979722836306,-2.14638382918999,71.6572809755576));
#7221=CARTESIAN_POINT('Ctrl Pts',(57.7089983204397,1.15977684546611,69.7302170392626));
#7222=CARTESIAN_POINT('Ctrl Pts',(58.8244153285545,2.90203801794239,68.7880240160375));
#7223=CARTESIAN_POINT('Ctrl Pts',(60.8672671013418,6.58522804956036,66.9871620714831));
#7224=CARTESIAN_POINT('Ctrl Pts',(61.7769340143041,8.49399998110693,66.1443805765643));
#7225=CARTESIAN_POINT('Ctrl Pts',(62.9732220936003,11.4706828561621,64.9994458719945));
#7226=CARTESIAN_POINT('Ctrl Pts',(63.3438214373975,12.4819198834269,64.6377703790192));
#7227=CARTESIAN_POINT('Ctrl Pts',(64.0268901801814,14.5457669713684,63.9612258146974));
#7228=CARTESIAN_POINT('Ctrl Pts',(64.3398001081904,15.6000305544396,63.6459081141719));
#7229=CARTESIAN_POINT('Ctrl Pts',(65.1838415655252,18.8209297260708,62.7850522761472));
#7230=CARTESIAN_POINT('Ctrl Pts',(65.6100427520842,21.003100854765,62.3357729239681));
#7231=CARTESIAN_POINT('Ctrl Pts',(66.1856213657645,25.4429358160508,61.7243049404891));
#7232=CARTESIAN_POINT('Ctrl Pts',(66.3350785340314,27.7006038937775,61.5622234481819));
#7233=CARTESIAN_POINT('Ctrl Pts',(66.3350785340314,30.,61.562223448182));
#7234=CARTESIAN_POINT('Origin',(20.,30.,-56.5707521604583));
#7235=CARTESIAN_POINT('Ctrl Pts',(33.266517759503,-12.9999942620554,-88.9569695337887));
#7236=CARTESIAN_POINT('Ctrl Pts',(33.7617006423465,-12.8472186019143,-88.7420973790307));
#7237=CARTESIAN_POINT('Ctrl Pts',(34.2510798079223,-12.6868698004877,-88.5238956565871));
#7238=CARTESIAN_POINT('Ctrl Pts',(34.7348403096172,-12.5192248406539,-88.3025235848888));
#7239=CARTESIAN_POINT('Ctrl Pts',(35.2256077926608,-12.3491516439082,-88.0779450712175));
#7240=CARTESIAN_POINT('Ctrl Pts',(35.7105929678999,-12.1715693896862,-87.8501037019358));
#7241=CARTESIAN_POINT('Ctrl Pts',(36.1899931565586,-11.9867136317024,-87.6191657147207));
#7242=CARTESIAN_POINT('Ctrl Pts',(36.6728795608321,-11.8005135959206,-87.3865483380599));
#7243=CARTESIAN_POINT('Ctrl Pts',(37.1500997603361,-11.6069338042574,-87.1507891422722));
#7244=CARTESIAN_POINT('Ctrl Pts',(37.6218549421752,-11.4061617201708,-86.912058018131));
#7245=CARTESIAN_POINT('Ctrl Pts',(38.0982394345524,-11.2034194694376,-86.6709842371388));
#7246=CARTESIAN_POINT('Ctrl Pts',(38.5690514361937,-10.9933430098594,-86.4268799148389));
#7247=CARTESIAN_POINT('Ctrl Pts',(39.0344929777076,-10.7760723596769,-86.1799199926332));
#7248=CARTESIAN_POINT('Ctrl Pts',(39.3151453936989,-10.6450622811621,-86.0310078465564));
#7249=CARTESIAN_POINT('Ctrl Pts',(39.5938450641944,-10.5114354779013,-85.8810574440129));
#7250=CARTESIAN_POINT('Ctrl Pts',(39.8706346835507,-10.3752136498728,-85.7301071383726));
#7251=CARTESIAN_POINT('Ctrl Pts',(40.3562271832411,-10.1362296224421,-85.4652838533977));
#7252=CARTESIAN_POINT('Ctrl Pts',(40.8359070536034,-9.88927805076224,-85.1973695051614));
#7253=CARTESIAN_POINT('Ctrl Pts',(41.3098264201986,-9.6344710818879,-84.9265531294368));
#7254=CARTESIAN_POINT('Ctrl Pts',(41.7871788788597,-9.37781828048411,-84.6537749483581));
#7255=CARTESIAN_POINT('Ctrl Pts',(42.258687402579,-9.11319574097917,-84.3780525426824));
#7256=CARTESIAN_POINT('Ctrl Pts',(42.724492378595,-8.84066742648975,-84.0995790861639));
#7257=CARTESIAN_POINT('Ctrl Pts',(43.1915994195054,-8.56737731345946,-83.8203272126459));
#7258=CARTESIAN_POINT('Ctrl Pts',(43.6529712975689,-8.28613699993356,-83.5383088867614));
#7259=CARTESIAN_POINT('Ctrl Pts',(44.1087296338469,-7.99696245020217,-83.2537189067329));
#7260=CARTESIAN_POINT('Ctrl Pts',(44.5654570097749,-7.70717305356147,-82.9685238275703));
#7261=CARTESIAN_POINT('Ctrl Pts',(45.0165472569795,-7.40941546546542,-82.6807461468649));
#7262=CARTESIAN_POINT('Ctrl Pts',(45.4620980722955,-7.10365968144932,-82.3905819080311));
#7263=CARTESIAN_POINT('Ctrl Pts',(45.5798013936964,-7.02288669197405,-82.3139278127215));
#7264=CARTESIAN_POINT('Ctrl Pts',(45.6971179798057,-6.94155528108012,-82.2371071634502));
#7265=CARTESIAN_POINT('Ctrl Pts',(45.8140493028836,-6.8596643851826,-82.1601235745377));
#7266=CARTESIAN_POINT('Ctrl Pts',(46.2530725931104,-6.55220176857815,-81.8710856366425));
#7267=CARTESIAN_POINT('Ctrl Pts',(46.6866655271978,-6.2368568910939,-81.5797535757555));
#7268=CARTESIAN_POINT('Ctrl Pts',(47.114895771391,-5.91354100205942,-81.2863303525551));
#7269=CARTESIAN_POINT('Ctrl Pts',(47.1448665591417,-5.89091291350644,-81.2657943785951));
#7270=CARTESIAN_POINT('Ctrl Pts',(47.1748110656915,-5.86824576444844,-81.2452481615828));
#7271=CARTESIAN_POINT('Ctrl Pts',(47.2047293081063,-5.84553951710957,-81.2246917710967));
#7272=CARTESIAN_POINT('Ctrl Pts',(47.448653684728,-5.6604147644336,-81.0570948693343));
#7273=CARTESIAN_POINT('Ctrl Pts',(47.6910648524048,-5.47250906552076,-80.888657356547));
#7274=CARTESIAN_POINT('Ctrl Pts',(47.9314142042461,-5.28223491434241,-80.7198128299346));
#7275=CARTESIAN_POINT('Ctrl Pts',(48.1417588075037,-5.11571422047256,-80.5720465277149));
#7276=CARTESIAN_POINT('Ctrl Pts',(48.3505246516861,-4.94738018951995,-80.4239684901841));
#7277=CARTESIAN_POINT('Ctrl Pts',(48.5573644813161,-4.77753490230828,-80.2758693548928));
#7278=CARTESIAN_POINT('Ctrl Pts',(48.9571873309897,-4.44922276407989,-79.9895926817187));
#7279=CARTESIAN_POINT('Ctrl Pts',(49.3500759990757,-4.11506616205859,-79.7030621153712));
#7280=CARTESIAN_POINT('Ctrl Pts',(49.7362306517598,-3.77508825488609,-79.4165030569999));
#7281=CARTESIAN_POINT('Ctrl Pts',(50.1243792958281,-3.43335479974071,-79.1284642902021));
#7282=CARTESIAN_POINT('Ctrl Pts',(50.5057244659033,-3.08573956978584,-78.8403967363716));
#7283=CARTESIAN_POINT('Ctrl Pts',(50.8804416970746,-2.73222144299982,-78.5525293064387));
#7284=CARTESIAN_POINT('Ctrl Pts',(50.9593768885676,-2.65775189980088,-78.4918892589145));
#7285=CARTESIAN_POINT('Ctrl Pts',(51.0380178625267,-2.58302026720935,-78.4312580917991));
#7286=CARTESIAN_POINT('Ctrl Pts',(51.1163660868054,-2.50802610974568,-78.3706379448647));
#7287=CARTESIAN_POINT('Ctrl Pts',(51.4875600879488,-2.15272282587944,-78.083435074632));
#7288=CARTESIAN_POINT('Ctrl Pts',(51.8521715791749,-1.79154348852649,-77.7964517375931));
#7289=CARTESIAN_POINT('Ctrl Pts',(52.2103436564151,-1.42441346366936,-77.5099677120392));
#7290=CARTESIAN_POINT('Ctrl Pts',(52.5688052775614,-1.05698665336126,-77.2232520947195));
#7291=CARTESIAN_POINT('Ctrl Pts',(52.9208173040382,-0.683599295487658,-76.9370365964914));
#7292=CARTESIAN_POINT('Ctrl Pts',(53.2664870421405,-0.304138989172806,-76.6516016747073));
#7293=CARTESIAN_POINT('Ctrl Pts',(53.6118000024872,0.0749296629661946,-76.3664613602305));
#7294=CARTESIAN_POINT('Ctrl Pts',(53.9507839786219,0.460058982752066,-76.0821000117091));
#7295=CARTESIAN_POINT('Ctrl Pts',(54.2835065167819,0.851394871902059,-75.7987972189826));
#7296=CARTESIAN_POINT('Ctrl Pts',(54.6150902028595,1.24139128553984,-75.5164641230406));
#7297=CARTESIAN_POINT('Ctrl Pts',(54.9404554376809,1.63755211580413,-75.235182348786));
#7298=CARTESIAN_POINT('Ctrl Pts',(55.2596268192593,2.04005156359242,-74.9552286249098));
#7299=CARTESIAN_POINT('Ctrl Pts',(55.395082259937,2.21087120225512,-74.8364170483533));
#7300=CARTESIAN_POINT('Ctrl Pts',(55.5294215688359,2.38283285274768,-74.7178446709127));
#7301=CARTESIAN_POINT('Ctrl Pts',(55.6626441814041,2.55595128282702,-74.5995326455755));
#7302=CARTESIAN_POINT('Ctrl Pts',(55.9595799112292,2.94180955711543,-74.3358306590035));
#7303=CARTESIAN_POINT('Ctrl Pts',(56.2509769634758,3.33342028959612,-74.0734421387339));
#7304=CARTESIAN_POINT('Ctrl Pts',(56.5368407407099,3.73102079090235,-73.8126829019515));
#7305=CARTESIAN_POINT('Ctrl Pts',(56.8206685092821,4.12578946065415,-73.5537808716676));
#7306=CARTESIAN_POINT('Ctrl Pts',(57.0990416865382,4.52646313971032,-73.2964849990161));
#7307=CARTESIAN_POINT('Ctrl Pts',(57.3719187531074,4.93329521634038,-73.0411044010916));
#7308=CARTESIAN_POINT('Ctrl Pts',(57.4686318820204,5.07748469905418,-72.950592373095));
#7309=CARTESIAN_POINT('Ctrl Pts',(57.5646541832359,5.22244793632565,-72.8603209297239));
#7310=CARTESIAN_POINT('Ctrl Pts',(57.6599823289394,5.36819675736315,-72.7703038328725));
#7311=CARTESIAN_POINT('Ctrl Pts',(57.9159760022368,5.75958983231327,-72.5285724206802));
#7312=CARTESIAN_POINT('Ctrl Pts',(58.1669726756561,6.15665474842457,-72.2886843567864));
#7313=CARTESIAN_POINT('Ctrl Pts',(58.4129083899024,6.55968283002625,-72.0509608116485));
#7314=CARTESIAN_POINT('Ctrl Pts',(58.4720923931345,6.65667083909703,-71.9937530526741));
#7315=CARTESIAN_POINT('Ctrl Pts',(58.5309830823183,6.75400425497692,-71.9366706444182));
#7316=CARTESIAN_POINT('Ctrl Pts',(58.5895791314988,6.85168726550906,-71.879718062816));
#7317=CARTESIAN_POINT('Ctrl Pts',(58.7642876265236,7.14293645377759,-71.7099096890665));
#7318=CARTESIAN_POINT('Ctrl Pts',(58.9362280620426,7.43705410578336,-71.5414053264884));
#7319=CARTESIAN_POINT('Ctrl Pts',(59.1050326272018,7.73351345125401,-71.3746686188001));
#7320=CARTESIAN_POINT('Ctrl Pts',(59.2281081279377,7.94966212209845,-71.2531007940766));
#7321=CARTESIAN_POINT('Ctrl Pts',(59.349517519246,8.16705498945809,-71.1324726327864));
#7322=CARTESIAN_POINT('Ctrl Pts',(59.4691331381017,8.38547873935666,-71.0129638343395));
#7323=CARTESIAN_POINT('Ctrl Pts',(59.7037617963382,8.81392171240609,-70.7785447066763));
#7324=CARTESIAN_POINT('Ctrl Pts',(59.9318060984942,9.24689169335453,-70.5480075482484));
#7325=CARTESIAN_POINT('Ctrl Pts',(60.1532679740825,9.68460999632248,-70.3218090869744));
#7326=CARTESIAN_POINT('Ctrl Pts',(60.3730903354928,10.1190878076174,-70.0972852055049));
#7327=CARTESIAN_POINT('Ctrl Pts',(60.5864274677223,10.5582441795277,-69.8770360189776));
#7328=CARTESIAN_POINT('Ctrl Pts',(60.7932325831628,11.002311313847,-69.6615081865529));
#7329=CARTESIAN_POINT('Ctrl Pts',(60.9989296900225,11.4439992507551,-69.4471350967816));
#7330=CARTESIAN_POINT('Ctrl Pts',(61.1981646956549,11.8905457461742,-69.237432905041));
#7331=CARTESIAN_POINT('Ctrl Pts',(61.3908416673304,12.3421907907581,-69.0328411296331));
#7332=CARTESIAN_POINT('Ctrl Pts',(61.5815151346969,12.7891395149407,-68.8303767517032));
#7333=CARTESIAN_POINT('Ctrl Pts',(61.7657663040584,13.2410815870355,-68.6329170638374));
#7334=CARTESIAN_POINT('Ctrl Pts',(61.9434520143558,13.698256745997,-68.4408880157401));
#7335=CARTESIAN_POINT('Ctrl Pts',(62.1033598405068,14.1096904269462,-68.2680719373527));
#7336=CARTESIAN_POINT('Ctrl Pts',(62.2579496983339,14.5253626481465,-68.0996541648435));
#7337=CARTESIAN_POINT('Ctrl Pts',(62.4070811874168,14.9454503500156,-67.9359451612992));
#7338=CARTESIAN_POINT('Ctrl Pts',(62.5607321804706,15.3782690186875,-67.7672748749558));
#7339=CARTESIAN_POINT('Ctrl Pts',(62.7086060728503,15.815819612155,-67.6036709312269));
#7340=CARTESIAN_POINT('Ctrl Pts',(62.8505308298884,16.258384098048,-67.4455905172978));
#7341=CARTESIAN_POINT('Ctrl Pts',(62.8980210563563,16.4064730439113,-67.3926943572881));
#7342=CARTESIAN_POINT('Ctrl Pts',(62.9448447432044,16.5551233904702,-67.340416653359));
#7343=CARTESIAN_POINT('Ctrl Pts',(62.9909941346285,16.7043456980733,-67.2887745345216));
#7344=CARTESIAN_POINT('Ctrl Pts',(63.0762810147897,16.9801175917695,-67.1933367602703));
#7345=CARTESIAN_POINT('Ctrl Pts',(63.1593758753523,17.2582168317876,-67.0999631341793));
#7346=CARTESIAN_POINT('Ctrl Pts',(63.2400032562716,17.5379729418678,-67.0089944550239));
#7347=CARTESIAN_POINT('Ctrl Pts',(63.3203361442077,17.8167072376398,-66.9183580406328));
#7348=CARTESIAN_POINT('Ctrl Pts',(63.3982194738193,18.0970861701093,-66.8301090370361));
#7349=CARTESIAN_POINT('Ctrl Pts',(63.4734300173456,18.3784302898896,-66.7445845223108));
#7350=CARTESIAN_POINT('Ctrl Pts',(63.4856484656552,18.4241364957429,-66.7306905014278));
#7351=CARTESIAN_POINT('Ctrl Pts',(63.4977964803548,18.4698681428739,-66.7168683856449));
#7352=CARTESIAN_POINT('Ctrl Pts',(63.5098732292208,18.5156222816761,-66.7031196202106));
#7353=CARTESIAN_POINT('Ctrl Pts',(63.647893755201,19.0385287669659,-66.5459902588341));
#7354=CARTESIAN_POINT('Ctrl Pts',(63.7766904129494,19.5646743947904,-66.3982734813722));
#7355=CARTESIAN_POINT('Ctrl Pts',(63.896179191479,20.0941707873816,-66.2604713865685));
#7356=CARTESIAN_POINT('Ctrl Pts',(64.0149481256379,20.6204772988624,-66.1234994622916));
#7357=CARTESIAN_POINT('Ctrl Pts',(64.1245210259279,21.1500946699516,-65.9963231211132));
#7358=CARTESIAN_POINT('Ctrl Pts',(64.2247639722994,21.6831345090587,-65.8794354418524));
#7359=CARTESIAN_POINT('Ctrl Pts',(64.258991214095,21.8651371747846,-65.8395249742753));
#7360=CARTESIAN_POINT('Ctrl Pts',(64.2921302937524,22.0475388366177,-65.8008139923471));
#7361=CARTESIAN_POINT('Ctrl Pts',(64.3241744848917,22.2303438793678,-65.7633221238211));
#7362=CARTESIAN_POINT('Ctrl Pts',(64.4149422223602,22.7481538018006,-65.6571234039099));
#7363=CARTESIAN_POINT('Ctrl Pts',(64.4969281672726,23.2691963618081,-65.5607072831172));
#7364=CARTESIAN_POINT('Ctrl Pts',(64.569952052628,23.7936021698214,-65.4745523227956));
#7365=CARTESIAN_POINT('Ctrl Pts',(64.6422697027768,24.3129362969412,-65.3892305921207));
#7366=CARTESIAN_POINT('Ctrl Pts',(64.7057977862308,24.8355692502688,-65.3139725043559));
#7367=CARTESIAN_POINT('Ctrl Pts',(64.7603108513178,25.3616196260541,-65.2492428697885));
#7368=CARTESIAN_POINT('Ctrl Pts',(64.7843587587631,25.5936816230877,-65.220688022275));
#7369=CARTESIAN_POINT('Ctrl Pts',(64.8066516407256,25.8264085296497,-65.1941820614984));
#7370=CARTESIAN_POINT('Ctrl Pts',(64.8271669959473,26.0598097612611,-65.1697648904818));
#7371=CARTESIAN_POINT('Ctrl Pts',(64.8594232251726,26.4267857919929,-65.1313738484145));
#7372=CARTESIAN_POINT('Ctrl Pts',(64.8873142920749,26.7958133056967,-65.0981887320892));
#7373=CARTESIAN_POINT('Ctrl Pts',(64.9106898988856,27.1662863930641,-65.0703376741078));
#7374=CARTESIAN_POINT('Ctrl Pts',(64.9340116524476,27.5359059761993,-65.0425507800203));
#7375=CARTESIAN_POINT('Ctrl Pts',(64.9528386716474,27.9069642777177,-65.0200733951407));
#7376=CARTESIAN_POINT('Ctrl Pts',(64.9670729527476,28.2788521091214,-65.0030327685251));
#7377=CARTESIAN_POINT('Ctrl Pts',(64.9812824341982,28.6500920196469,-64.9860218309093));
#7378=CARTESIAN_POINT('Ctrl Pts',(64.9909151387316,29.0221583654631,-64.9744287236968));
#7379=CARTESIAN_POINT('Ctrl Pts',(64.9959253489214,29.3944407590549,-64.9683800320035));
#7380=CARTESIAN_POINT('Ctrl Pts',(64.9986414894217,29.5962628879686,-64.9651009088011));
#7381=CARTESIAN_POINT('Ctrl Pts',(65.,29.79814845487,-64.9634512629986));
#7382=CARTESIAN_POINT('Ctrl Pts',(65.,30.,-64.9634512629986));
#7383=CARTESIAN_POINT('Origin',(20.,30.,123.829355962624));
#7384=CARTESIAN_POINT('Ctrl Pts',(65.,30.,64.9634512629986));
#7385=CARTESIAN_POINT('Ctrl Pts',(65.,29.0334875504149,64.9634512629986));
#7386=CARTESIAN_POINT('Ctrl Pts',(64.969150645021,28.0769106019323,65.0007474931109));
#7387=CARTESIAN_POINT('Ctrl Pts',(64.9087043623027,27.129738280334,65.0730006187988));
#7388=CARTESIAN_POINT('Ctrl Pts',(64.8469263835607,26.161698743125,65.146845557843));
#7389=CARTESIAN_POINT('Ctrl Pts',(64.7542329944857,25.2034827958122,65.257204708131));
#7390=CARTESIAN_POINT('Ctrl Pts',(64.6319309783946,24.2545335549337,65.4016254889813));
#7391=CARTESIAN_POINT('Ctrl Pts',(64.5489159327592,23.6104144548972,65.4996541077742));
#7392=CARTESIAN_POINT('Ctrl Pts',(64.4522586752756,22.970565009475,65.6133768737733));
#7393=CARTESIAN_POINT('Ctrl Pts',(64.3423602904387,22.3348135134933,65.7420378282784));
#7394=CARTESIAN_POINT('Ctrl Pts',(64.3388275347112,22.3143768642919,65.7461737191253));
#7395=CARTESIAN_POINT('Ctrl Pts',(64.3352809922173,22.2939444564224,65.7503250402881));
#7396=CARTESIAN_POINT('Ctrl Pts',(64.3317206668558,22.2735162853661,65.7544917670638));
#7397=CARTESIAN_POINT('Ctrl Pts',(64.1469824181805,21.213538850348,65.9706949870191));
#7398=CARTESIAN_POINT('Ctrl Pts',(63.9251167543088,20.1648832350612,66.2283949459507));
#7399=CARTESIAN_POINT('Ctrl Pts',(63.6667224669911,19.1272011995684,66.5240878934504));
#7400=CARTESIAN_POINT('Ctrl Pts',(63.6259608573496,18.9635072166174,66.5707333538623));
#7401=CARTESIAN_POINT('Ctrl Pts',(63.5842903278346,18.8000862905036,66.6183242234605));
#7402=CARTESIAN_POINT('Ctrl Pts',(63.5417133331881,18.636937032177,66.6668467018736));
#7403=CARTESIAN_POINT('Ctrl Pts',(63.5348607859427,18.610679002224,66.6746561440043));
#7404=CARTESIAN_POINT('Ctrl Pts',(63.5279840379424,18.5844262325274,66.6824904677414));
#7405=CARTESIAN_POINT('Ctrl Pts',(63.5210832956132,18.5581793342937,66.6903493886808));
#7406=CARTESIAN_POINT('Ctrl Pts',(63.41447426618,18.1526930528427,66.8117612446486));
#7407=CARTESIAN_POINT('Ctrl Pts',(63.3022733484329,17.7491129667945,66.9388954283427));
#7408=CARTESIAN_POINT('Ctrl Pts',(63.1852157352287,17.3494694981511,67.0707331068379));
#7409=CARTESIAN_POINT('Ctrl Pts',(63.1336958934786,17.1735768953774,67.1287580071143));
#7410=CARTESIAN_POINT('Ctrl Pts',(63.0812348418489,16.9984464689348,67.1876944982276));
#7411=CARTESIAN_POINT('Ctrl Pts',(63.0278934155101,16.8242499938901,67.2474577712815));
#7412=CARTESIAN_POINT('Ctrl Pts',(63.0196415293818,16.7973019054215,67.2567031131807));
#7413=CARTESIAN_POINT('Ctrl Pts',(63.0113677949121,16.7703728117949,67.2659691397674));
#7414=CARTESIAN_POINT('Ctrl Pts',(63.0030722389986,16.7434625975932,67.2752557632699));
#7415=CARTESIAN_POINT('Ctrl Pts',(62.827486874051,16.1738757211143,67.4718182593611));
#7416=CARTESIAN_POINT('Ctrl Pts',(62.6420887470288,15.6126240049294,67.6776454242675));
#7417=CARTESIAN_POINT('Ctrl Pts',(62.4472635264998,15.0591225454283,67.8917970187127));
#7418=CARTESIAN_POINT('Ctrl Pts',(62.4381964058691,15.0333627157257,67.9017635843084));
#7419=CARTESIAN_POINT('Ctrl Pts',(62.4291090779353,15.0076195057839,67.9117479672648));
#7420=CARTESIAN_POINT('Ctrl Pts',(62.4200015598074,14.9818928744019,67.9217500957892));
#7421=CARTESIAN_POINT('Ctrl Pts',(62.1552713971228,14.2340914190037,68.2124840887668));
#7422=CARTESIAN_POINT('Ctrl Pts',(61.8734704094166,13.5002555392406,68.5182003385139));
#7423=CARTESIAN_POINT('Ctrl Pts',(61.5750131394753,12.7794251652958,68.8370932746979));
#7424=CARTESIAN_POINT('Ctrl Pts',(61.2651006119924,12.0309281924474,69.1682258213056));
#7425=CARTESIAN_POINT('Ctrl Pts',(60.9372287609293,11.2964542263219,69.5135660426754));
#7426=CARTESIAN_POINT('Ctrl Pts',(60.5918357222264,10.5749555530525,69.8711366068525));
#7427=CARTESIAN_POINT('Ctrl Pts',(60.2464426835235,9.85345687978304,70.2287071710296));
#7428=CARTESIAN_POINT('Ctrl Pts',(59.8835283790397,9.14493367203318,70.5985084592849));
#7429=CARTESIAN_POINT('Ctrl Pts',(59.5035056356366,8.4483633453225,70.9786024976014));
#7430=CARTESIAN_POINT('Ctrl Pts',(59.4970205192997,8.43647632096942,70.9850888305913));
#7431=CARTESIAN_POINT('Ctrl Pts',(59.4905301092128,8.42459239394339,70.9915784643702));
#7432=CARTESIAN_POINT('Ctrl Pts',(59.4840344250241,8.4127115939262,70.9980713722084));
#7433=CARTESIAN_POINT('Ctrl Pts',(59.2043295321933,7.90112300694634,71.2776567150769));
#7434=CARTESIAN_POINT('Ctrl Pts',(58.9148252484536,7.39529370970749,71.5633333644632));
#7435=CARTESIAN_POINT('Ctrl Pts',(58.6170737966456,6.89758429548036,71.8529822275543));
#7436=CARTESIAN_POINT('Ctrl Pts',(58.312086338981,6.38777946336588,72.1496701860283));
#7437=CARTESIAN_POINT('Ctrl Pts',(57.9991001620481,5.88749819554878,72.4499028506501));
#7438=CARTESIAN_POINT('Ctrl Pts',(57.6782557401896,5.39615793464624,72.753043423146));
#7439=CARTESIAN_POINT('Ctrl Pts',(57.6771707834025,5.39449643482102,72.7540685131871));
#7440=CARTESIAN_POINT('Ctrl Pts',(57.6760857369043,5.39283503701294,72.7550936363183));
#7441=CARTESIAN_POINT('Ctrl Pts',(57.6750006006968,5.39117374120513,72.7561187925194));
#7442=CARTESIAN_POINT('Ctrl Pts',(57.1795195000427,4.63261396810205,73.2242125850983));
#7443=CARTESIAN_POINT('Ctrl Pts',(56.6653258342468,3.89529944127578,73.6992105053196));
#7444=CARTESIAN_POINT('Ctrl Pts',(56.1325899065447,3.17767735786852,74.1791706394584));
#7445=CARTESIAN_POINT('Ctrl Pts',(55.9822940300383,2.97522125453942,74.3145773678156));
#7446=CARTESIAN_POINT('Ctrl Pts',(55.8305221580377,2.7743327474597,74.4503791839259));
#7447=CARTESIAN_POINT('Ctrl Pts',(55.6772776993166,2.57497750112008,74.5865327758408));
#7448=CARTESIAN_POINT('Ctrl Pts',(55.6704613723881,2.56611016232495,74.5925888995187));
#7449=CARTESIAN_POINT('Ctrl Pts',(55.6636421314051,2.5572458563815,74.5986457199509));
#7450=CARTESIAN_POINT('Ctrl Pts',(55.6568199767096,2.54838458034686,74.6047032332846));
#7451=CARTESIAN_POINT('Ctrl Pts',(55.035855711661,1.74181598056365,75.1560685252152));
#7452=CARTESIAN_POINT('Ctrl Pts',(54.3908963604287,0.960169822808233,75.7130816450492));
#7453=CARTESIAN_POINT('Ctrl Pts',(53.721358632792,0.202403109452767,76.2735978463212));
#7454=CARTESIAN_POINT('Ctrl Pts',(53.0419985107801,-0.566480353856667,76.8423370512497));
#7455=CARTESIAN_POINT('Ctrl Pts',(52.3373337801869,-1.3107784768388,77.4146833941326));
#7456=CARTESIAN_POINT('Ctrl Pts',(51.6067201850862,-2.03154275229244,77.9884096717274));
#7457=CARTESIAN_POINT('Ctrl Pts',(51.4487938660636,-2.18734008438249,78.1124238972424));
#7458=CARTESIAN_POINT('Ctrl Pts',(51.2896549958586,-2.34203770169754,78.2365026297649));
#7459=CARTESIAN_POINT('Ctrl Pts',(51.1292968429934,-2.49564600287826,78.3606234186405));
#7460=CARTESIAN_POINT('Ctrl Pts',(51.1000824611702,-2.52363068268235,78.3832360021207));
#7461=CARTESIAN_POINT('Ctrl Pts',(51.0708276202604,-2.55157919843869,78.4058499977021));
#7462=CARTESIAN_POINT('Ctrl Pts',(51.0415322808882,-2.57949161136565,78.4284652674338));
#7463=CARTESIAN_POINT('Ctrl Pts',(50.2478570590548,-3.33570031201498,79.0411627000542));
#7464=CARTESIAN_POINT('Ctrl Pts',(49.4242922370352,-4.06519089513224,79.65492588552));
#7465=CARTESIAN_POINT('Ctrl Pts',(48.5690099882229,-4.7679698520437,80.267529436606));
#7466=CARTESIAN_POINT('Ctrl Pts',(48.5255720194684,-4.8036625025272,80.2986422697648));
#7467=CARTESIAN_POINT('Ctrl Pts',(48.4820506293892,-4.83928755915612,80.3297532934823));
#7468=CARTESIAN_POINT('Ctrl Pts',(48.4384459001168,-4.87484472777092,80.3608619733637));
#7469=CARTESIAN_POINT('Ctrl Pts',(48.0369225134865,-5.20226413845077,80.6473185735536));
#7470=CARTESIAN_POINT('Ctrl Pts',(47.6284061750293,-5.52378320762909,80.9334889110266));
#7471=CARTESIAN_POINT('Ctrl Pts',(47.2155455933454,-5.83732614778708,81.2172571510378));
#7472=CARTESIAN_POINT('Ctrl Pts',(47.1646795166633,-5.87595589338337,81.2522185343636));
#7473=CARTESIAN_POINT('Ctrl Pts',(47.1137402010553,-5.91447017909668,81.2871485464267));
#7474=CARTESIAN_POINT('Ctrl Pts',(47.0627326299147,-5.95286501242641,81.3220431651546));
#7475=CARTESIAN_POINT('Ctrl Pts',(46.6547705137586,-6.25994957074613,81.6011327626474));
#7476=CARTESIAN_POINT('Ctrl Pts',(46.2417572435675,-6.55995865277937,81.8784505543834));
#7477=CARTESIAN_POINT('Ctrl Pts',(45.8239246810943,-6.85274659823485,82.1536207720374));
#7478=CARTESIAN_POINT('Ctrl Pts',(45.7658057381787,-6.89347230373655,82.1918959176538));
#7479=CARTESIAN_POINT('Ctrl Pts',(45.7075915823892,-6.93405977130065,82.230130882438));
#7480=CARTESIAN_POINT('Ctrl Pts',(45.6492820536611,-6.97450919392631,82.2683251948203));
#7481=CARTESIAN_POINT('Ctrl Pts',(44.7352053736554,-7.60860579440245,82.8670700486898));
#7482=CARTESIAN_POINT('Ctrl Pts',(43.7978277318029,-8.20905345503218,83.4558071256823));
#7483=CARTESIAN_POINT('Ctrl Pts',(42.8360168067058,-8.77550902891017,84.0328417023727));
#7484=CARTESIAN_POINT('Ctrl Pts',(41.8742058816087,-9.34196460278815,84.6098762790632));
#7485=CARTESIAN_POINT('Ctrl Pts',(40.8879618254495,-9.87442814200761,85.1752086364599));
#7486=CARTESIAN_POINT('Ctrl Pts',(39.8761205120347,-10.372520729484,85.7271153662294));
#7487=CARTESIAN_POINT('Ctrl Pts',(39.789649283109,-10.4150873627958,85.774280917332));
#7488=CARTESIAN_POINT('Ctrl Pts',(39.7029913663808,-10.4574028173041,85.8213481913952));
#7489=CARTESIAN_POINT('Ctrl Pts',(39.6161459825437,-10.4994668704609,85.8683161357859));
#7490=CARTESIAN_POINT('Ctrl Pts',(38.7750214165496,-10.9068703142848,86.3232152921461));
#7491=CARTESIAN_POINT('Ctrl Pts',(37.916318017106,-11.2907408479709,86.7688529740907));
#7492=CARTESIAN_POINT('Ctrl Pts',(37.0387887350984,-11.6498112520637,87.2041753256617));
#7493=CARTESIAN_POINT('Ctrl Pts',(36.1849357833744,-11.9991936951315,87.6277523873751));
#7494=CARTESIAN_POINT('Ctrl Pts',(35.3132591870942,-12.325096239645,88.0415633262291));
#7495=CARTESIAN_POINT('Ctrl Pts',(34.4225822898649,-12.6263161117574,88.4446171846115));
#7496=CARTESIAN_POINT('Ctrl Pts',(34.0407518846062,-12.7554481305606,88.6174051154155));
#7497=CARTESIAN_POINT('Ctrl Pts',(33.6554292240909,-12.8800434892898,88.7882158353624));
#7498=CARTESIAN_POINT('Ctrl Pts',(33.266519919678,-13.0000053240153,88.9569700301006));
#7499=CARTESIAN_POINT('Origin',(70.,270.,0.));
#7500=CARTESIAN_POINT('Origin',(70.,270.,-64.9634512629986));
#7501=CARTESIAN_POINT('Origin',(70.,270.,0.));
#7502=CARTESIAN_POINT('Origin',(70.,270.,64.9634512629986));
#7503=CARTESIAN_POINT('Ctrl Pts',(64.99998659832,30.0348944955996,-64.9636063816528));
#7504=CARTESIAN_POINT('Ctrl Pts',(64.9999307294904,30.0365348814404,-63.0008342691601));
#7505=CARTESIAN_POINT('Ctrl Pts',(66.3351222850549,30.0387718877222,-61.5621764569029));
#7506=CARTESIAN_POINT('Ctrl Pts',(65.0020078685577,27.4037329668327,-64.9611623051338));
#7507=CARTESIAN_POINT('Ctrl Pts',(65.0021538467366,27.2817116596235,-62.9985164837665));
#7508=CARTESIAN_POINT('Ctrl Pts',(66.3372505680685,27.1152420417995,-61.559860348677));
#7509=CARTESIAN_POINT('Ctrl Pts',(64.77539007493,24.8398572277578,-65.2352206143564));
#7510=CARTESIAN_POINT('Ctrl Pts',(64.752435196585,24.5883180698931,-63.2589038343444));
#7511=CARTESIAN_POINT('Ctrl Pts',(66.0986347937585,24.2664743634108,-61.8195694652382));
#7512=CARTESIAN_POINT('Ctrl Pts',(64.1268092123272,21.0878672281132,-65.9945380293246));
#7513=CARTESIAN_POINT('Ctrl Pts',(64.0450026390991,20.6745601100826,-63.9728463392821));
#7514=CARTESIAN_POINT('Ctrl Pts',(65.4157159230861,20.097573148969,-62.539130273245));
#7515=CARTESIAN_POINT('Ctrl Pts',(63.8597214146514,19.855505065101,-66.304583077893));
#7516=CARTESIAN_POINT('Ctrl Pts',(63.7528345453997,19.3871337850756,-64.2651484667939));
#7517=CARTESIAN_POINT('Ctrl Pts',(65.1344876013156,18.7282741729182,-62.8329419038168));
#7518=CARTESIAN_POINT('Ctrl Pts',(63.3827239750222,18.0277092641477,-66.8482022665861));
#7519=CARTESIAN_POINT('Ctrl Pts',(63.2331239681459,17.484350144333,-64.7755168169818));
#7520=CARTESIAN_POINT('Ctrl Pts',(64.6322363970474,16.6973788958575,-63.3480981108554));
#7521=CARTESIAN_POINT('Ctrl Pts',(63.210609369369,17.4209453991382,-67.0429043223788));
#7522=CARTESIAN_POINT('Ctrl Pts',(63.0453715816501,16.852272759001,-64.9585038966802));
#7523=CARTESIAN_POINT('Ctrl Pts',(64.4510094932706,16.0231931672471,-63.532605905737));
#7524=CARTESIAN_POINT('Ctrl Pts',(62.8452028451814,16.227637467493,-67.4523043368316));
#7525=CARTESIAN_POINT('Ctrl Pts',(62.6471479082613,15.6104501888404,-65.3428566905252));
#7526=CARTESIAN_POINT('Ctrl Pts',(64.066257198545,14.6972883667275,-63.9205704482634));
#7527=CARTESIAN_POINT('Ctrl Pts',(62.6515298847024,15.6394485282395,-67.6674415585361));
#7528=CARTESIAN_POINT('Ctrl Pts',(62.436121348434,14.9988224472531,-65.5447596193748));
#7529=CARTESIAN_POINT('Ctrl Pts',(63.8623305880666,14.0437416436039,-64.1244434631645));
#7530=CARTESIAN_POINT('Ctrl Pts',(61.6302837452463,12.7380619151035,-68.7899994044247));
#7531=CARTESIAN_POINT('Ctrl Pts',(61.3189994302939,11.9702917297429,-66.6022693055387));
#7532=CARTESIAN_POINT('Ctrl Pts',(62.7870164149571,10.8199615068049,-65.1882262970901));
#7533=CARTESIAN_POINT('Ctrl Pts',(60.6457976133499,10.5421579861349,-69.8362775002869));
#7534=CARTESIAN_POINT('Ctrl Pts',(60.2443090863081,9.69570544511933,-67.584408010028));
#7535=CARTESIAN_POINT('Ctrl Pts',(61.7504085917542,8.38005619930211,-66.1797232591239));
#7536=CARTESIAN_POINT('Ctrl Pts',(59.2179739955343,7.92499047858176,-71.2643827468397));
#7537=CARTESIAN_POINT('Ctrl Pts',(58.7105193752827,7.02301812225614,-68.9036776711112));
#7538=CARTESIAN_POINT('Ctrl Pts',(60.2469925329102,5.47207973001082,-67.5330553250123));
#7539=CARTESIAN_POINT('Ctrl Pts',(58.9219458526582,7.40719809651802,-71.5566030333882));
#7540=CARTESIAN_POINT('Ctrl Pts',(58.3905961712548,6.49149378646266,-69.1751861695532));
#7541=CARTESIAN_POINT('Ctrl Pts',(59.9352919038744,4.89675233141509,-67.8099755049738));
#7542=CARTESIAN_POINT('Ctrl Pts',(58.3122767783201,6.38809591220266,-72.149686060938));
#7543=CARTESIAN_POINT('Ctrl Pts',(57.7326430518867,5.44722184853316,-69.7253819634266));
#7544=CARTESIAN_POINT('Ctrl Pts',(59.293345439547,3.76441171886198,-68.3720058218987));
#7545=CARTESIAN_POINT('Ctrl Pts',(57.9992902486967,5.88779111887545,-72.4499254916066));
#7546=CARTESIAN_POINT('Ctrl Pts',(57.3951583029324,4.93547224435868,-70.0035881197737));
#7547=CARTESIAN_POINT('Ctrl Pts',(58.9637886472634,3.20851518507503,-68.6565252864069));
#7548=CARTESIAN_POINT('Ctrl Pts',(57.0363129241337,4.41308481184395,-73.3597741441534));
#7549=CARTESIAN_POINT('Ctrl Pts',(56.3556921352605,3.4260472992448,-70.847460891344));
#7550=CARTESIAN_POINT('Ctrl Pts',(57.9498289896943,1.56994586957364,-69.5187360578184));
#7551=CARTESIAN_POINT('Ctrl Pts',(56.3623581787359,3.46480955333672,-73.9784553296281));
#7552=CARTESIAN_POINT('Ctrl Pts',(55.6310908070376,2.46176138608125,-71.4185210117411));
#7553=CARTESIAN_POINT('Ctrl Pts',(57.240193584554,0.516302678332217,-70.1050243029257));
#7554=CARTESIAN_POINT('Ctrl Pts',(54.2458992673568,0.715736847793892,-75.8577161025418));
#7555=CARTESIAN_POINT('Ctrl Pts',(53.3516431362009,-0.337083921639676,-73.1560629120558));
#7556=CARTESIAN_POINT('Ctrl Pts',(55.0116847307033,-2.53823384664478,-71.88589092483));
#7557=CARTESIAN_POINT('Ctrl Pts',(52.7095336092484,-0.990223687086943,-77.1410422652466));
#7558=CARTESIAN_POINT('Ctrl Pts',(51.7095338731762,-2.04637049511579,-74.3300214762584));
#7559=CARTESIAN_POINT('Ctrl Pts',(53.3939810739644,-4.43375120765192,-73.1020247675961));
#7560=CARTESIAN_POINT('Ctrl Pts',(50.2076382488656,-3.37402398411449,-79.0724660990725));
#7561=CARTESIAN_POINT('Ctrl Pts',(49.0815356942703,-4.39403647293411,-76.0686999516612));
#7562=CARTESIAN_POINT('Ctrl Pts',(50.759632396652,-7.08242418923091,-74.9323229825251));
#7563=CARTESIAN_POINT('Ctrl Pts',(49.3405973992526,-4.13918841452396,-79.7174899479288));
#7564=CARTESIAN_POINT('Ctrl Pts',(48.1680154202621,-5.14692896303487,-76.6505054960324));
#7565=CARTESIAN_POINT('Ctrl Pts',(49.8466893696555,-7.93260865664432,-75.5435747424098));
#7566=CARTESIAN_POINT('Ctrl Pts',(47.9874835890883,-5.24258039094802,-80.6828412187919));
#7567=CARTESIAN_POINT('Ctrl Pts',(46.754553260385,-6.2216319030219,-77.514129782617));
#7568=CARTESIAN_POINT('Ctrl Pts',(48.4219405057784,-9.15860179521894,-76.4583822034231));
#7569=CARTESIAN_POINT('Ctrl Pts',(47.5277830970741,-5.60280685793035,-81.0041507982268));
#7570=CARTESIAN_POINT('Ctrl Pts',(46.2738225315847,-6.57219343768232,-77.8018009319831));
#7571=CARTESIAN_POINT('Ctrl Pts',(47.9379030634004,-9.55885405483028,-76.7628687007952));
#7572=CARTESIAN_POINT('Ctrl Pts',(46.5978398006015,-6.30280452086602,-81.6403360059878));
#7573=CARTESIAN_POINT('Ctrl Pts',(45.3038068455247,-7.25079261124421,-78.3699836267015));
#7574=CARTESIAN_POINT('Ctrl Pts',(46.9587278418482,-10.3366303258428,-77.3657446200219));
#7575=CARTESIAN_POINT('Ctrl Pts',(46.1267100205886,-6.64331502592671,-81.9558522172659));
#7576=CARTESIAN_POINT('Ctrl Pts',(44.8135180035447,-7.57941779571767,-78.6510337831624));
#7577=CARTESIAN_POINT('Ctrl Pts',(46.462656127524,-10.714975790079,-77.6647410844727));
#7578=CARTESIAN_POINT('Ctrl Pts',(43.7399784223704,-8.29900270284157,-83.5192366681535));
#7579=CARTESIAN_POINT('Ctrl Pts',(42.3113131166365,-9.1867864353657,-80.0541690864805));
#7580=CARTESIAN_POINT('Ctrl Pts',(43.9495689698178,-12.5546311023548,-79.146270472307));
#7581=CARTESIAN_POINT('Ctrl Pts',(41.7317075830668,-9.4747769790583,-84.7244326987006));
#7582=CARTESIAN_POINT('Ctrl Pts',(40.2459175815686,-10.2889696851071,-81.1111574423054));
#7583=CARTESIAN_POINT('Ctrl Pts',(41.8349798179532,-13.861047094389,-80.2883650620185));
#7584=CARTESIAN_POINT('Ctrl Pts',(37.5007632946037,-11.5240701175251,-87.0126433235687));
#7585=CARTESIAN_POINT('Ctrl Pts',(35.9527595371559,-12.1763452052945,-83.1005741629415));
#7586=CARTESIAN_POINT('Ctrl Pts',(37.3800502236893,-16.1380380989501,-82.4567700944687));
#7587=CARTESIAN_POINT('Ctrl Pts',(35.2781164393723,-12.3978855877764,-88.0960029098535));
#7588=CARTESIAN_POINT('Ctrl Pts',(33.7255207806587,-12.9511913177413,-84.0278349205821));
#7589=CARTESIAN_POINT('Ctrl Pts',(35.039745973798,-17.108939820384,-83.4834041768004));
#7590=CARTESIAN_POINT('Ctrl Pts',(32.9316451652342,-13.1018857349814,-89.1016586815302));
#7591=CARTESIAN_POINT('Ctrl Pts',(31.4353782876502,-13.5505604992228,-84.873539724599));
#7592=CARTESIAN_POINT('Ctrl Pts',(32.5690472376306,-17.8911624109773,-84.4364089861388));
#7593=CARTESIAN_POINT('Origin',(70.,30.,-64.9634512629986));
#7594=CARTESIAN_POINT('Origin',(70.,290.,-64.9634512629986));
#7595=CARTESIAN_POINT('Origin',(70.,270.,-64.9634512629986));
#7596=CARTESIAN_POINT('',(65.,240.,-64.9634512629986));
#7597=CARTESIAN_POINT('Origin',(70.,270.,-64.9634512629986));
#7598=CARTESIAN_POINT('Origin',(70.,270.,-64.9634512629986));
#7599=CARTESIAN_POINT('Origin',(0.,270.,0.));
#7600=CARTESIAN_POINT('Origin',(70.,270.,64.9634512629986));
#7601=CARTESIAN_POINT('Origin',(70.,270.,64.9634512629986));
#7602=CARTESIAN_POINT('Origin',(70.,270.,64.9634512629986));
#7603=CARTESIAN_POINT('Origin',(70.,290.,64.9634512629986));
#7604=CARTESIAN_POINT('Origin',(70.,30.,64.9634512629986));
#7605=CARTESIAN_POINT('Ctrl Pts',(66.3351311064931,30.0237409639201,61.5621668571841));
#7606=CARTESIAN_POINT('Ctrl Pts',(64.9999944725831,30.0223712323886,63.00076590838));
#7607=CARTESIAN_POINT('Ctrl Pts',(64.999994974242,30.0213668141003,64.9634573394928));
#7608=CARTESIAN_POINT('Ctrl Pts',(66.3364320204686,27.1054774421884,61.5607512083508));
#7609=CARTESIAN_POINT('Ctrl Pts',(65.001353322003,27.2724897454473,62.9993492647196));
#7610=CARTESIAN_POINT('Ctrl Pts',(65.0012304855595,27.3949362124943,64.9619634783701));
#7611=CARTESIAN_POINT('Ctrl Pts',(66.0978533560216,24.2617040505493,61.8203928309316));
#7612=CARTESIAN_POINT('Ctrl Pts',(64.7516849919921,24.5838497833961,63.2596576402276));
#7613=CARTESIAN_POINT('Ctrl Pts',(64.7746463046332,24.8355461882175,65.235949852262));
#7614=CARTESIAN_POINT('Ctrl Pts',(65.4157159230901,20.0975731489662,62.5391302732408));
#7615=CARTESIAN_POINT('Ctrl Pts',(64.0450590132977,20.6745363799708,63.9727873739299));
#7616=CARTESIAN_POINT('Ctrl Pts',(64.1268034652191,21.0878381814532,65.9943959496069));
#7617=CARTESIAN_POINT('Ctrl Pts',(65.13448760133,18.7282741729184,62.8329419038021));
#7618=CARTESIAN_POINT('Ctrl Pts',(63.7528914917569,19.3871066294562,64.26508943681));
#7619=CARTESIAN_POINT('Ctrl Pts',(63.8597139211253,19.8554722192571,66.304440058883));
#7620=CARTESIAN_POINT('Ctrl Pts',(64.6322363970396,16.6973788958662,63.3480981108634));
#7621=CARTESIAN_POINT('Ctrl Pts',(63.2331818551294,17.4843175841296,64.7754577588588));
#7622=CARTESIAN_POINT('Ctrl Pts',(63.382713526287,18.0276713050293,66.848057470855));
#7623=CARTESIAN_POINT('Ctrl Pts',(64.4510094932705,16.0231931672535,63.5326059057371));
#7624=CARTESIAN_POINT('Ctrl Pts',(63.0454298189742,16.8522384092118,64.9584448199575));
#7625=CARTESIAN_POINT('Ctrl Pts',(63.2105978441448,17.4209057264159,67.0427589091499));
#7626=CARTESIAN_POINT('Ctrl Pts',(64.0662571985451,14.6972883667346,63.9205704482633));
#7627=CARTESIAN_POINT('Ctrl Pts',(62.647206876121,15.6104122444833,65.3427975906562));
#7628=CARTESIAN_POINT('Ctrl Pts',(62.8451890709929,16.2275945360659,67.4521576064985));
#7629=CARTESIAN_POINT('Ctrl Pts',(63.8623305880619,14.0437416436179,64.1244434631691));
#7630=CARTESIAN_POINT('Ctrl Pts',(62.4361807032968,14.9987826994619,65.54470050978));
#7631=CARTESIAN_POINT('Ctrl Pts',(62.6515149266685,15.6394040354602,67.667294136465));
#7632=CARTESIAN_POINT('Ctrl Pts',(62.7870164149778,10.8199615067861,65.1882262970696));
#7633=CARTESIAN_POINT('Ctrl Pts',(61.3190610273209,11.970243462617,66.6022099731761));
#7634=CARTESIAN_POINT('Ctrl Pts',(61.6302623049727,12.7380090266365,68.7898487035784));
#7635=CARTESIAN_POINT('Ctrl Pts',(61.7504085917253,8.38005619933127,66.1797232591498));
#7636=CARTESIAN_POINT('Ctrl Pts',(60.2443727804314,9.69564980530431,67.5843486048569));
#7637=CARTESIAN_POINT('Ctrl Pts',(60.645770176293,10.5421001344879,69.8361235970435));
#7638=CARTESIAN_POINT('Ctrl Pts',(60.2469925329207,5.47207973001639,67.5330553250028));
#7639=CARTESIAN_POINT('Ctrl Pts',(58.710585088656,7.0229517902327,68.9036190509978));
#7640=CARTESIAN_POINT('Ctrl Pts',(59.2179397041391,7.92492952134615,71.264223209157));
#7641=CARTESIAN_POINT('Ctrl Pts',(59.9352919038751,4.89675233142824,67.8099755049731));
#7642=CARTESIAN_POINT('Ctrl Pts',(58.3906623907071,6.49142542161756,69.1751276444338));
#7643=CARTESIAN_POINT('Ctrl Pts',(58.9219100301881,7.407136355521,71.5564424713049));
#7644=CARTESIAN_POINT('Ctrl Pts',(59.293345439553,3.76441171887066,68.3720058218935));
#7645=CARTESIAN_POINT('Ctrl Pts',(57.7327102791513,5.44714936149314,69.7253236667457));
#7646=CARTESIAN_POINT('Ctrl Pts',(58.3122378874183,6.38803277755227,72.1495233892608));
#7647=CARTESIAN_POINT('Ctrl Pts',(58.9637886472644,3.20851518508414,68.6565252864061));
#7648=CARTESIAN_POINT('Ctrl Pts',(57.395226037871,4.9353976727369,70.0035299523367));
#7649=CARTESIAN_POINT('Ctrl Pts',(57.9992498134369,5.88772737298689,72.4497617442253));
#7650=CARTESIAN_POINT('Ctrl Pts',(57.9498289897044,1.56994586958963,69.5187360578098));
#7651=CARTESIAN_POINT('Ctrl Pts',(56.3557614929237,3.42596654405407,70.8474030812122));
#7652=CARTESIAN_POINT('Ctrl Pts',(57.0362677115674,4.4130192384745,73.35960724469));
#7653=CARTESIAN_POINT('Ctrl Pts',(57.2401935845573,0.516302678344363,70.1050243029229));
#7654=CARTESIAN_POINT('Ctrl Pts',(55.6311611842398,2.46167629773262,71.418463563455));
#7655=CARTESIAN_POINT('Ctrl Pts',(56.3623098559345,3.46474326501605,73.9782861568154));
#7656=CARTESIAN_POINT('Ctrl Pts',(55.0116847307131,-2.53823384663229,71.8858909248223));
#7657=CARTESIAN_POINT('Ctrl Pts',(53.3517169414978,-0.337181784555953,73.1560064403007));
#7658=CARTESIAN_POINT('Ctrl Pts',(54.2458411346478,0.715668401302759,75.8575404676549));
#7659=CARTESIAN_POINT('Ctrl Pts',(53.3939810739725,-4.43375120763546,73.1020247675902));
#7660=CARTESIAN_POINT('Ctrl Pts',(51.7096096475085,-2.04647789065088,74.3299662352197));
#7661=CARTESIAN_POINT('Ctrl Pts',(52.7094693606006,-0.990291549130545,77.1408616522576));
#7662=CARTESIAN_POINT('Ctrl Pts',(50.7596323966614,-7.08242418921868,74.9323229825187));
#7663=CARTESIAN_POINT('Ctrl Pts',(49.0816125947886,-4.39415967106375,76.0686478760101));
#7664=CARTESIAN_POINT('Ctrl Pts',(50.2075672263292,-3.37408832170328,79.0722766454012));
#7665=CARTESIAN_POINT('Ctrl Pts',(49.8466893696625,-7.93260865662939,75.5435747424051));
#7666=CARTESIAN_POINT('Ctrl Pts',(48.1680928385155,-5.14705743490553,76.6504544458297));
#7667=CARTESIAN_POINT('Ctrl Pts',(49.340523914488,-4.13925157492037,79.7172977345086));
#7668=CARTESIAN_POINT('Ctrl Pts',(48.4219405057915,-9.15860179520527,76.4583822034148));
#7669=CARTESIAN_POINT('Ctrl Pts',(46.7546309114153,-6.22176867910148,77.514080615947));
#7670=CARTESIAN_POINT('Ctrl Pts',(47.9874070717992,-5.24264115833957,80.6826445566037));
#7671=CARTESIAN_POINT('Ctrl Pts',(47.937903063414,-9.55885405481695,76.7628687007866));
#7672=CARTESIAN_POINT('Ctrl Pts',(46.2739002840381,-6.57233298629126,77.8017523889471));
#7673=CARTESIAN_POINT('Ctrl Pts',(47.5277055302244,-5.60286682792387,81.0039527012186));
#7674=CARTESIAN_POINT('Ctrl Pts',(46.9587278418587,-10.3366303258278,77.3657446200155));
#7675=CARTESIAN_POINT('Ctrl Pts',(45.3038846814629,-7.25093774748813,78.3699363943066));
#7676=CARTESIAN_POINT('Ctrl Pts',(46.5977602808667,-6.30286278197874,81.6401350317397));
#7677=CARTESIAN_POINT('Ctrl Pts',(46.4626561275328,-10.7149757900644,77.6647410844674));
#7678=CARTESIAN_POINT('Ctrl Pts',(44.8135958245776,-7.57956575924707,78.6509872410923));
#7679=CARTESIAN_POINT('Ctrl Pts',(46.1266295900511,-6.64337236668859,81.9556497958989));
#7680=CARTESIAN_POINT('Ctrl Pts',(43.9495689698481,-12.5546311023424,79.1462704722896));
#7681=CARTESIAN_POINT('Ctrl Pts',(42.3113917233648,-9.1869480311132,80.0541255237079));
#7682=CARTESIAN_POINT('Ctrl Pts',(43.7398923653653,-8.29905618567236,83.5190279394139));
#7683=CARTESIAN_POINT('Ctrl Pts',(41.8349798179461,-13.8610470943712,80.2883650620214));
#7684=CARTESIAN_POINT('Ctrl Pts',(40.2459948562817,-10.2891433920658,81.1111174306816));
#7685=CARTESIAN_POINT('Ctrl Pts',(41.7316192760238,-9.4748253765367,84.7242179390501));
#7686=CARTESIAN_POINT('Ctrl Pts',(37.3800502237319,-16.1380380989409,82.4567700944486));
#7687=CARTESIAN_POINT('Ctrl Pts',(35.9528307941293,-12.1765429912792,83.1005420212078));
#7688=CARTESIAN_POINT('Ctrl Pts',(37.5006736770492,-11.5241078858481,87.0124168385062));
#7689=CARTESIAN_POINT('Ctrl Pts',(35.0397459738084,-17.1089398203947,83.4834041767956));
#7690=CARTESIAN_POINT('Ctrl Pts',(33.7255872431044,-12.9514015815195,84.0278073879559));
#7691=CARTESIAN_POINT('Ctrl Pts',(35.2780277056838,-12.3979172168985,88.0957704007923));
#7692=CARTESIAN_POINT('Ctrl Pts',(32.5690472376537,-17.8911624109655,84.4364089861299));
#7693=CARTESIAN_POINT('Ctrl Pts',(31.435436310776,-13.5507826585922,84.8735173515009));
#7694=CARTESIAN_POINT('Ctrl Pts',(32.9315606700818,-13.1019110786981,89.1014199115986));
#7695=CARTESIAN_POINT('Origin',(0.,0.,0.));
#7696=CARTESIAN_POINT('Origin',(0.,-5.,0.));
#7697=CARTESIAN_POINT('Origin',(0.,10.,0.));
#7698=CARTESIAN_POINT('',(-9.79795897113249,10.,2.00000000000046));
#7699=CARTESIAN_POINT('',(-9.79795897113249,3.,2.00000000000046));
#7700=CARTESIAN_POINT('',(-9.79795897113249,10.,2.00000000000046));
#7701=CARTESIAN_POINT('',(-1.99999999999966,3.,9.79795897113283));
#7702=CARTESIAN_POINT('Origin',(0.,3.,0.));
#7703=CARTESIAN_POINT('',(-1.99999999999966,10.,9.79795897113283));
#7704=CARTESIAN_POINT('',(-1.99999999999966,10.,9.79795897113283));
#7705=CARTESIAN_POINT('Origin',(0.,10.,0.));
#7706=CARTESIAN_POINT('Origin',(0.,10.,0.));
#7707=CARTESIAN_POINT('',(-1.99999999999966,10.,5.65685424949256));
#7708=CARTESIAN_POINT('',(-1.99999999999966,10.,0.));
#7709=CARTESIAN_POINT('',(-5.65685424949228,10.,2.00000000000046));
#7710=CARTESIAN_POINT('Origin',(0.,10.,0.));
#7711=CARTESIAN_POINT('',(3.32616681098238E-16,10.,2.00000000000046));
#7712=CARTESIAN_POINT('Origin',(0.,10.,0.));
#7713=CARTESIAN_POINT('',(2.00000000000034,10.,9.79795897113283));
#7714=CARTESIAN_POINT('',(2.00000000000034,3.,9.79795897113283));
#7715=CARTESIAN_POINT('',(2.00000000000034,10.,9.79795897113283));
#7716=CARTESIAN_POINT('',(9.79795897113272,3.,2.));
#7717=CARTESIAN_POINT('Origin',(0.,3.,0.));
#7718=CARTESIAN_POINT('',(9.79795897113272,10.,2.));
#7719=CARTESIAN_POINT('',(9.79795897113272,10.,2.));
#7720=CARTESIAN_POINT('Origin',(0.,10.,0.));
#7721=CARTESIAN_POINT('Origin',(0.,10.,0.));
#7722=CARTESIAN_POINT('',(5.65685424949227,10.,2.));
#7723=CARTESIAN_POINT('',(0.,10.,2.));
#7724=CARTESIAN_POINT('',(2.00000000000034,10.,5.65685424949215));
#7725=CARTESIAN_POINT('Origin',(0.,10.,0.));
#7726=CARTESIAN_POINT('',(2.00000000000034,10.,0.));
#7727=CARTESIAN_POINT('Origin',(0.,10.,0.));
#7728=CARTESIAN_POINT('',(9.79795897113272,10.,-2.));
#7729=CARTESIAN_POINT('',(9.79795897113272,3.,-2.));
#7730=CARTESIAN_POINT('',(9.79795897113272,10.,-2.));
#7731=CARTESIAN_POINT('',(1.99999999999988,3.,-9.79795897113237));
#7732=CARTESIAN_POINT('Origin',(0.,3.,0.));
#7733=CARTESIAN_POINT('',(1.99999999999988,10.,-9.79795897113237));
#7734=CARTESIAN_POINT('',(1.99999999999988,10.,-9.79795897113237));
#7735=CARTESIAN_POINT('Origin',(0.,10.,0.));
#7736=CARTESIAN_POINT('Origin',(0.,10.,0.));
#7737=CARTESIAN_POINT('',(1.99999999999988,10.,-5.65685424949253));
#7738=CARTESIAN_POINT('',(1.99999999999988,10.,-3.32616681098142E-16));
#7739=CARTESIAN_POINT('',(5.65685424949248,10.,-2.));
#7740=CARTESIAN_POINT('Origin',(0.,10.,0.));
#7741=CARTESIAN_POINT('',(0.,10.,-2.));
#7742=CARTESIAN_POINT('Origin',(0.,10.,0.));
#7743=CARTESIAN_POINT('',(-2.00000000000012,10.,-9.79795897113237));
#7744=CARTESIAN_POINT('',(-2.00000000000012,3.,-9.79795897113237));
#7745=CARTESIAN_POINT('',(-2.00000000000012,10.,-9.79795897113237));
#7746=CARTESIAN_POINT('',(-9.79795897113249,3.,-1.99999999999954));
#7747=CARTESIAN_POINT('Origin',(0.,3.,0.));
#7748=CARTESIAN_POINT('',(-9.79795897113249,10.,-1.99999999999954));
#7749=CARTESIAN_POINT('',(-9.79795897113249,10.,-1.99999999999954));
#7750=CARTESIAN_POINT('Origin',(0.,10.,0.));
#7751=CARTESIAN_POINT('Origin',(0.,10.,0.));
#7752=CARTESIAN_POINT('',(-5.65685424949264,10.,-1.99999999999954));
#7753=CARTESIAN_POINT('',(-3.32616681098085E-16,10.,-1.99999999999954));
#7754=CARTESIAN_POINT('',(-2.00000000000012,10.,-5.65685424949244));
#7755=CARTESIAN_POINT('Origin',(0.,10.,0.));
#7756=CARTESIAN_POINT('',(-2.00000000000012,10.,3.32616681098181E-16));
#7757=CARTESIAN_POINT('Origin',(0.,10.,0.));
#7758=CARTESIAN_POINT('',(-4.58257569495562,8.99999999999992,2.00000000000046));
#7759=CARTESIAN_POINT('',(-4.58257569495562,0.,2.00000000000046));
#7760=CARTESIAN_POINT('',(-4.58257569495562,10.,2.00000000000046));
#7761=CARTESIAN_POINT('',(-1.99999999999966,8.99999999999992,4.58257569495596));
#7762=CARTESIAN_POINT('Origin',(0.,8.99999999999992,0.));
#7763=CARTESIAN_POINT('',(-1.99999999999967,0.,4.58257569495598));
#7764=CARTESIAN_POINT('',(-1.99999999999966,10.,4.58257569495596));
#7765=CARTESIAN_POINT('Origin',(0.,0.,0.));
#7766=CARTESIAN_POINT('Origin',(3.32616681098238E-16,10.,2.00000000000046));
#7767=CARTESIAN_POINT('Ctrl Pts',(-5.65685424949228,10.,2.00000000000046));
#7768=CARTESIAN_POINT('Ctrl Pts',(-5.0708841288361,9.44754207214843,2.00000000000046));
#7769=CARTESIAN_POINT('Ctrl Pts',(-4.58257569495593,9.00000000000019,2.00000000000046));
#7770=CARTESIAN_POINT('',(-12.8452325786651,0.,2.00000000000046));
#7771=CARTESIAN_POINT('',(3.32616681098238E-16,0.,2.00000000000046));
#7772=CARTESIAN_POINT('Ctrl Pts',(-12.8452325786651,0.,2.00000000000046));
#7773=CARTESIAN_POINT('Ctrl Pts',(-12.4685577885721,-4.70467152851677E-17,
2.00000000000046));
#7774=CARTESIAN_POINT('Ctrl Pts',(-12.0251014252172,0.0875172336622637,
2.00000000000046));
#7775=CARTESIAN_POINT('Ctrl Pts',(-11.3293999047366,0.373078242848592,2.00000000000046));
#7776=CARTESIAN_POINT('Ctrl Pts',(-10.9535185216498,0.621260700589138,2.00000000000046));
#7777=CARTESIAN_POINT('Ctrl Pts',(-10.4221631477136,1.14676482623872,2.00000000000046));
#7778=CARTESIAN_POINT('Ctrl Pts',(-10.1716605275438,1.51621085967168,2.00000000000046));
#7779=CARTESIAN_POINT('Ctrl Pts',(-9.88550333391007,2.19879302411598,2.00000000000046));
#7780=CARTESIAN_POINT('Ctrl Pts',(-9.79795897113262,2.63183297781999,2.00000000000046));
#7781=CARTESIAN_POINT('Ctrl Pts',(-9.79795897113262,3.,2.00000000000046));
#7782=CARTESIAN_POINT('Origin',(0.,3.,0.));
#7783=CARTESIAN_POINT('',(-1.99999999999966,0.,12.8452325786652));
#7784=CARTESIAN_POINT('Origin',(0.,0.,0.));
#7785=CARTESIAN_POINT('Ctrl Pts',(-1.99999999999966,3.,9.79795897113278));
#7786=CARTESIAN_POINT('Ctrl Pts',(-1.99999999999966,2.63183297781999,9.79795897113278));
#7787=CARTESIAN_POINT('Ctrl Pts',(-1.99999999999966,2.19879302411598,9.88550333391023));
#7788=CARTESIAN_POINT('Ctrl Pts',(-1.99999999999966,1.51621085967168,10.1716605275439));
#7789=CARTESIAN_POINT('Ctrl Pts',(-1.99999999999966,1.14676482623871,10.4221631477138));
#7790=CARTESIAN_POINT('Ctrl Pts',(-1.99999999999966,0.621260700589135,10.9535185216499));
#7791=CARTESIAN_POINT('Ctrl Pts',(-1.99999999999966,0.373078242848589,11.3293999047367));
#7792=CARTESIAN_POINT('Ctrl Pts',(-1.99999999999966,0.0875172336622617,
12.0251014252173));
#7793=CARTESIAN_POINT('Ctrl Pts',(-1.99999999999966,2.78795349838027E-16,
12.4685577885722));
#7794=CARTESIAN_POINT('Ctrl Pts',(-1.99999999999966,6.16297582203915E-32,
12.8452325786652));
#7795=CARTESIAN_POINT('Origin',(-1.99999999999966,10.,0.));
#7796=CARTESIAN_POINT('Ctrl Pts',(-1.99999999999966,9.00000000000019,4.58257569495628));
#7797=CARTESIAN_POINT('Ctrl Pts',(-1.99999999999966,9.44754207214843,5.07088412883642));
#7798=CARTESIAN_POINT('Ctrl Pts',(-1.99999999999966,10.,5.65685424949256));
#7799=CARTESIAN_POINT('',(-1.99999999999966,0.,0.));
#7800=CARTESIAN_POINT('Origin',(0.,10.,0.));
#7801=CARTESIAN_POINT('',(2.00000000000034,9.00000000000009,4.58257569495596));
#7802=CARTESIAN_POINT('',(2.00000000000034,0.,4.58257569495596));
#7803=CARTESIAN_POINT('',(2.00000000000034,10.,4.58257569495596));
#7804=CARTESIAN_POINT('',(4.58257569495584,9.00000000000009,2.));
#7805=CARTESIAN_POINT('Origin',(0.,9.00000000000009,0.));
#7806=CARTESIAN_POINT('',(4.58257569495584,0.,2.));
#7807=CARTESIAN_POINT('',(4.58257569495584,10.,2.));
#7808=CARTESIAN_POINT('Origin',(0.,0.,0.));
#7809=CARTESIAN_POINT('Origin',(2.00000000000034,10.,0.));
#7810=CARTESIAN_POINT('Ctrl Pts',(2.00000000000034,10.,5.65685424949215));
#7811=CARTESIAN_POINT('Ctrl Pts',(2.00000000000034,9.44754207214861,5.07088412883617));
#7812=CARTESIAN_POINT('Ctrl Pts',(2.00000000000034,9.0000000000005,4.58257569495614));
#7813=CARTESIAN_POINT('',(2.00000000000034,0.,12.8452325786651));
#7814=CARTESIAN_POINT('',(2.00000000000034,0.,0.));
#7815=CARTESIAN_POINT('Ctrl Pts',(2.00000000000034,3.08148791101958E-32,
12.8452325786651));
#7816=CARTESIAN_POINT('Ctrl Pts',(2.00000000000034,2.71825466092079E-16,
12.4685577885721));
#7817=CARTESIAN_POINT('Ctrl Pts',(2.00000000000034,0.0875172336622637,12.0251014252172));
#7818=CARTESIAN_POINT('Ctrl Pts',(2.00000000000034,0.373078242848592,11.3293999047366));
#7819=CARTESIAN_POINT('Ctrl Pts',(2.00000000000034,0.621260700589138,10.9535185216498));
#7820=CARTESIAN_POINT('Ctrl Pts',(2.00000000000034,1.14676482623872,10.4221631477136));
#7821=CARTESIAN_POINT('Ctrl Pts',(2.00000000000034,1.51621085967168,10.1716605275438));
#7822=CARTESIAN_POINT('Ctrl Pts',(2.00000000000034,2.19879302411598,9.88550333391009));
#7823=CARTESIAN_POINT('Ctrl Pts',(2.00000000000034,2.63183297781999,9.79795897113264));
#7824=CARTESIAN_POINT('Ctrl Pts',(2.00000000000034,3.,9.79795897113264));
#7825=CARTESIAN_POINT('Origin',(0.,3.,0.));
#7826=CARTESIAN_POINT('',(12.8452325786651,0.,2.));
#7827=CARTESIAN_POINT('Origin',(0.,0.,0.));
#7828=CARTESIAN_POINT('Ctrl Pts',(9.79795897113272,3.,2.));
#7829=CARTESIAN_POINT('Ctrl Pts',(9.79795897113272,2.63183297781999,2.));
#7830=CARTESIAN_POINT('Ctrl Pts',(9.88550333391017,2.19879302411598,2.));
#7831=CARTESIAN_POINT('Ctrl Pts',(10.1716605275439,1.51621085967168,2.));
#7832=CARTESIAN_POINT('Ctrl Pts',(10.4221631477137,1.14676482623871,2.));
#7833=CARTESIAN_POINT('Ctrl Pts',(10.9535185216498,0.621260700589137,2.));
#7834=CARTESIAN_POINT('Ctrl Pts',(11.3293999047367,0.37307824284859,2.));
#7835=CARTESIAN_POINT('Ctrl Pts',(12.0251014252173,0.0875172336622614,2.));
#7836=CARTESIAN_POINT('Ctrl Pts',(12.4685577885722,0.,2.));
#7837=CARTESIAN_POINT('Ctrl Pts',(12.8452325786651,0.,2.));
#7838=CARTESIAN_POINT('Origin',(0.,10.,2.));
#7839=CARTESIAN_POINT('Ctrl Pts',(4.58257569495614,9.00000000000037,2.));
#7840=CARTESIAN_POINT('Ctrl Pts',(5.07088412883622,9.44754207214854,2.));
#7841=CARTESIAN_POINT('Ctrl Pts',(5.65685424949227,10.,2.));
#7842=CARTESIAN_POINT('',(0.,0.,2.));
#7843=CARTESIAN_POINT('Origin',(0.,10.,0.));
#7844=CARTESIAN_POINT('',(4.58257569495584,8.99999999999998,-2.));
#7845=CARTESIAN_POINT('',(4.58257569495584,0.,-2.));
#7846=CARTESIAN_POINT('',(4.58257569495584,10.,-2.));
#7847=CARTESIAN_POINT('',(1.99999999999988,8.99999999999998,-4.5825756949555));
#7848=CARTESIAN_POINT('Origin',(0.,8.99999999999998,0.));
#7849=CARTESIAN_POINT('',(2.00000000000002,0.,-4.58257569495583));
#7850=CARTESIAN_POINT('',(1.99999999999988,10.,-4.5825756949555));
#7851=CARTESIAN_POINT('Origin',(0.,0.,0.));
#7852=CARTESIAN_POINT('Origin',(0.,10.,-2.));
#7853=CARTESIAN_POINT('Ctrl Pts',(5.65685424949248,10.,-2.));
#7854=CARTESIAN_POINT('Ctrl Pts',(5.07088412883631,9.44754207214846,-2.));
#7855=CARTESIAN_POINT('Ctrl Pts',(4.58257569495614,9.00000000000026,-2.));
#7856=CARTESIAN_POINT('',(12.8452325786651,0.,-2.));
#7857=CARTESIAN_POINT('',(0.,0.,-2.));
#7858=CARTESIAN_POINT('Ctrl Pts',(12.8452325786651,0.,-2.));
#7859=CARTESIAN_POINT('Ctrl Pts',(12.4685577885722,-6.79563665230195E-17,
-2.));
#7860=CARTESIAN_POINT('Ctrl Pts',(12.0251014252173,0.0875172336622619,-2.));
#7861=CARTESIAN_POINT('Ctrl Pts',(11.3293999047367,0.37307824284859,-2.));
#7862=CARTESIAN_POINT('Ctrl Pts',(10.9535185216498,0.621260700589137,-2.));
#7863=CARTESIAN_POINT('Ctrl Pts',(10.4221631477137,1.14676482623871,-2.));
#7864=CARTESIAN_POINT('Ctrl Pts',(10.1716605275439,1.51621085967168,-2.));
#7865=CARTESIAN_POINT('Ctrl Pts',(9.88550333391017,2.19879302411598,-2.));
#7866=CARTESIAN_POINT('Ctrl Pts',(9.79795897113272,2.63183297781999,-2.));
#7867=CARTESIAN_POINT('Ctrl Pts',(9.79795897113272,3.,-2.));
#7868=CARTESIAN_POINT('Origin',(0.,3.,0.));
#7869=CARTESIAN_POINT('',(1.99999999999988,0.,-12.8452325786651));
#7870=CARTESIAN_POINT('Origin',(0.,0.,0.));
#7871=CARTESIAN_POINT('Ctrl Pts',(1.99999999999988,3.,-9.79795897113274));
#7872=CARTESIAN_POINT('Ctrl Pts',(1.99999999999988,2.63183297781999,-9.79795897113274));
#7873=CARTESIAN_POINT('Ctrl Pts',(1.99999999999988,2.19879302411598,-9.88550333391019));
#7874=CARTESIAN_POINT('Ctrl Pts',(1.99999999999988,1.51621085967168,-10.1716605275439));
#7875=CARTESIAN_POINT('Ctrl Pts',(1.99999999999988,1.14676482623871,-10.4221631477137));
#7876=CARTESIAN_POINT('Ctrl Pts',(1.99999999999988,0.621260700589137,-10.9535185216499));
#7877=CARTESIAN_POINT('Ctrl Pts',(1.99999999999988,0.37307824284859,-11.3293999047367));
#7878=CARTESIAN_POINT('Ctrl Pts',(1.99999999999988,0.0875172336622614,-12.0251014252173));
#7879=CARTESIAN_POINT('Ctrl Pts',(1.99999999999988,2.78795349838028E-16,
-12.4685577885722));
#7880=CARTESIAN_POINT('Ctrl Pts',(1.99999999999988,9.24446373305873E-32,
-12.8452325786651));
#7881=CARTESIAN_POINT('Origin',(1.99999999999988,10.,-3.32616681098142E-16));
#7882=CARTESIAN_POINT('Ctrl Pts',(1.99999999999988,9.00000000000006,-4.58257569495598));
#7883=CARTESIAN_POINT('Ctrl Pts',(1.99999999999988,9.44754207214834,-5.07088412883623));
#7884=CARTESIAN_POINT('Ctrl Pts',(1.99999999999988,10.,-5.65685424949252));
#7885=CARTESIAN_POINT('',(1.99999999999988,0.,-3.32616681098142E-16));
#7886=CARTESIAN_POINT('Origin',(0.,10.,0.));
#7887=CARTESIAN_POINT('',(-2.00000000000012,8.99999999999992,-4.5825756949555));
#7888=CARTESIAN_POINT('',(-2.00000000000012,0.,-4.5825756949555));
#7889=CARTESIAN_POINT('',(-2.00000000000012,10.,-4.5825756949555));
#7890=CARTESIAN_POINT('',(-4.58257569495562,8.99999999999992,-1.99999999999954));
#7891=CARTESIAN_POINT('Origin',(0.,8.99999999999992,0.));
#7892=CARTESIAN_POINT('',(-4.58257569495597,0.,-1.9999999999997));
#7893=CARTESIAN_POINT('',(-4.58257569495562,10.,-1.99999999999954));
#7894=CARTESIAN_POINT('Origin',(0.,0.,0.));
#7895=CARTESIAN_POINT('Origin',(-2.00000000000012,10.,3.32616681098181E-16));
#7896=CARTESIAN_POINT('Ctrl Pts',(-2.00000000000012,10.,-5.65685424949244));
#7897=CARTESIAN_POINT('Ctrl Pts',(-2.00000000000012,9.44754207214834,-5.07088412883617));
#7898=CARTESIAN_POINT('Ctrl Pts',(-2.00000000000012,9.00000000000006,-4.58257569495593));
#7899=CARTESIAN_POINT('',(-2.00000000000012,0.,-12.8452325786651));
#7900=CARTESIAN_POINT('',(-2.00000000000012,0.,3.32616681098181E-16));
#7901=CARTESIAN_POINT('Ctrl Pts',(-2.00000000000012,0.,-12.8452325786651));
#7902=CARTESIAN_POINT('Ctrl Pts',(-2.00000000000012,-2.61370640473152E-17,
-12.4685577885722));
#7903=CARTESIAN_POINT('Ctrl Pts',(-2.00000000000012,0.0875172336622621,
-12.0251014252172));
#7904=CARTESIAN_POINT('Ctrl Pts',(-2.00000000000012,0.37307824284859,-11.3293999047367));
#7905=CARTESIAN_POINT('Ctrl Pts',(-2.00000000000012,0.621260700589137,-10.9535185216498));
#7906=CARTESIAN_POINT('Ctrl Pts',(-2.00000000000012,1.14676482623871,-10.4221631477137));
#7907=CARTESIAN_POINT('Ctrl Pts',(-2.00000000000012,1.51621085967168,-10.1716605275438));
#7908=CARTESIAN_POINT('Ctrl Pts',(-2.00000000000012,2.19879302411598,-9.88550333391014));
#7909=CARTESIAN_POINT('Ctrl Pts',(-2.00000000000012,2.63183297781999,-9.79795897113269));
#7910=CARTESIAN_POINT('Ctrl Pts',(-2.00000000000012,3.,-9.79795897113269));
#7911=CARTESIAN_POINT('Origin',(0.,3.,0.));
#7912=CARTESIAN_POINT('',(-12.8452325786652,0.,-1.99999999999954));
#7913=CARTESIAN_POINT('Origin',(0.,0.,0.));
#7914=CARTESIAN_POINT('Ctrl Pts',(-9.79795897113281,3.,-1.99999999999954));
#7915=CARTESIAN_POINT('Ctrl Pts',(-9.79795897113281,2.63183297781999,-1.99999999999954));
#7916=CARTESIAN_POINT('Ctrl Pts',(-9.88550333391026,2.19879302411598,-1.99999999999954));
#7917=CARTESIAN_POINT('Ctrl Pts',(-10.1716605275439,1.51621085967168,-1.99999999999954));
#7918=CARTESIAN_POINT('Ctrl Pts',(-10.4221631477138,1.14676482623871,-1.99999999999954));
#7919=CARTESIAN_POINT('Ctrl Pts',(-10.9535185216499,0.621260700589135,-1.99999999999954));
#7920=CARTESIAN_POINT('Ctrl Pts',(-11.3293999047368,0.373078242848589,-1.99999999999954));
#7921=CARTESIAN_POINT('Ctrl Pts',(-12.0251014252173,0.0875172336622623,
-1.99999999999954));
#7922=CARTESIAN_POINT('Ctrl Pts',(-12.4685577885723,2.78795349838026E-16,
-1.99999999999954));
#7923=CARTESIAN_POINT('Ctrl Pts',(-12.8452325786652,1.23259516440783E-31,
-1.99999999999954));
#7924=CARTESIAN_POINT('Origin',(-3.32616681098085E-16,10.,-1.99999999999954));
#7925=CARTESIAN_POINT('Ctrl Pts',(-4.58257569495612,8.99999999999999,-1.99999999999954));
#7926=CARTESIAN_POINT('Ctrl Pts',(-5.07088412883635,9.44754207214831,-1.99999999999954));
#7927=CARTESIAN_POINT('Ctrl Pts',(-5.65685424949264,10.,-1.99999999999954));
#7928=CARTESIAN_POINT('',(-3.32616681098085E-16,0.,-1.99999999999954));
#7929=CARTESIAN_POINT('Origin',(0.,0.,0.));
#7930=CARTESIAN_POINT('Origin',(65.,287.,75.8426838126232));
#7931=CARTESIAN_POINT('',(65.,289.262063057478,63.7749950999606));
#7932=CARTESIAN_POINT('',(65.,287.,73.8426838126232));
#7933=CARTESIAN_POINT('Origin',(0.,287.,0.));
#7934=CARTESIAN_POINT('',(65.5513513513514,287.,-62.3960762869885));
#7935=CARTESIAN_POINT('',(65.5513513513514,287.,62.3960762869885));
#7936=CARTESIAN_POINT('Origin',(65.,287.,-62.9702310619868));
#7937=CARTESIAN_POINT('',(65.,289.146508743702,-106.829355962624));
#7938=CARTESIAN_POINT('',(65.,287.,-63.7749950999606));
#7939=CARTESIAN_POINT('Origin',(47.,240.,-64.9634512629986));
#7940=CARTESIAN_POINT('',(53.,57.,-64.9634512629986));
#7941=CARTESIAN_POINT('',(53.,245.,-64.9634512629986));
#7942=CARTESIAN_POINT('',(50.,57.,-64.9634512629987));
#7943=CARTESIAN_POINT('',(53.,243.,-64.9634512629986));
#7944=CARTESIAN_POINT('',(53.,243.,-64.9634512629986));
#7945=CARTESIAN_POINT('',(53.,245.,-64.9634512629986));
#7946=CARTESIAN_POINT('Origin',(53.,0.,0.));
#7947=CARTESIAN_POINT('',(53.,245.,-66.9634512629986));
#7948=CARTESIAN_POINT('',(53.,245.,-106.829355962624));
#7949=CARTESIAN_POINT('',(53.,245.,-108.829355962624));
#7950=CARTESIAN_POINT('Origin',(53.,243.,-106.829355962624));
#7951=CARTESIAN_POINT('Origin',(53.,243.,-66.9634512629986));
#7952=CARTESIAN_POINT('Origin',(53.,245.,-108.829355962624));
#7953=CARTESIAN_POINT('',(53.,245.,-106.829355962624));
#7954=CARTESIAN_POINT('',(50.,245.,-66.9634512629986));
#7955=CARTESIAN_POINT('Origin',(53.,0.,0.));
#7956=CARTESIAN_POINT('',(53.,55.,-106.829355962624));
#7957=CARTESIAN_POINT('Origin',(53.,57.,-106.829355962624));
#7958=CARTESIAN_POINT('',(53.,55.,-66.9634512629987));
#7959=CARTESIAN_POINT('',(53.,55.,-108.829355962624));
#7960=CARTESIAN_POINT('Origin',(53.,57.,-66.9634512629987));
#7961=CARTESIAN_POINT('Origin',(53.,55.,-108.829355962624));
#7962=CARTESIAN_POINT('',(53.,55.,-106.829355962624));
#7963=CARTESIAN_POINT('',(53.,55.,-66.9634512629987));
#7964=CARTESIAN_POINT('Origin',(96.,189.373937731088,94.4460026717386));
#7965=CARTESIAN_POINT('Origin',(78.8068760202079,268.621115539098,59.5969233730999));
#7966=CARTESIAN_POINT('Origin',(0.,9.00000000000009,0.));
#7967=CARTESIAN_POINT('Origin',(0.,8.99999999999992,0.));
#7968=CARTESIAN_POINT('Origin',(0.,8.99999999999992,0.));
#7969=CARTESIAN_POINT('Origin',(0.,8.99999999999998,0.));
#7970=CARTESIAN_POINT('Origin',(60.,35.5,120.829355962624));
#7971=CARTESIAN_POINT('Origin',(67.,287.,-106.829355962624));
#7972=CARTESIAN_POINT('Origin',(67.,287.,-63.7749950999606));
#7973=CARTESIAN_POINT('Origin',(67.,287.,63.7749950999606));
#7974=CARTESIAN_POINT('Origin',(67.,287.,73.8426838126232));
#7975=CARTESIAN_POINT('Origin',(53.,57.,-106.829355962624));
#7976=CARTESIAN_POINT('Origin',(47.,57.,-66.9634512629987));
#7977=CARTESIAN_POINT('Origin',(0.,243.,-106.829355962624));
#7978=CARTESIAN_POINT('Origin',(53.,243.,-66.9634512629986));
#7979=CARTESIAN_POINT('Origin',(96.,0.,0.));
#7980=CARTESIAN_POINT('Origin',(96.,0.,0.));
#7981=CARTESIAN_POINT('Origin',(86.,0.,-116.329355962624));
#7982=CARTESIAN_POINT('Origin',(86.,0.,116.329355962624));
#7983=CARTESIAN_POINT('Origin',(86.,275.,-116.329355962624));
#7984=CARTESIAN_POINT('Origin',(96.323549603379,197.844034653475,117.95615440592));
#7985=CARTESIAN_POINT('',(217.023549603379,197.844034653475,117.95615440592));
#7986=CARTESIAN_POINT('',(96.323549603379,197.844034653475,117.95615440592));
#7987=CARTESIAN_POINT('',(126.498549603379,197.844034653475,117.95615440592));
#7988=CARTESIAN_POINT('',(217.023549603379,199.581496981569,122.729792919513));
#7989=CARTESIAN_POINT('',(217.023549603379,197.844034653475,117.95615440592));
#7990=CARTESIAN_POINT('',(96.323549603379,199.581496981569,122.729792919513));
#7991=CARTESIAN_POINT('',(96.323549603379,199.581496981569,122.729792919513));
#7992=CARTESIAN_POINT('',(96.323549603379,197.844034653475,117.95615440592));
#7993=CARTESIAN_POINT('Origin',(96.323549603379,269.072735309046,92.0310275418346));
#7994=CARTESIAN_POINT('',(96.323549603379,269.072735309046,92.0310275418346));
#7995=CARTESIAN_POINT('',(96.323549603379,251.265560145153,98.5123092578561));
#7996=CARTESIAN_POINT('',(96.323549603379,270.810197637141,96.804666055427));
#7997=CARTESIAN_POINT('',(96.323549603379,270.810197637141,96.804666055427));
#7998=CARTESIAN_POINT('',(96.323549603379,269.072735309046,92.0310275418346));
#7999=CARTESIAN_POINT('Origin',(217.023549603379,269.072735309046,92.0310275418346));
#8000=CARTESIAN_POINT('',(217.023549603379,269.072735309046,92.0310275418346));
#8001=CARTESIAN_POINT('',(186.848549603379,269.072735309046,92.0310275418346));
#8002=CARTESIAN_POINT('',(217.023549603379,270.810197637141,96.804666055427));
#8003=CARTESIAN_POINT('',(217.023549603379,270.810197637141,96.804666055427));
#8004=CARTESIAN_POINT('',(217.023549603379,269.072735309046,92.0310275418346));
#8005=CARTESIAN_POINT('Origin',(217.023549603379,197.844034653475,117.95615440592));
#8006=CARTESIAN_POINT('',(217.023549603379,215.651209817368,111.474872689899));
#8007=CARTESIAN_POINT('',(217.023549603379,199.581496981569,122.729792919513));
#8008=CARTESIAN_POINT('Origin',(156.673549603379,235.195847309355,109.76722948747));
#8009=CARTESIAN_POINT('Origin',(222.145692343404,210.473545118529,113.359388523287));
#8010=CARTESIAN_POINT('',(222.145692343404,211.648160894512,112.93186334413));
#8011=CARTESIAN_POINT('Origin',(222.145692343404,210.473545118529,113.359388523287));
#8012=CARTESIAN_POINT('',(222.145692343404,211.100928665191,111.428355150872));
#8013=CARTESIAN_POINT('',(222.145692343404,211.648160894512,112.93186334413));
#8014=CARTESIAN_POINT('Origin',(222.145692343404,209.926312889208,111.855880330029));
#8015=CARTESIAN_POINT('Origin',(222.145692343404,197.035940641291,118.250276572844));
#8016=CARTESIAN_POINT('',(222.145692343404,198.539448834548,117.703044343523));
#8017=CARTESIAN_POINT('Origin',(222.145692343404,197.035940641291,118.250276572844));
#8018=CARTESIAN_POINT('',(222.145692343404,197.992216605227,116.199536150265));
#8019=CARTESIAN_POINT('',(222.145692343404,198.539448834548,117.703044343523));
#8020=CARTESIAN_POINT('Origin',(222.145692343404,196.48870841197,116.746768379586));
#8021=CARTESIAN_POINT('Origin',(222.145692343404,256.518483537039,96.6004015003291));
#8022=CARTESIAN_POINT('',(222.145692343404,257.693099313021,96.172876321172));
#8023=CARTESIAN_POINT('Origin',(222.145692343404,256.518483537039,96.6004015003291));
#8024=CARTESIAN_POINT('',(222.145692343404,257.1458670837,94.6693681279145));
#8025=CARTESIAN_POINT('',(222.145692343404,257.693099313021,96.172876321172));
#8026=CARTESIAN_POINT('Origin',(222.145692343404,255.971251307718,95.0968933070716));
#8027=CARTESIAN_POINT('Origin',(222.145692343404,269.956088014277,91.709513450772));
#8028=CARTESIAN_POINT('',(222.145692343404,271.459596207535,91.162281221451));
#8029=CARTESIAN_POINT('Origin',(222.145692343404,269.956088014277,91.709513450772));
#8030=CARTESIAN_POINT('',(222.145692343404,270.912363978214,89.6587730281935));
#8031=CARTESIAN_POINT('',(222.145692343404,271.459596207535,91.1622812214509));
#8032=CARTESIAN_POINT('Origin',(222.145692343404,269.408855784956,90.2060052575145));
#8033=CARTESIAN_POINT('Origin',(91.6456923434037,269.956088014277,91.709513450772));
#8034=CARTESIAN_POINT('',(91.6456923434037,271.459596207535,91.162281221451));
#8035=CARTESIAN_POINT('Origin',(91.6456923434037,269.956088014277,91.709513450772));
#8036=CARTESIAN_POINT('',(91.6456923434037,270.912363978214,89.6587730281935));
#8037=CARTESIAN_POINT('',(91.6456923434037,271.459596207535,91.162281221451));
#8038=CARTESIAN_POINT('Origin',(91.6456923434037,269.408855784956,90.2060052575146));
#8039=CARTESIAN_POINT('Origin',(91.6456923434037,256.518483537039,96.6004015003291));
#8040=CARTESIAN_POINT('',(91.6456923434037,257.693099313021,96.172876321172));
#8041=CARTESIAN_POINT('Origin',(91.6456923434037,256.518483537039,96.6004015003291));
#8042=CARTESIAN_POINT('',(91.6456923434037,257.1458670837,94.6693681279146));
#8043=CARTESIAN_POINT('',(91.6456923434037,257.693099313021,96.1728763211721));
#8044=CARTESIAN_POINT('Origin',(91.6456923434037,255.971251307718,95.0968933070716));
#8045=CARTESIAN_POINT('Origin',(91.6456923434037,210.473545118529,113.359388523287));
#8046=CARTESIAN_POINT('',(91.6456923434037,211.648160894512,112.93186334413));
#8047=CARTESIAN_POINT('Origin',(91.6456923434037,210.473545118529,113.359388523287));
#8048=CARTESIAN_POINT('',(91.6456923434037,211.100928665191,111.428355150872));
#8049=CARTESIAN_POINT('',(91.6456923434037,211.648160894512,112.93186334413));
#8050=CARTESIAN_POINT('Origin',(91.6456923434037,209.926312889208,111.855880330029));
#8051=CARTESIAN_POINT('Origin',(91.6456923434037,197.035940641291,118.250276572844));
#8052=CARTESIAN_POINT('',(91.6456923434037,198.539448834548,117.703044343523));
#8053=CARTESIAN_POINT('Origin',(91.6456923434037,197.035940641291,118.250276572844));
#8054=CARTESIAN_POINT('',(91.6456923434037,197.992216605227,116.199536150265));
#8055=CARTESIAN_POINT('',(91.6456923434037,198.539448834548,117.703044343523));
#8056=CARTESIAN_POINT('Origin',(91.6456923434037,196.48870841197,116.746768379586));
#8057=CARTESIAN_POINT('Origin',(225.123549603379,270.106397191911,91.6548053841764));
#8058=CARTESIAN_POINT('',(225.123549603379,270.106397191911,91.6548053841764));
#8059=CARTESIAN_POINT('',(225.123549603379,196.81037277061,118.332376563579));
#8060=CARTESIAN_POINT('',(225.123549603379,270.106397191911,91.6548053841764));
#8061=CARTESIAN_POINT('',(225.123549603379,196.263140541289,116.828868370321));
#8062=CARTESIAN_POINT('',(225.123549603379,196.81037277061,118.332376563579));
#8063=CARTESIAN_POINT('',(225.123549603379,269.55916496259,90.1512971909189));
#8064=CARTESIAN_POINT('',(225.123549603379,269.55916496259,90.1512971909189));
#8065=CARTESIAN_POINT('',(225.123549603379,270.106397191911,91.6548053841764));
#8066=CARTESIAN_POINT('Origin',(222.123549603379,270.106397191911,91.6548053841764));
#8067=CARTESIAN_POINT('',(222.123549603379,272.925475054269,90.6287449541994));
#8068=CARTESIAN_POINT('Origin',(222.123549603379,270.106397191911,91.6548053841764));
#8069=CARTESIAN_POINT('',(222.123549603379,272.378242824948,89.1252367609419));
#8070=CARTESIAN_POINT('Origin',(222.123549603379,269.55916496259,90.1512971909189));
#8071=CARTESIAN_POINT('',(222.123549603379,272.925475054269,90.6287449541994));
#8072=CARTESIAN_POINT('Origin',(91.2235496033789,272.925475054269,90.6287449541993));
#8073=CARTESIAN_POINT('',(91.2235496033789,272.925475054269,90.6287449541993));
#8074=CARTESIAN_POINT('',(91.2235496033789,272.925475054269,90.6287449541993));
#8075=CARTESIAN_POINT('',(91.2235496033789,272.378242824948,89.1252367609419));
#8076=CARTESIAN_POINT('',(91.2235496033789,272.378242824948,89.1252367609419));
#8077=CARTESIAN_POINT('',(91.2235496033789,272.925475054269,90.6287449541993));
#8078=CARTESIAN_POINT('Origin',(91.2235496033789,270.106397191911,91.6548053841764));
#8079=CARTESIAN_POINT('',(88.223549603379,270.106397191911,91.6548053841764));
#8080=CARTESIAN_POINT('Origin',(91.2235496033789,270.106397191911,91.6548053841764));
#8081=CARTESIAN_POINT('',(88.223549603379,269.55916496259,90.1512971909189));
#8082=CARTESIAN_POINT('Origin',(91.2235496033789,269.55916496259,90.1512971909189));
#8083=CARTESIAN_POINT('',(88.223549603379,270.106397191911,91.6548053841764));
#8084=CARTESIAN_POINT('Origin',(88.223549603379,196.81037277061,118.332376563579));
#8085=CARTESIAN_POINT('',(88.223549603379,196.81037277061,118.332376563579));
#8086=CARTESIAN_POINT('',(88.223549603379,196.81037277061,118.332376563579));
#8087=CARTESIAN_POINT('',(88.223549603379,196.263140541289,116.828868370321));
#8088=CARTESIAN_POINT('',(88.223549603379,196.263140541289,116.828868370321));
#8089=CARTESIAN_POINT('',(88.223549603379,196.81037277061,118.332376563579));
#8090=CARTESIAN_POINT('Origin',(91.223549603379,196.81037277061,118.332376563579));
#8091=CARTESIAN_POINT('',(91.223549603379,193.991294908252,119.358436993556));
#8092=CARTESIAN_POINT('Origin',(91.223549603379,196.81037277061,118.332376563579));
#8093=CARTESIAN_POINT('',(91.223549603379,193.444062678931,117.854928800298));
#8094=CARTESIAN_POINT('Origin',(91.223549603379,196.263140541289,116.828868370321));
#8095=CARTESIAN_POINT('',(91.223549603379,193.991294908252,119.358436993556));
#8096=CARTESIAN_POINT('Origin',(222.123549603379,193.991294908252,119.358436993556));
#8097=CARTESIAN_POINT('',(222.123549603379,193.991294908252,119.358436993556));
#8098=CARTESIAN_POINT('',(222.123549603379,193.991294908252,119.358436993556));
#8099=CARTESIAN_POINT('',(222.123549603379,193.444062678931,117.854928800298));
#8100=CARTESIAN_POINT('',(222.123549603379,193.444062678931,117.854928800298));
#8101=CARTESIAN_POINT('',(222.123549603379,193.991294908252,119.358436993556));
#8102=CARTESIAN_POINT('Origin',(222.123549603379,196.81037277061,118.332376563579));
#8103=CARTESIAN_POINT('Origin',(222.123549603379,196.81037277061,118.332376563579));
#8104=CARTESIAN_POINT('Origin',(222.123549603379,196.263140541289,116.828868370321));
#8105=CARTESIAN_POINT('Origin',(156.673549603379,232.911152751939,103.49008278062));
#8106=CARTESIAN_POINT('Origin',(156.673549603379,233.458384981261,104.993590973877));
#8107=UNCERTAINTY_MEASURE_WITH_UNIT(LENGTH_MEASURE(0.01),#8111,
'DISTANCE_ACCURACY_VALUE',
'Maximum model space distance between geometric entities at asserted c
onnectivities');
#8108=UNCERTAINTY_MEASURE_WITH_UNIT(LENGTH_MEASURE(0.01),#8111,
'DISTANCE_ACCURACY_VALUE',
'Maximum model space distance between geometric entities at asserted c
onnectivities');
#8109=(
GEOMETRIC_REPRESENTATION_CONTEXT(3)
GLOBAL_UNCERTAINTY_ASSIGNED_CONTEXT((#8107))
GLOBAL_UNIT_ASSIGNED_CONTEXT((#8111,#8113,#8114))
REPRESENTATION_CONTEXT('','3D')
);
#8110=(
GEOMETRIC_REPRESENTATION_CONTEXT(3)
GLOBAL_UNCERTAINTY_ASSIGNED_CONTEXT((#8108))
GLOBAL_UNIT_ASSIGNED_CONTEXT((#8111,#8113,#8114))
REPRESENTATION_CONTEXT('','3D')
);
#8111=(
LENGTH_UNIT()
NAMED_UNIT(*)
SI_UNIT(.MILLI.,.METRE.)
);
#8112=(
LENGTH_UNIT()
NAMED_UNIT(*)
SI_UNIT($,.METRE.)
);
#8113=(
NAMED_UNIT(*)
PLANE_ANGLE_UNIT()
SI_UNIT($,.RADIAN.)
);
#8114=(
NAMED_UNIT(*)
SI_UNIT($,.STERADIAN.)
SOLID_ANGLE_UNIT()
);
#8115=SHAPE_DEFINITION_REPRESENTATION(#8116,#8117);
#8116=PRODUCT_DEFINITION_SHAPE('',$,#8119);
#8117=SHAPE_REPRESENTATION('',(#3941),#8109);
#8118=PRODUCT_DEFINITION_CONTEXT('part definition',#8123,'design');
#8119=PRODUCT_DEFINITION('\X2\65744F53591658F3\X0\B','\X2\65744F53591658F3\X0\B',
#8120,#8118);
#8120=PRODUCT_DEFINITION_FORMATION('',$,#8125);
#8121=PRODUCT_RELATED_PRODUCT_CATEGORY('\X2\65744F53591658F3\X0\B',
'\X2\65744F53591658F3\X0\B',(#8125));
#8122=APPLICATION_PROTOCOL_DEFINITION('international standard',
'automotive_design',2009,#8123);
#8123=APPLICATION_CONTEXT(
'Core Data for Automotive Mechanical Design Process');
#8124=PRODUCT_CONTEXT('part definition',#8123,'mechanical');
#8125=PRODUCT('\X2\65744F53591658F3\X0\B','\X2\65744F53591658F3\X0\B',
'STEP AP214',(#8124));
#8126=PRESENTATION_STYLE_ASSIGNMENT((#8129));
#8127=PRESENTATION_STYLE_ASSIGNMENT((#8130));
#8128=PRESENTATION_STYLE_ASSIGNMENT((#8131));
#8129=SURFACE_STYLE_USAGE(.BOTH.,#8132);
#8130=SURFACE_STYLE_USAGE(.BOTH.,#8133);
#8131=SURFACE_STYLE_USAGE(.BOTH.,#8134);
#8132=SURFACE_SIDE_STYLE('',(#8135));
#8133=SURFACE_SIDE_STYLE('',(#8136));
#8134=SURFACE_SIDE_STYLE('',(#8137));
#8135=SURFACE_STYLE_FILL_AREA(#8138);
#8136=SURFACE_STYLE_FILL_AREA(#8139);
#8137=SURFACE_STYLE_FILL_AREA(#8140);
#8138=FILL_AREA_STYLE('\X2\94A2\X0\ - \X2\7F0E5149\X0\',(#8141));
#8139=FILL_AREA_STYLE('Opaque(202,209,238)',(#8142));
#8140=FILL_AREA_STYLE('Opaque(160,160,160)',(#8143));
#8141=FILL_AREA_STYLE_COLOUR('\X2\94A2\X0\ - \X2\7F0E5149\X0\',#8144);
#8142=FILL_AREA_STYLE_COLOUR('Opaque(202,209,238)',#8145);
#8143=FILL_AREA_STYLE_COLOUR('Opaque(160,160,160)',#8146);
#8144=COLOUR_RGB('\X2\94A2\X0\ - \X2\7F0E5149\X0\',0.627450980392157,0.627450980392157,
0.627450980392157);
#8145=COLOUR_RGB('Opaque(202,209,238)',0.792156862745098,0.819607843137255,
0.933333333333333);
#8146=COLOUR_RGB('Opaque(160,160,160)',0.627450980392157,0.627450980392157,
0.627450980392157);
ENDSEC;
END-ISO-10303-21;
